Time,RPM,MAP,TPS,O2 Val,Coolant Temp.,Intake Air Temp.,Battery Voltage,Oil Temp.,Oil Press.,Fuel Press.,Ethanol Content,Sync status,Injector duty,Inj. Pri. Start Angle,Sec. Inj. Start Angle,Sec. Inj. Dead Time,Sec. Inj. Perc,Sec. Inj. PW,Inj. Base VE Out.,Inj. VE Total,Inj. Sec. Load Trim,Inj. Overrun Trim,Inj. Dead Time,Inj. INT IAT Trim,Inj. Angle Final,Inj. Pri. PW Final,Inj. AE VE Added,AE VE Trim,AE Captured Delta,AE CLT Trim,Ign. Adv. ALS Add,Inj. LC Trim,Flex Fuel - Base Comp.,Ign. Adv. Final,Ign. Dwell Final,Ign. Adv. Knock Add,Inj. Knock Trim,Knock Acc. Lvl.,Knock Reading Raw,Knock Status,Ign. Adv. CLT Add,Ign. Adv. IAT Add,Inj. CLT Trim,Inj. IAT Trim,Ign. Adv. Limiter Add,Inj. Limiter Trim,Inj. AC Trim,Alt. Ctrl. Status,Alt. Ctrl. Duty,VSS Speed,Inj. Idle Trim,Idle Target RPM,Idle Status,Idle PWM Duty,Inj. Target AFR,Inj. Lambda Trim,Lambda Ext. AFR,Lambda AFR Err. 1,Lambda AFR Err. 2,Lambda WB LTT Table Trim,Lambda WB LTT RT Trim,Lambda Status,Lambda LTT Status,Lambda Curr AFR 1,Lambda Curr AFR 2,Inj. Cranking Trim,Inj. ASE Trim,Boost Target MAP,Boost Status,Boost Final Duty,VVT A Duty,VVT A Cam Curr. Adv.,VVT A Cam Target Adv.,VVT B Duty,VVT B Cam Curr. Adv.,VVT B Cam Target Adv.,GS Inj Trim,Boost Target MAP Err.
0.1001,1211.534,30.1825,0,0,93.35242,20.66505,14.15667,96.15385,281.4781,229.3526,0,2,1.71634,287.65,300,0.7,0,0,44.48298,44.48298,1,1,1.009033,1.004543,300,0.7210285,0,0,93.86101,1,0,1,1,18.62632,1.960833,0,1,270,240,0,0,0,1,1.01133,0,1,1,2,40,0,1,1000,5,27.1,14.69885,1.119851,12.93492,-0.01907349,-0.01907349,1,0,16,0,14.71907,14.71907,1,1,150,0,0,0,127,30,0,0,30,1,-119.8175,
0.2019,1215.658,30.30907,0,0,93.2479,20.74345,14.17681,96.15385,282.0206,227.5979,0,2,1.752573,287.14,300,0.7,0,0,44.56197,44.56197,1,1,1.007623,1.004276,300,0.7252941,0,0,93.86101,1,0,1,1,18.65412,1.955797,0,1,270,228,0,0,0,1,1.011487,0,1,1,2,50,0,1,1000,5,27.1,14.6981,1.119851,12.93645,-0.02041721,-0.02041721,1,0,16,0,14.71907,14.71907,1,1,150,0,0,0,127,30,0,0,30,1,-119.6909,
0.304,1214.28,30.37538,0.01921546,0,93.21655,20.71078,14.23404,96.10304,278.6298,228.3036,0,2,1.760706,287.27,300,0.7,0,0,44.60101,44.60101,1,1,1.003617,1.004387,300,0.7278252,0,0,93.86101,1,0,1,1,18.64153,1.94149,0,1,270,228,0,0,0,1,1.011422,0,1,1,2,40,0,1,1000,5,27.1,14.69768,1.120241,12.93736,-0.04426289,-0.04426289,1,0,16,0,14.74116,14.74116,1,1,150,0,0,0,127,30,0,0,30,1,-119.6246,
0.4061001,1219.909,30.10414,0.01449996,0,93.22701,20.76958,14.31416,96.1132,278.4263,227.9984,0,2,1.748536,287.41,300,0.7,0,0,44.44122,44.44122,1,1,0.9980087,1.004186,300,0.7185986,0,0,93.86101,1,0,1,1,18.69317,1.921459,0,1,270,236,0,0,0,1,1.011539,0,1,1,2,30,0,1,1000,5,27.1,14.69938,1.120241,12.93828,-0.01822758,-0.01822758,1,0,16,0,14.7176,14.7176,1,1,150,0,0,0,127,30,0,0,30,1,-119.8959,
0.5118001,1221.349,29.24223,0.0003534328,0,93.30016,20.79408,14.22672,96.1132,266.6768,229.3717,0,2,1.740423,287.53,300,0.7,0,0,43.92222,43.92222,1,1,1.00413,1.004103,300,0.689819,0,0,93.86101,1,0,1,1,18.73151,1.943321,0,1,270,232,0,0,0,1,1.011588,0,1,1,2,30,0,1,1000,5,27.1,14.7,1.120241,12.93645,-0.04621315,-0.04621315,1,0,16,0,14.74621,14.74621,1,1,150,0,0,0,127,30,0,0,30,1,-120.7578,
0.6137002,1222.195,29.1699,0,0,93.33152,20.79571,14.08341,96.17417,277.5446,230.4208,0,2,1.721258,287.7,300,0.7,0,0,43.87907,43.87907,1,1,1.014161,1.004097,300,0.6874352,0,0,93.86101,1,0,1,1,18.74043,1.979147,0,1,270,236,0,0,0,1,1.011591,0,1,1,2,40,0,1,1000,5,27.1,14.7,1.120241,12.93492,-0.03084946,-0.03084946,1,0,16,0,14.73085,14.73085,1,1,150,0,0,0,127,30,0,0,30,1,-120.8301,
0.7141002,1217.681,29.68825,0.0003534328,0,93.34196,20.78264,14.15117,96.12337,283.4279,231.3363,0,2,1.7149,287.4,300,0.7,0,0,44.18903,44.18903,1,1,1.009418,1.004142,300,0.7046066,0,0,93.86101,1,0,1,1,18.68895,1.962207,0,1,270,240,0,0,0,1,1.011565,0,1,1,2,50,0,1,1000,5,27.1,14.7,1.120241,12.93751,-0.01907349,-0.01907349,1,0,16,0,14.71907,14.71907,1,1,150,0,0,0,127,30,0,0,30,1,-120.3117,
0.8159001,1220.107,30.22469,0,0,93.38377,20.77611,14.11271,96.10304,284.7673,228.8949,0,2,1.748821,287.24,300,0.7,0,0,44.51405,44.51405,1,1,1.01211,1.004164,300,0.7223181,0,0,93.86101,1,0,1,1,18.69091,1.971821,0,1,270,240,0,0,0,1,1.011552,0,1,1,2,10,0,1,1000,5,27.1,14.69865,1.119669,12.93812,0.009853363,0.009853363,1,0,16,0,14.68963,14.68963,1,1,150,0,0,0,127,30,0,0,30,1,-119.7753,
0.9171001,1219.562,30.43565,0.002711187,0,93.47784,20.74345,14.20245,96.23514,282.4276,229.0856,0,2,1.748039,287.25,300,0.7,0,0,44.64091,44.64091,1,1,1.005828,1.004276,300,0.7295299,0,0,93.86101,1,0,1,1,18.6801,1.949387,0,1,270,244,0,0,0,1,1.011487,0,1,1,2,30,0,1,1000,5,27.1,14.69738,1.119669,12.94362,0.02664566,0.02664566,1,0,16,0,14.67197,14.67197,1,1,150,0,0,0,127,30,0,0,30,1,-119.5643,
1.0181,1221.15,30.17647,0,0,93.41513,20.84797,14.22809,96.20466,280.2743,226.9684,0,2,1.750315,287.63,300,0.7,0,0,44.48565,44.48565,1,1,1.004034,1.003919,300,0.7206177,0,0,93.86101,1,0,1,1,18.70044,1.942978,0,1,270,236,0,0,0,1,1.011696,0,1,1,2,30,0,1,1000,5,27.1,14.69895,1.119669,12.93736,0.1016626,0.1016626,1,0,16,0,14.59542,14.59542,1,1,150,0,0,0,127,30,0,0,30,1,-119.8235,
1.1183,1222.893,29.9836,0,0,93.32107,20.78918,14.26517,96.13352,281.7663,225.8621,0,2,1.763003,287.43,300,0.7,0,0,44.37042,44.37042,1,1,1.001438,1.004119,300,0.7141655,0,0,93.86101,1,0,1,1,18.71998,1.933707,0,1,270,220,0,0,0,1,1.011578,0,1,1,2,50,0,1,1000,5,27.1,14.7,1.119669,12.93675,0.1671085,0.1671085,1,0,16,0,14.53078,14.53078,1,1,150,0,0,0,127,30,0,0,30,1,-120.0164,
1.2222,1227.245,29.6762,0,0,93.25835,20.84144,14.26655,96.21481,278.901,226.0147,0,2,1.738597,287.33,300,0.7,0,0,44.18761,44.18761,1,1,1.001342,1.003941,300,0.7038791,0,0,93.86101,1,0,1,1,18.76354,1.933363,0,1,270,232,0,0,0,1,1.011683,0,1,1,2,50,0,1,1000,5,27.1,14.7,1.119669,12.93828,0.2116899,0.2116899,1,0,16,0,14.48823,14.48823,1,1,150,0,0,0,127,30,0,0,30,1,-120.3238,
1.323,1231.072,29.65209,0.04986627,0,93.16429,20.83981,14.1791,96.02175,278.9688,228.0556,0,2,1.754278,287.32,300,0.7,0,0,44.17538,44.17538,1,1,1.007463,1.003946,300,0.7004708,0,0,93.86101,1,0,1,1,18.79404,1.955225,0,1,270,232,0,0,0,1,1.01168,0,1,1,2,50,0,1,1000,5,27.1,14.7,1.115459,12.9398,0.1925516,0.1925516,1,0,16,0,14.50745,14.50745,1,1,150,0,0,0,127,30,0,0,30,1,-120.3479,
1.4242,1224.59,29.08551,0.002711187,0,93.22701,20.82837,14.40756,96.18433,275.3914,231.1837,0,2,1.704221,287.85,300,0.7,0,0,43.82949,43.82949,1,1,0.9914708,1.003985,300,0.6817181,0,0,93.86101,1,0,1,1,18.76189,1.89874,0,1,270,232,0,0,0,1,1.011657,0,1,1,2,60,0,1,1000,5,27.1,14.7,1.115459,12.93996,0.2337303,0.2337303,1,0,16,0,14.46627,14.46627,1,1,150,0,0,0,127,30,0,0,30,1,-120.9145,
1.525,1221.25,30.01976,0,0,93.17474,20.83817,14.44968,96.13352,282.258,230.4398,0,2,1.699573,287.71,300,0.7,0,0,44.39119,44.39119,1,1,0.9885224,1.003952,300,0.712628,0,0,93.86101,1,0,1,1,18.70616,1.89172,0,1,270,232,0,0,0,1,1.011676,0,1,1,2,60,0,1,1000,5,27.1,14.69988,1.115459,12.93736,0.2412796,0.2412796,1,0,16,0,14.45872,14.45872,1,1,150,0,0,0,127,30,0,0,30,1,-119.9802,
1.6264,1227.647,30.17045,0.02157322,0,93.1852,20.85124,14.24457,96.09288,283.1227,228.933,0,2,1.749397,287.21,300,0.7,0,0,44.48627,44.48627,1,1,1.00288,1.003907,300,0.7177679,0,0,93.86101,1,0,1,1,18.75059,1.938857,0,1,270,252,0,0,0,1,1.011702,0,1,1,2,20,0,1,1000,5,27.1,14.69902,1.115459,12.93919,0.2337303,0.2337303,1,0,16,0,14.46627,14.46627,1,1,150,0,0,0,127,30,0,0,30,1,-119.8296,
1.7264,1228.854,30.32716,0,0,93.2479,20.83817,14.24228,96.18433,280.393,227.8458,0,2,1.751116,287.57,300,0.7,0,0,44.5817,44.5817,1,1,1.00304,1.003952,300,0.723101,0,0,93.86101,1,0,1,1,18.75475,1.939429,0,1,270,232,0,0,0,1,1.011676,0,1,1,2,30,0,1,1000,5,27.1,14.69813,1.115459,12.94011,0.1860905,0.1860905,1,0,16,0,14.51294,14.51294,1,1,150,0,0,0,127,30,0,0,30,1,-119.6728,
1.828301,1225.741,30.00168,0,0,93.15385,20.85777,14.267,96.1132,281.4781,226.873,0,2,1.74668,287.5,300,0.7,0,0,44.38316,44.38316,1,1,1.00131,1.003885,300,0.708535,0,0,93.86101,1,0,1,1,18.74137,1.933249,0,1,270,228,0,0,0,1,1.011716,0,1,1,2,30,0,1,1000,5,27.1,14.69999,1.109961,12.93706,0.2274246,0.2274246,1,0,16,0,14.47176,14.47176,1,1,150,0,0,0,127,30,0,0,30,1,-119.9983,
1.933501,1230.063,29.25428,0.04986627,0,92.99707,20.83327,14.24091,96.02175,269.9999,228.2082,0,2,1.742589,287.28,300,0.7,0,0,43.93449,43.93449,1,1,1.003136,1.003969,300,0.6839233,0,0,93.86101,1,0,1,1,18.79928,1.939773,0,1,270,248,0,0,0,1,1.011667,0,1,1,2,40,0,1,1000,5,27.1,14.7,1.109961,12.93874,0.2453966,0.2453966,1,0,16,0,14.4546,14.4546,1,1,150,0,0,0,127,30,0,0,30,1,-120.7457,
2.034301,1230.063,29.19401,0.02864648,0,93.2061,20.8741,14.10035,95.99126,271.831,230.5733,0,2,1.732338,287.37,300,0.7,0,0,43.89808,43.89808,1,1,1.012975,1.003829,300,0.681909,0,0,93.86101,1,0,1,1,18.80126,1.974912,0,1,270,240,0,0,0,1,1.011748,0,1,1,2,20,0,1,1000,5,27.1,14.7,1.109961,12.93874,0.2433386,0.2433386,1,0,16,0,14.45666,14.45666,1,1,150,0,0,0,127,30,0,0,30,1,-120.806,
2.135501,1230.921,29.81483,0.02393097,0,93.08068,20.8741,14.2377,95.9303,280.7491,230.1919,0,2,1.723289,287.42,300,0.7,0,0,44.2736,44.2736,1,1,1.003361,1.003829,300,0.7023672,0,0,93.86101,1,0,1,1,18.7875,1.940574,0,1,270,232,0,0,0,1,1.011748,0,1,1,2,50,0,1,1000,5,27.1,14.7,1.109961,12.93767,0.2090235,0.2090235,1,0,16,0,14.49098,14.49098,1,1,150,0,0,0,127,30,0,0,30,1,-120.1852,
2.236801,1227.747,30.1825,0.04279301,0,93.15385,20.76795,14.39474,95.95062,282.614,229.2,0,2,1.729077,287.7,300,0.7,0,0,44.49362,44.49362,1,1,0.9923682,1.004192,300,0.7118663,0,0,93.86101,1,0,1,1,18.75097,1.901315,0,1,270,240,0,0,0,1,1.011536,0,1,1,2,30,0,1,1000,5,27.1,14.69895,1.105527,12.93965,0.1747084,0.1747084,1,0,16,0,14.52529,14.52529,1,1,150,0,0,0,127,30,0,0,30,1,-119.8175,
2.337701,1224.34,30.39949,0.02628873,0,93.05978,20.71732,14.3517,95.95062,279.7827,228.7614,0,2,1.744684,287.61,300,0.7,0,0,44.62233,44.62233,1,1,0.9953808,1.004365,300,0.7191734,0,0,93.86101,1,0,1,1,18.71782,1.912074,0,1,270,232,0,0,0,1,1.011435,0,1,1,2,20,0,1,1000,5,27.1,14.69766,1.105527,12.93919,0.1621284,0.1621284,1,0,16,0,14.53627,14.53627,1,1,150,0,0,0,127,30,0,0,30,1,-119.6005,
2.439901,1222.693,30.09209,0.02864648,0,93.12249,20.88717,14.28578,96.07256,279.8505,227.2736,0,2,1.742338,287.57,300,0.7,0,0,44.43575,44.43575,1,1,0.9999956,1.003785,300,0.7086662,0,0,93.86101,1,0,1,1,18.71499,1.928556,0,1,270,232,0,0,0,1,1.011774,0,1,1,2,20,0,1,1000,5,27.1,14.69946,1.105527,12.93919,0.1351795,0.1351795,1,0,16,0,14.56303,14.56303,1,1,150,0,0,0,127,30,0,0,30,1,-119.9079,
2.540001,1217.039,30.00771,0.007426695,0,93.03888,20.9182,14.38879,96.06239,278.7993,227.884,0,2,1.724138,287.63,300,0.7,0,0,44.38122,44.38122,1,1,0.9927849,1.003679,300,0.7057567,0,0,93.86101,1,0,1,1,18.67406,1.902803,0,1,270,236,0,0,0,1,1.011836,0,1,1,2,50,0,1,1000,5,27.1,14.69995,1.105527,12.94026,0.2099323,0.2099323,1,0,16,0,14.48892,14.48892,1,1,150,0,0,0,127,30,0,0,30,1,-119.9923,
2.643401,1217.335,29.73044,0.04750851,0,93.07023,20.92636,14.17864,96.02175,279.1723,227.6741,0,2,1.734702,287.38,300,0.7,0,0,44.21425,44.21425,1,1,1.007495,1.003651,300,0.6965949,0,0,93.86101,1,0,1,1,18.68495,1.955339,0,1,270,240,0,0,0,1,1.011853,0,1,1,2,40,0,1,1000,5,27.1,14.7,1.105527,12.94057,0.1922483,0.1922483,1,0,16,0,14.50745,14.50745,1,1,150,0,0,0,127,30,0,0,30,1,-120.2696,
2.743501,1214.772,29.68223,0.04043525,0,93.22701,20.92636,14.2986,96.14368,267.8976,227.5216,0,2,1.710803,287.54,300,0.7,0,0,44.18362,44.18362,1,1,0.9990983,1.003651,300,0.6921518,0,0,93.86101,1,0,1,1,18.66656,1.925351,0,1,270,240,0,0,0,1,1.011853,0,1,1,2,50,0,1,1000,5,27.1,14.7,1.101023,12.93935,0.2117691,0.2117691,1,0,16,0,14.48823,14.48823,1,1,150,0,0,0,127,30,0,0,30,1,-120.3178,
2.845801,1214.772,29.33867,0,0,93.30016,20.86104,14.08525,96.17417,268.5757,229.8485,0,2,1.709281,287.65,300,0.7,0,0,43.97657,43.97657,1,1,1.014033,1.003874,300,0.6809978,0,0,93.86101,1,0,1,1,18.6771,1.978689,0,1,270,240,0,0,0,1,1.011722,0,1,1,2,40,0,1,1000,5,27.1,14.7,1.101023,12.93965,0.2062788,0.2062788,1,0,16,0,14.49372,14.49372,1,1,150,0,0,0,127,30,0,0,30,1,-120.6613,
2.947601,1213.494,29.44113,0,0,93.30016,20.97863,14.10035,96.18433,278.1889,230.8785,0,2,1.698892,287.82,300,0.7,0,0,44.03757,44.03757,1,1,1.012975,1.003472,300,0.6842095,0,0,93.86101,1,0,1,1,18.664,1.974912,0,1,270,248,0,0,0,1,1.011957,0,1,1,2,50,0,1,1000,5,27.1,14.7,1.101023,12.93919,0.1678457,0.1678457,1,0,16,0,14.53216,14.53216,1,1,150,0,0,0,127,30,0,0,30,1,-120.5589,
3.048501,1217.236,30.12826,0,0,93.19565,20.90023,14.20886,96.15385,282.7666,230.4208,0,2,1.704131,287.77,300,0.7,0,0,44.45402,44.45402,1,1,1.00538,1.00374,300,0.7069162,0,0,93.86101,1,0,1,1,18.67184,1.947785,0,1,270,224,0,0,0,1,1.0118,0,1,1,2,30,0,1,1000,5,27.1,14.69922,1.101023,12.93889,0.1428595,0.1428595,1,0,16,0,14.55714,14.55714,1,1,150,0,0,0,127,30,0,0,30,1,-119.8717,
3.148701,1208.167,30.16442,0,0,93.21655,20.98353,14.09761,96.14368,282.2241,228.9902,0,2,1.721638,287.6,300,0.7,0,0,44.46988,44.46988,1,1,1.013168,1.003456,300,0.7079464,0,0,93.86101,1,0,1,1,18.60097,1.975598,0,1,270,236,0,0,0,1,1.011967,0,1,1,2,40,0,1,1000,5,27.1,14.69895,1.101023,12.93935,0.1193371,0.1193371,1,0,16,0,14.57996,14.57996,1,1,150,0,0,0,127,30,0,0,30,1,-119.8356,
3.249601,1204.723,30.55017,0,0,93.27926,21.00149,14.15621,96.1945,281.4612,229.3526,0,2,1.726769,287.62,300,0.7,0,0,44.69976,44.69976,1,1,1.009065,1.003394,300,0.7192768,0,0,93.86101,1,0,1,1,18.5632,1.960948,0,1,270,224,0,0,0,1,1.012003,0,1,1,2,50,0,1,1000,5,27.1,14.69642,1.098678,12.93812,0.08965683,0.08965683,1,0,16,0,14.60719,14.60719,1,1,150,0,0,0,127,30,0,0,30,1,-119.4498,
3.349701,1208.995,30.54415,0,0,93.28971,20.95903,14.17635,96.15385,281.495,229.5624,0,2,1.722818,287.35,300,0.7,0,0,44.69907,44.69907,1,1,1.007655,1.003539,300,0.7191617,0,0,93.86101,1,0,1,1,18.596,1.955912,0,1,270,236,0,0,0,1,1.011918,0,1,1,2,40,0,1,1000,5,27.1,14.69654,1.098678,12.94026,0.1064949,0.1064949,1,0,16,0,14.591,14.591,1,1,150,0,0,0,127,30,0,0,30,1,-119.4559,
3.450001,1207.146,30.64058,0,0,93.2479,20.9525,14.14019,96.17417,278.7654,229.0093,0,2,1.740303,287.63,300,0.7,0,0,44.75585,44.75585,1,1,1.010187,1.003562,300,0.7223874,0,0,93.86101,1,0,1,1,18.57903,1.964954,0,1,270,228,0,0,0,1,1.011905,0,1,1,2,50,0,1,1000,5,27.1,14.69588,1.098678,12.93889,0.1204176,0.1204176,1,0,16,0,14.57481,14.57481,1,1,150,0,0,0,127,30,0,0,30,1,-119.3594,
3.550901,1201.297,30.69483,0.0003534328,0,93.2479,21.00639,14.1379,96.16401,277.6972,228.7423,0,2,1.72186,287.69,300,0.7,0,0,44.7844,44.7844,1,1,1.010347,1.003378,300,0.7240963,0,0,93.86101,1,0,1,1,18.53288,1.965526,0,1,270,240,0,0,0,1,1.012013,0,1,1,2,30,0,1,1000,5,27.1,14.6954,1.098678,12.94041,0.1224804,0.1224804,1,0,16,0,14.5726,14.5726,1,1,150,0,0,0,127,30,0,0,30,1,-119.3052,
3.651101,1201.779,30.60442,0.007426695,0,93.2479,20.93943,14.27845,96.14368,277.4599,228.8949,0,2,1.722549,287.65,300,0.7,0,0,44.73036,44.73036,1,1,1.000509,1.003606,300,0.7211311,0,0,93.86101,1,0,1,1,18.53916,1.930387,0,1,270,232,0,0,0,1,1.011879,0,1,1,2,40,0,1,1000,5,27.1,14.69601,1.098678,12.94148,0.09384537,0.09384537,1,0,16,0,14.60057,14.60057,1,1,150,0,0,0,127,30,0,0,30,1,-119.3956,
3.751201,1200.24,30.7551,0,0,93.22701,21.03089,14.29264,96.20466,277.8668,227.9984,0,2,1.720344,287.73,300,0.7,0,0,44.8199,44.8199,1,1,0.9995149,1.003294,300,0.7248374,0,0,93.86101,1,0,1,1,18.52311,1.926839,0,1,270,228,0,0,0,1,1.012062,0,1,1,2,40,0,1,1000,5,27.1,14.69497,1.096784,12.93919,0.09430981,0.09430981,1,0,16,0,14.5991,14.5991,1,1,150,0,0,0,127,30,0,0,30,1,-119.2449,
3.852301,1202.019,30.52004,0,0,93.19565,20.95903,14.28349,96.14368,277.5107,227.2927,0,2,1.712878,287.54,300,0.7,0,0,44.67977,44.67977,1,1,1.000156,1.003539,300,0.7170438,0,0,93.86101,1,0,1,1,18.54343,1.929128,0,1,270,252,0,0,0,1,1.011918,0,1,1,2,30,0,1,1000,5,27.1,14.69657,1.096784,12.94102,0.04686356,0.04686356,1,0,16,0,14.64768,14.64768,1,1,150,0,0,0,127,30,0,0,30,1,-119.48,
3.953601,1203.08,31.03237,0,0,93.34196,21.00476,14.19146,96.18433,277.2734,228.8949,0,2,1.744466,287.52,300,0.7,0,0,44.98872,44.98872,1,1,1.006598,1.003383,300,0.7342412,0,0,93.86101,1,0,1,1,18.53666,1.952134,0,1,270,252,0,0,0,1,1.01201,0,1,1,2,50,0,1,1000,5,27.1,14.69322,1.096784,12.9424,0.02583981,0.02583981,1,0,16,0,14.66608,14.66608,1,1,150,0,0,0,127,30,0,0,30,1,-118.9676,
4.058701,1212.366,30.49592,0,0,93.2061,21.06682,14.14202,96.25546,278.2228,228.3036,0,2,1.757931,287.36,300,0.7,0,0,44.67234,44.67234,1,1,1.010059,1.003172,300,0.7162321,0,0,93.86101,1,0,1,1,18.62321,1.964496,0,1,270,236,0,0,0,1,1.012134,0,1,1,2,50,0,1,1000,5,27.1,14.6969,1.096784,12.94102,0.003573418,0.003573418,1,0,16,0,14.68963,14.68963,1,1,150,0,0,0,127,30,0,0,30,1,-119.5041,
4.161601,1214.378,29.9836,0.05458177,0,93.10159,21.00966,14.3746,96.06239,267.5246,229.9821,0,2,1.720369,287.04,300,0.7,0,0,44.36498,44.36498,1,1,0.9937783,1.003367,300,0.6992638,0,0,93.86101,1,0,1,1,18.65428,1.906351,0,1,270,236,0,0,0,1,1.012019,0,1,1,2,60,0,1,1000,5,27.1,14.7,1.096784,12.94362,-0.001988411,-0.001988411,1,0,16,0,14.70067,14.70067,1,1,150,0,0,0,127,30,0,0,30,1,-120.0164,
4.262901,1223.491,30.15839,0.03100424,0,93.02843,20.9525,14.23725,95.96078,280.6643,232.3854,0,2,1.723083,287.3,300,0.7,0,0,44.47628,44.47628,1,1,1.003393,1.003562,300,0.7056116,0,0,93.86101,1,0,1,1,18.71902,1.940688,0,1,270,224,0,0,0,1,1.011905,0,1,1,2,40,0,1,1000,5,27.1,14.69907,1.097414,12.94163,-0.04262733,-0.04262733,1,0,16,0,14.74263,14.74263,1,1,150,0,0,0,127,30,0,0,30,1,-119.8416,
4.364501,1225.791,30.67675,0.02628873,0,92.98662,20.97863,14.41672,96.07256,286.7679,230.7259,0,2,1.736537,287.42,300,0.7,0,0,44.79068,44.79068,1,1,0.9908298,1.003472,300,0.7229337,0,0,93.86101,1,0,1,1,18.71998,1.897214,0,1,270,236,0,0,0,1,1.011957,0,1,1,2,40,0,1,1000,5,27.1,14.69607,1.097414,12.94163,-0.04133797,-0.04133797,1,0,16,0,14.73968,14.73968,1,1,150,0,0,0,127,30,0,0,30,1,-119.3233,
4.466201,1233.705,30.64661,0.02628873,0,93.05978,21.04395,14.25006,95.99126,281.9698,227.5979,0,2,1.76831,287.3,300,0.7,0,0,44.778,44.778,1,1,1.002495,1.00325,300,0.721935,0,0,93.86101,1,0,1,1,18.78128,1.937484,0,1,270,240,0,0,0,1,1.012088,0,1,1,2,40,0,1,1000,5,27.1,14.69642,1.097414,12.9424,-0.06729603,-0.06729603,1,0,16,0,14.76418,14.76418,1,1,150,0,0,0,127,30,0,0,30,1,-119.3534,
4.567501,1235.381,30.08003,0.007426695,0,92.98662,21.02926,14.28852,96.08272,281.3594,226.6823,0,2,1.750124,287.5,300,0.7,0,0,44.43669,44.43669,1,1,0.9998034,1.0033,300,0.7030514,0,0,93.86101,1,0,1,1,18.81311,1.927869,0,1,270,216,0,0,0,1,1.012058,0,1,1,2,30,0,1,1000,5,27.1,14.69956,1.097414,12.94102,-0.0548439,-0.0548439,1,0,16,0,14.75361,14.75361,1,1,150,0,0,0,127,30,0,0,30,1,-119.92,
4.672601,1237.215,29.23017,0.009784449,0,93.14339,21.05702,14.25556,96.21481,269.5421,227.7504,0,2,1.742412,287.46,300,0.7,0,0,43.92401,43.92401,1,1,1.002111,1.003205,300,0.6752588,0,0,93.86101,1,0,1,1,18.85604,1.93611,0,1,270,236,0,0,0,1,1.012114,0,1,1,2,40,0,1,1000,5,27.1,14.7,1.097414,12.94102,-0.1075125,-0.1075125,1,0,16,0,14.80751,14.80751,1,1,150,0,0,0,127,30,0,0,30,1,-120.7698,
4.774001,1223.84,29.07948,0.005068941,0,93.04933,21.06682,14.13835,96.14368,276.29,230.1537,0,2,1.703178,287.88,300,0.7,0,0,43.82544,43.82544,1,1,1.010315,1.003172,300,0.6706177,0,0,93.86101,1,0,1,1,18.7562,1.965412,0,1,270,232,0,0,0,1,1.012134,0,1,1,2,50,0,1,1000,5,27.1,14.7,1.097998,12.94209,0.01552105,0.01552105,1,0,16,0,14.68448,14.68448,1,1,150,0,0,0,127,30,0,0,30,1,-120.9205,
4.875301,1217.532,29.88716,0.01921546,0,93.17474,21.02109,14.11638,96.10304,280.6643,229.5243,0,2,1.704545,287.62,300,0.7,0,0,44.30885,44.30885,1,1,1.011854,1.003328,300,0.696892,0,0,93.86101,1,0,1,1,18.68161,1.970906,0,1,270,216,0,0,0,1,1.012042,0,1,1,2,50,0,1,1000,5,27.1,14.7,1.097998,12.94194,0.0339222,0.0339222,1,0,16,0,14.66608,14.66608,1,1,150,0,0,0,127,30,0,0,30,1,-120.1128,
4.9771,1215.116,30.20058,0.0003534328,0,93.04933,21.06355,14.14934,96.10304,281.6815,229.8295,0,2,1.73154,287.71,300,0.7,0,0,44.49623,44.49623,1,1,1.009546,1.003183,300,0.707195,0,0,93.86101,1,0,1,1,18.6533,1.962664,0,1,270,236,0,0,0,1,1.012127,0,1,1,2,40,0,1,1000,5,27.1,14.69876,1.097998,12.94301,0.03916836,0.03916836,1,0,16,0,14.66019,14.66019,1,1,150,0,0,0,127,30,0,0,30,1,-119.7994,
5.079301,1209.58,30.62853,0.04515076,0,93.03888,21.03742,14.33431,96.02175,279.1384,227.9793,0,2,1.723651,287.75,300,0.7,0,0,44.75029,44.75029,1,1,0.9965985,1.003272,300,0.7214733,0,0,93.86101,1,0,1,1,18.59794,1.916423,0,1,270,216,0,0,0,1,1.012075,0,1,1,2,40,0,1,1000,5,27.1,14.69601,1.097998,12.94102,-0.005052567,-0.005052567,1,0,16,0,14.70141,14.70141,1,1,150,0,0,0,127,30,0,0,30,1,-119.3715,
5.181001,1210.947,30.60442,0.0121422,0,93.04933,21.08315,14.22809,96.15385,279.9183,227.8267,0,2,1.745782,287.16,300,0.7,0,0,44.73672,44.73672,1,1,1.004034,1.003116,300,0.7206308,0,0,93.86101,1,0,1,1,18.60909,1.942978,0,1,270,240,0,0,0,1,1.012166,0,1,1,2,40,0,1,1000,5,27.1,14.69619,1.097998,12.94408,0.01961899,0.01961899,1,0,16,0,14.67638,14.67638,1,1,150,0,0,0,127,30,0,0,30,1,-119.3956,
5.281201,1214.673,30.51401,0.007426695,0,93.00752,21.07009,14.34713,95.99126,279.3757,227.0829,0,2,1.730909,287.57,300,0.7,0,0,44.68482,44.68482,1,1,0.9957012,1.003161,300,0.7171549,0,0,93.86101,1,0,1,1,18.64029,1.913218,0,1,270,224,0,0,0,1,1.01214,0,1,1,2,20,0,1,1000,5,27.1,14.69683,1.097239,12.94224,-0.004918098,-0.004918098,1,0,16,0,14.70141,14.70141,1,1,150,0,0,0,127,30,0,0,30,1,-119.486,
5.385901,1222.046,29.84497,0.04043525,0,92.99707,21.07009,14.23496,96.05223,278.7654,227.2545,0,2,1.731231,287.48,300,0.7,0,0,44.28625,44.28625,1,1,1.003553,1.003161,300,0.6950241,0,0,93.86101,1,0,1,1,18.71784,1.941261,0,1,270,224,0,0,0,1,1.01214,0,1,1,2,40,0,1,1000,5,27.1,14.7,1.097239,12.94362,-0.003962517,-0.003962517,1,0,16,0,14.70288,14.70288,1,1,150,0,0,0,127,30,0,0,30,1,-120.155,
5.487001,1227.948,29.25428,0.02157322,0,93.04933,21.09295,14.24778,96.04207,269.8982,228.9902,0,2,1.72936,287.5,300,0.7,0,0,43.93327,43.93327,1,1,1.002656,1.003083,300,0.6758164,0,0,93.86101,1,0,1,1,18.78274,1.938056,0,1,270,224,0,0,0,1,1.012186,0,1,1,2,30,0,1,1000,5,27.1,14.7,1.097239,12.94224,-0.02569771,-0.02569771,1,0,16,0,14.7257,14.7257,1,1,150,0,0,0,127,30,0,0,30,1,-120.7457,
5.588501,1226.593,29.71236,0,0,93.16429,21.18931,14.11271,96.10304,281.2407,229.6387,0,2,1.717229,287.43,300,0.7,0,0,44.20904,44.20904,1,1,1.01211,1.002754,300,0.6906126,0,0,93.86101,1,0,1,1,18.75731,1.971821,0,1,270,216,0,0,0,1,1.012379,0,1,1,2,50,0,1,1000,5,27.1,14.7,1.097239,12.94224,0.0008001328,0.0008001328,1,0,16,0,14.6992,14.6992,1,1,150,0,0,0,127,30,0,0,30,1,-120.2876,
5.690601,1227.396,30.36332,0,0,93.2061,21.08315,14.20657,96.1945,283.377,229.1619,0,2,1.728582,287.6,300,0.7,0,0,44.60256,44.60256,1,1,1.00554,1.003116,300,0.7122915,0,0,93.86101,1,0,1,1,18.74239,1.948357,0,1,270,228,0,0,0,1,1.012166,0,1,1,2,30,0,1,1000,5,27.1,14.69791,1.097328,12.94224,0.009633064,0.009633064,1,0,16,0,14.69037,14.69037,1,1,150,0,0,0,127,30,0,0,30,1,-119.6367,
5.792401,1222.394,30.23072,0,0,93.21655,21.13378,14.32515,96.25546,278.7484,229.3336,0,2,1.731725,287.61,300,0.7,0,0,44.5192,44.5192,1,1,0.9972395,1.002943,300,0.7077695,0,0,93.86101,1,0,1,1,18.70828,1.918712,0,1,270,224,0,0,0,1,1.012268,0,1,1,2,30,0,1,1000,5,27.1,14.69864,1.097328,12.9398,0.003079414,0.003079414,1,0,16,0,14.69552,14.69552,1,1,150,0,0,0,127,30,0,0,30,1,-119.7693,
5.892401,1220.802,30.20661,0,0,93.2479,21.20074,14.21527,96.14368,279.1892,227.4453,0,2,1.749817,287.14,300,0.7,0,0,44.5036,44.5036,1,1,1.004931,1.002715,300,0.7068836,0,0,93.86101,1,0,1,1,18.69682,1.946183,0,1,270,236,0,0,0,1,1.012401,0,1,1,2,50,0,1,1000,5,27.1,14.69877,1.097328,12.94224,0.007407188,0.007407188,1,0,16,0,14.68963,14.68963,1,1,150,0,0,0,127,30,0,0,30,1,-119.7934,
5.997801,1218.423,29.64606,0,0,93.13294,21.15991,14.24457,96.1945,280.2743,227.1401,0,2,1.715945,287.48,300,0.7,0,0,44.16404,44.16404,1,1,1.00288,1.002854,300,0.6884547,0,0,93.86101,1,0,1,1,18.69602,1.938857,0,1,270,228,0,0,0,1,1.01232,0,1,1,2,50,0,1,1000,5,27.1,14.7,1.097328,12.94347,0.08176613,0.08176613,1,0,16,0,14.61823,14.61823,1,1,150,0,0,0,127,30,0,0,30,1,-120.3539,
6.099901,1218.719,29.31455,0.04515076,0,93.00752,21.10928,14.29814,95.95062,266.9651,227.2164,0,2,1.706207,287.64,300,0.7,0,0,43.96433,43.96433,1,1,0.9991304,1.003027,300,0.6777267,0,0,93.86101,1,0,1,1,18.70868,1.925465,0,1,270,224,0,0,0,1,1.012219,0,1,1,2,50,0,1,1000,5,27.1,14.7,1.097328,12.9456,0.1038475,0.1038475,1,0,16,0,14.59615,14.59615,1,1,150,0,0,0,127,30,0,0,30,1,-120.6854,
6.201701,1220.405,29.26031,0.01921546,0,92.95527,21.15338,14.42038,96.04207,274.0181,231.2028,0,2,1.698397,287.9,300,0.7,0,0,43.93258,43.93258,1,1,0.9905734,1.002877,300,0.6746731,0,0,93.86101,1,0,1,1,18.72356,1.896603,0,1,270,232,0,0,0,1,1.012307,0,1,1,2,40,0,1,1000,5,27.1,14.7,1.095269,12.94285,0.1045837,0.1045837,1,0,16,0,14.59542,14.59542,1,1,150,0,0,0,127,30,0,0,30,1,-120.7397,
6.301701,1219.711,29.64606,0.02628873,0,93.00752,21.16154,14.10539,96.01159,279.9691,230.8785,0,2,1.717759,287.64,300,0.7,0,0,44.16483,44.16483,1,1,1.012623,1.002849,300,0.6871733,0,0,93.86101,1,0,1,1,18.70602,1.973652,0,1,270,224,0,0,0,1,1.012323,0,1,1,2,50,0,1,1000,5,27.1,14.7,1.095269,12.94484,0.07661438,0.07661438,1,0,16,0,14.62339,14.62339,1,1,150,0,0,0,127,30,0,0,30,1,-120.3539,
6.401901,1221.399,30.08003,0.02157322,0,92.99707,21.16154,14.33797,96.07256,283.8008,231.7941,0,2,1.69978,287.65,300,0.7,0,0,44.42764,44.42764,1,1,0.9963422,1.002849,300,0.7014042,0,0,93.86101,1,0,1,1,18.7054,1.915508,0,1,270,232,0,0,0,1,1.012323,0,1,1,2,20,0,1,1000,5,27.1,14.69952,1.095269,12.94469,0.02214527,0.02214527,1,0,16,0,14.67786,14.67786,1,1,150,0,0,0,127,30,0,0,30,1,-119.92,
6.503901,1213.789,30.38743,0.0640128,0,92.94482,21.19258,14.17086,96.09288,282.2919,230.211,0,2,1.729649,287.57,300,0.7,0,0,44.60794,44.60794,1,1,1.00804,1.002743,300,0.7115098,0,0,93.86101,1,0,1,1,18.63739,1.957285,0,1,270,228,0,0,0,1,1.012385,0,1,1,2,40,0,1,1000,5,27.1,14.6976,1.095269,12.94301,0.03150463,0.03150463,1,0,16,0,14.66755,14.66755,1,1,150,0,0,0,127,30,0,0,30,1,-119.6126,
6.605901,1210.068,30.47784,0.04986627,0,92.92391,21.14848,14.35811,96.02175,278.901,228.2273,0,2,1.714263,287.87,300,0.7,0,0,44.65988,44.65988,1,1,0.9949321,1.002893,300,0.7145326,0,0,93.86101,1,0,1,1,18.60618,1.910472,0,1,270,236,0,0,0,1,1.012297,0,1,1,2,20,0,1,1000,5,27.1,14.69697,1.095269,12.94377,0.001684189,0.001684189,1,0,16,0,14.69552,14.69552,1,1,150,0,0,0,127,30,0,0,30,1,-119.5222,
6.706001,1211.485,30.23072,0.03336199,0,93.00752,21.16154,14.20291,96.06239,278.6298,229.0665,0,2,1.736462,287.41,300,0.7,0,0,44.51199,44.51199,1,1,1.005796,1.002849,300,0.7061086,0,0,93.86101,1,0,1,1,18.62448,1.949273,0,1,270,232,0,0,0,1,1.012323,0,1,1,2,30,0,1,1000,5,27.1,14.69855,1.094967,12.94224,0.04139233,0.04139233,1,0,16,0,14.65504,14.65504,1,1,150,0,0,0,127,30,0,0,30,1,-119.7693,
6.806801,1211.778,30.17647,0.01921546,0,93.04933,21.21544,14.34713,96.02175,279.8674,228.8758,0,2,1.716686,287.71,300,0.7,0,0,44.47951,44.47951,1,1,0.9957012,1.002665,300,0.7042567,0,0,93.86101,1,0,1,1,18.62838,1.913218,0,1,270,224,0,0,0,1,1.012431,0,1,1,2,40,0,1,1000,5,27.1,14.69889,1.094967,12.94469,0.03479671,0.03479671,1,0,16,0,14.66387,14.66387,1,1,150,0,0,0,127,30,0,0,30,1,-119.8235,
6.907701,1210.751,29.72442,0.0380775,0,92.92391,21.13541,14.3311,96.06239,276.7139,228.1319,0,2,1.705142,287.98,300,0.7,0,0,44.20657,44.20657,1,1,0.9968229,1.002938,300,0.6894763,0,0,93.86101,1,0,1,1,18.63409,1.917225,0,1,270,220,0,0,0,1,1.012271,0,1,1,2,20,0,1,1000,5,27.1,14.7,1.094967,12.94484,-0.009805679,-0.009805679,1,0,16,0,14.70877,14.70877,1,1,150,0,0,0,127,30,0,0,30,1,-120.2756,
7.009701,1210.068,29.77264,0.0003534328,0,92.98662,21.18768,14.36864,96.05223,277.5616,227.5979,0,2,1.704179,287.64,300,0.7,0,0,44.23519,44.23519,1,1,0.9941949,1.00276,300,0.6909906,0,0,93.86101,1,0,1,1,18.62735,1.907839,0,1,270,224,0,0,0,1,1.012375,0,1,1,2,50,0,1,1000,5,27.1,14.7,1.094967,12.94469,-0.01331043,-0.01331043,1,0,16,0,14.71319,14.71319,1,1,150,0,0,0,127,30,0,0,30,1,-120.2274,
7.111601,1214.821,29.33867,0,0,93.07023,21.20074,14.25922,96.05223,266.5243,228.2464,0,2,1.710873,287.71,300,0.7,0,0,43.9766,43.9766,1,1,1.001854,1.002715,300,0.6769254,0,0,93.86101,1,0,1,1,18.67748,1.935194,0,1,270,224,0,0,0,1,1.012401,0,1,1,2,40,0,1,1000,5,27.1,14.7,1.094967,12.95201,-0.02128124,-0.02128124,1,0,16,0,14.72128,14.72128,1,1,150,0,0,0,127,30,0,0,30,1,-120.6613,
7.212701,1211.681,29.1277,0,0,93.10159,21.26443,14.21527,96.15385,271.5597,229.4861,0,2,1.686255,287.89,300,0.7,0,0,43.8477,43.8477,1,1,1.004931,1.002498,300,0.6700543,0,0,93.86101,1,0,1,1,18.65934,1.946183,0,1,270,232,0,0,0,1,1.012529,0,1,1,2,50,0,1,1000,5,27.1,14.7,1.095011,12.94514,-0.03011322,-0.03011322,1,0,16,0,14.73011,14.73011,1,1,150,0,0,0,127,30,0,0,30,1,-120.8723,
7.313101,1207.827,29.29045,0.007426695,0,93.00752,21.24484,14.17864,96.14368,275.6118,230.1919,0,2,1.680892,287.84,300,0.7,0,0,43.9435,43.9435,1,1,1.007495,1.002565,300,0.675289,0,0,93.86101,1,0,1,1,18.6243,1.955339,0,1,270,228,0,0,0,1,1.01249,0,1,1,2,50,0,1,1000,5,27.1,14.7,1.095011,12.94423,-0.05889606,-0.05889606,1,0,16,0,14.7589,14.7589,1,1,150,0,0,0,127,30,0,0,30,1,-120.7096,
7.413701,1210.41,29.68825,0,0,93.09113,21.28077,14.07609,96.13352,280.6304,230.5161,0,2,1.684487,287.67,300,0.7,0,0,44.18457,44.18457,1,1,1.014674,1.002443,300,0.6881803,0,0,93.86101,1,0,1,1,18.63253,1.980978,0,1,270,228,0,0,0,1,1.012562,0,1,1,2,40,0,1,1000,5,27.1,14.7,1.095011,12.94392,-0.02496147,-0.02496147,1,0,16,0,14.72496,14.72496,1,1,150,0,0,0,127,30,0,0,30,1,-120.3117,
7.514701,1208.362,30.01976,0,0,93.13294,21.21707,14.26517,96.1945,284.3604,229.8295,0,2,1.691707,287.9,300,0.7,0,0,44.38292,44.38292,1,1,1.001438,1.00266,300,0.6990575,0,0,93.86101,1,0,1,1,18.60678,1.933707,0,1,270,232,0,0,0,1,1.012434,0,1,1,2,40,0,1,1000,5,27.1,14.69987,1.095011,12.94377,-0.005824089,-0.005824089,1,0,16,0,14.70582,14.70582,1,1,150,0,0,0,127,30,0,0,30,1,-119.9802,
7.616801,1209.677,30.31511,0,0,93.1852,21.26607,14.1205,96.2453,282.2919,229.1619,0,2,1.733871,287.49,300,0.7,0,0,44.56161,44.56161,1,1,1.011565,1.002493,300,0.7088184,0,0,93.86101,1,0,1,1,18.60807,1.969875,0,1,270,216,0,0,0,1,1.012532,0,1,1,2,50,0,1,1000,5,27.1,14.698,1.095011,12.94575,0.01604652,0.01604652,1,0,16,0,14.68153,14.68153,1,1,150,0,0,0,127,30,0,0,30,1,-119.6849,
7.717001,1206.952,30.79127,0,0,93.08068,21.27097,14.23725,96.20466,282.258,228.5325,0,2,1.729965,287.12,300,0.7,0,0,44.84642,44.84642,1,1,1.003393,1.002476,300,0.7246401,0,0,93.86101,1,0,1,1,18.57309,1.940688,0,1,270,224,0,0,0,1,1.012542,0,1,1,2,40,0,1,1000,5,27.1,14.69491,1.09492,12.9453,-0.03016853,-0.03016853,1,0,16,0,14.7257,14.7257,1,1,150,0,0,0,127,30,0,0,30,1,-119.2087,
7.817401,1209.873,31.00223,0,0,93.08068,21.31016,14.3604,96.12337,281.9528,229.0475,0,2,1.724068,287.61,300,0.7,0,0,44.97554,44.97554,1,1,0.9947718,1.002343,300,0.7317277,0,0,93.86101,1,0,1,1,18.58897,1.909899,0,1,270,232,0,0,0,1,1.01262,0,1,1,2,30,0,1,1000,5,27.1,14.69365,1.09492,12.94484,0.02205467,0.02205467,1,0,16,0,14.6727,14.6727,1,1,150,0,0,0,127,30,0,0,30,1,-118.9978,
7.919501,1212.905,30.42962,0,0,93.14339,21.26607,14.02481,96.16401,280.4778,226.6442,0,2,1.748605,287.49,300,0.7,0,0,44.63277,44.63277,1,1,1.018263,1.002493,300,0.7126055,0,0,93.86101,1,0,1,1,18.62934,1.993797,0,1,270,232,0,0,0,1,1.012532,0,1,1,2,30,0,1,1000,5,27.1,14.69732,1.09492,12.94453,0.01124668,0.01124668,1,0,16,0,14.68374,14.68374,1,1,150,0,0,0,127,30,0,0,30,1,-119.5704,
8.019702,1220.157,30.29099,0,0,93.13294,21.26607,14.30363,96.20466,279.8335,227.5216,0,2,1.738724,287.4,300,0.7,0,0,44.55407,44.55407,1,1,0.9987459,1.002493,300,0.7080632,0,0,93.86101,1,0,1,1,18.6892,1.924092,0,1,270,232,0,0,0,1,1.012532,0,1,1,2,50,0,1,1000,5,27.1,14.69826,1.09492,12.94469,0.004971504,0.004971504,1,0,16,0,14.69184,14.69184,1,1,150,0,0,0,127,30,0,0,30,1,-119.709,
8.123201,1220.505,29.8751,0,0,93.04933,21.27913,14.26746,96.13352,279.1892,228.9712,0,2,1.718877,287.46,300,0.7,0,0,44.30346,44.30346,1,1,1.001278,1.002448,300,0.6943182,0,0,93.86101,1,0,1,1,18.70497,1.933134,0,1,270,232,0,0,0,1,1.012558,0,1,1,2,20,0,1,1000,5,27.1,14.7,1.09492,12.94667,-0.02896118,-0.02896118,1,0,16,0,14.72791,14.72791,1,1,150,0,0,0,127,30,0,0,30,1,-120.1249,
8.225401,1219.562,29.37483,0.002711187,0,92.99707,21.26607,14.17681,96.14368,266.5412,229.5052,0,2,1.716433,287.59,300,0.7,0,0,44.00116,44.00116,1,1,1.007623,1.002493,300,0.6783057,0,0,93.86101,1,0,1,1,18.71337,1.955797,0,1,270,248,0,0,0,1,1.012532,0,1,1,2,30,0,1,1000,5,27.1,14.7,1.095339,12.94469,-0.03673935,-0.03673935,1,0,16,0,14.73674,14.73674,1,1,150,0,0,0,127,30,0,0,30,1,-120.6252,
8.327501,1220.157,29.82086,0.01449996,0,92.92391,21.2922,14.16399,96.03191,279.3588,229.6578,0,2,1.70822,287.75,300,0.7,0,0,44.27052,44.27052,1,1,1.008521,1.002404,300,0.6927948,0,0,93.86101,1,0,1,1,18.70399,1.959002,0,1,270,232,0,0,0,1,1.012584,0,1,1,2,60,0,1,1000,5,27.1,14.7,1.095339,12.9453,-0.02643394,-0.02643394,1,0,16,0,14.72643,14.72643,1,1,150,0,0,0,127,30,0,0,30,1,-120.1791,
8.429401,1217.532,30.27894,0,0,92.94482,21.33956,14.13652,96.1132,281.7324,227.4262,0,2,1.724838,287.66,300,0.7,0,0,44.54506,44.54506,1,1,1.010443,1.002243,300,0.7078331,0,0,93.86101,1,0,1,1,18.66944,1.965869,0,1,270,236,0,0,0,1,1.012679,0,1,1,2,50,0,1,1000,5,27.1,14.6983,1.095339,12.94591,-0.01907349,-0.01907349,1,0,16,0,14.71907,14.71907,1,1,150,0,0,0,127,30,0,0,30,1,-119.7211,
8.530602,1217.681,30.47182,0.04279301,0,92.89256,21.26933,14.23358,95.99126,279.9013,229.3526,0,2,1.735195,287.34,300,0.7,0,0,44.66144,44.66144,1,1,1.003649,1.002482,300,0.7143312,0,0,93.86101,1,0,1,1,18.66458,1.941604,0,1,270,240,0,0,0,1,1.012539,0,1,1,2,60,0,1,1000,5,27.1,14.69713,1.095339,12.94408,-0.0352335,-0.0352335,1,0,16,0,14.7338,14.7338,1,1,150,0,0,0,127,30,0,0,30,1,-119.5282,
8.631401,1210.556,30.36935,0.03336199,0,92.90301,21.31833,14.18047,96.05223,279.9861,229.8104,0,2,1.73513,287.71,300,0.7,0,0,44.59487,44.59487,1,1,1.007367,1.002315,300,0.7107928,0,0,93.86101,1,0,1,1,18.61318,1.954881,0,1,270,228,0,0,0,1,1.012637,0,1,1,2,50,0,1,1000,5,27.1,14.69767,1.095339,12.94621,0.01943207,0.01943207,1,0,16,0,14.67786,14.67786,1,1,150,0,0,0,127,30,0,0,30,1,-119.6306,
8.731802,1212.807,30.42962,0,0,92.87166,21.32323,14.32881,96.06239,279.4266,228.1319,0,2,1.72825,287.44,300,0.7,0,0,44.6327,44.6327,1,1,0.9969831,1.002298,300,0.713122,0,0,93.86101,1,0,1,1,18.6286,1.917797,0,1,270,236,0,0,0,1,1.012646,0,1,1,2,50,0,1,1000,5,27.1,14.69732,1.095803,12.9453,0.002820015,0.002820015,1,0,16,0,14.69405,14.69405,1,1,150,0,0,0,127,30,0,0,30,1,-119.5704,
8.832901,1210.556,29.98962,0.03100424,0,92.78805,21.23994,14.38925,96.08272,278.9688,227.6932,0,2,1.714954,287.59,300,0.7,0,0,44.36617,44.36617,1,1,0.9927527,1.002582,300,0.6985688,0,0,93.86101,1,0,1,1,18.6246,1.902688,0,1,270,228,0,0,0,1,1.01248,0,1,1,2,50,0,1,1000,5,27.1,14.7,1.095803,12.94728,0.001246452,0.001246452,1,0,16,0,14.69699,14.69699,1,1,150,0,0,0,127,30,0,0,30,1,-120.0104,
8.937201,1207.778,29.75456,0.03336199,0,92.8194,21.30527,14.18231,96.03191,279.9183,227.6932,0,2,1.711019,287.87,300,0.7,0,0,44.22288,44.22288,1,1,1.007239,1.002359,300,0.6907906,0,0,93.86101,1,0,1,1,18.61014,1.954424,0,1,270,220,0,0,0,1,1.012611,0,1,1,2,40,0,1,1000,5,27.1,14.7,1.095803,12.94911,-0.04081345,-0.04081345,1,0,16,0,14.73968,14.73968,1,1,150,0,0,0,127,30,0,0,30,1,-120.2454,
9.039902,1208.411,29.61592,0,0,92.76714,21.34119,14.3604,96.06239,277.1378,228.5897,0,2,1.701845,287.61,300,0.7,0,0,44.13981,44.13981,1,1,0.9947718,1.002237,300,0.6862453,0,0,93.86101,1,0,1,1,18.61917,1.909899,0,1,270,240,0,0,0,1,1.012682,0,1,1,2,50,0,1,1000,5,27.1,14.7,1.095803,12.94591,-0.0006723404,-0.0006723404,1,0,16,0,14.70067,14.70067,1,1,150,0,0,0,127,30,0,0,30,1,-120.3841,
9.140001,1205.11,29.21811,0,0,93.04933,21.35753,14.29951,96.20466,265.5409,227.2355,0,2,1.687154,287.53,300,0.7,0,0,43.89841,43.89841,1,1,0.9990342,1.002182,300,0.6734099,0,0,93.86101,1,0,1,1,18.60518,1.925122,0,1,270,232,0,0,0,1,1.012715,0,1,1,2,50,0,1,1000,5,27.1,14.7,1.095967,12.94667,-0.008031845,-0.008031845,1,0,16,0,14.70803,14.70803,1,1,150,0,0,0,127,30,0,0,30,1,-120.7819,
9.240601,1210.019,29.27236,0.0003534328,0,93.09113,21.31833,14.07288,96.21481,269.5082,229.1237,0,2,1.694027,287.97,300,0.7,0,0,43.93388,43.93388,1,1,1.014898,1.002315,300,0.6752428,0,0,93.86101,1,0,1,1,18.64198,1.981779,0,1,270,232,0,0,0,1,1.012637,0,1,1,2,40,0,1,1000,5,27.1,14.7,1.095967,12.9485,-0.05466747,-0.05466747,1,0,16,0,14.75467,14.75467,1,1,150,0,0,0,127,30,0,0,30,1,-120.7276,
9.341701,1208.849,29.47127,0,0,93.04933,21.40979,14.34713,96.20466,276.663,230.2682,0,2,1.672241,287.97,300,0.7,0,0,44.05297,44.05297,1,1,0.9957012,1.002004,300,0.6815853,0,0,93.86101,1,0,1,1,18.62689,1.913218,0,1,270,232,0,0,0,1,1.01282,0,1,1,2,50,0,1,1000,5,27.1,14.7,1.095967,12.94682,-0.005824089,-0.005824089,1,0,16,0,14.70582,14.70582,1,1,150,0,0,0,127,30,0,0,30,1,-120.5287,
9.4417,1209.677,29.79072,0.02864648,0,92.93436,21.35099,14.26288,96.03191,278.3754,230.6306,0,2,1.683468,287.79,300,0.7,0,0,44.24583,44.24583,1,1,1.001598,1.002204,300,0.6920477,0,0,93.86101,1,0,1,1,18.62378,1.934279,0,1,270,216,0,0,0,1,1.012702,0,1,1,2,20,0,1,1000,5,27.1,14.7,1.095967,12.94713,-0.02496147,-0.02496147,1,0,16,0,14.72496,14.72496,1,1,150,0,0,0,127,30,0,0,30,1,-120.2093,
9.5424,1210.507,29.86305,0.02393097,0,92.99707,21.44899,14.18414,96.07256,280.5795,230.5733,0,2,1.704798,287.74,300,0.7,0,0,44.28991,44.28991,1,1,1.00711,1.00187,300,0.6943222,0,0,93.86101,1,0,1,1,18.62803,1.953966,0,1,270,232,0,0,0,1,1.012898,0,1,1,2,50,0,1,1000,5,27.1,14.7,1.095967,12.94957,-0.01097775,-0.01097775,1,0,16,0,14.71098,14.71098,1,1,150,0,0,0,127,30,0,0,30,1,-120.1369,
9.643701,1205.352,30.30305,0.002711187,0,92.96572,21.37059,14.15667,96.21481,281.5798,229.6578,0,2,1.707582,287.71,300,0.7,0,0,44.55147,44.55147,1,1,1.009033,1.002137,300,0.7090609,0,0,93.86101,1,0,1,1,18.57525,1.960833,0,1,270,224,0,0,0,1,1.012741,0,1,1,2,50,0,1,1000,5,27.1,14.69803,1.096236,12.94774,-0.02807236,-0.02807236,1,0,16,0,14.72791,14.72791,1,1,150,0,0,0,127,30,0,0,30,1,-119.697,
9.7459,1202.549,30.44771,0.0003534328,0,93.02843,21.46858,14.21161,96.21481,279.5114,228.7423,0,2,1.723654,287.45,300,0.7,0,0,44.63662,44.63662,1,1,1.005188,1.001804,300,0.7137558,0,0,93.86101,1,0,1,1,18.54957,1.947098,0,1,270,216,0,0,0,1,1.012937,0,1,1,2,50,0,1,1000,5,27.1,14.69705,1.096236,12.94606,0.03899384,0.03899384,1,0,16,0,14.65798,14.65798,1,1,150,0,0,0,127,30,0,0,30,1,-119.5523,
9.8462,1202.887,30.56223,0,0,93.04933,21.37059,14.33064,96.17417,277.1039,226.606,0,2,1.714114,287.67,300,0.7,0,0,44.70575,44.70575,1,1,0.996855,1.002137,300,0.7176862,0,0,93.86101,1,0,1,1,18.54883,1.917339,0,1,270,208,0,0,0,1,1.012741,0,1,1,2,30,0,1,1000,5,27.1,14.69631,1.096236,12.94469,-0.0142107,-0.0142107,1,0,16,0,14.71024,14.71024,1,1,150,0,0,0,127,30,0,0,30,1,-119.4378,
9.9484,1208.508,30.20661,0,0,93.16429,21.42939,14.18276,96.2961,277.3582,227.5597,0,2,1.732195,287.26,300,0.7,0,0,44.49551,44.49551,1,1,1.007207,1.001937,300,0.7058265,0,0,93.86101,1,0,1,1,18.60233,1.954309,0,1,270,224,0,0,0,1,1.012859,0,1,1,2,60,0,1,1000,5,27.1,14.69868,1.096236,12.94789,0.07364559,0.07364559,1,0,16,0,14.62265,14.62265,1,1,150,0,0,0,127,30,0,0,30,1,-119.7934,
10.0497,1206.127,30.25483,0,0,93.00752,21.40489,14.24457,96.16401,277.3242,228.0938,0,2,1.718731,287.71,300,0.7,0,0,44.52296,44.52296,1,1,1.00288,1.00202,300,0.7074299,0,0,93.86101,1,0,1,1,18.58262,1.938857,0,1,270,220,0,0,0,1,1.01281,0,1,1,2,30,0,1,1000,5,27.1,14.69835,1.096236,12.94835,0.07256031,0.07256031,1,0,16,0,14.62486,14.62486,1,1,150,0,0,0,127,30,0,0,30,1,-119.7452,
10.1511,1203.804,29.97757,0,0,93.11204,21.44899,14.15529,96.23514,276.663,227.9793,0,2,1.715421,287.5,300,0.7,0,0,44.35461,44.35461,1,1,1.009129,1.00187,300,0.6975899,0,0,93.86101,1,0,1,1,18.57286,1.961177,0,1,270,228,0,0,0,1,1.012898,0,1,1,2,30,0,1,1000,5,27.1,14.7,1.095319,12.9485,0.06828308,0.06828308,1,0,16,0,14.63001,14.63001,1,1,150,0,0,0,127,30,0,0,30,1,-120.0224,
10.255,1206.661,29.86908,0,0,93.04933,21.42285,14.19009,96.18433,277.6972,227.8267,0,2,1.709436,287.5,300,0.7,0,0,44.29112,44.29112,1,1,1.006694,1.001959,300,0.6940961,0,0,93.86101,1,0,1,1,18.59811,1.952478,0,1,270,228,0,0,0,1,1.012846,0,1,1,2,40,0,1,1000,5,27.1,14.7,1.095319,12.94743,0.0410738,0.0410738,1,0,16,0,14.65725,14.65725,1,1,150,0,0,0,127,30,0,0,30,1,-120.1309,
10.358,1204.626,29.57976,0.02157322,0,92.78805,21.42285,14.18597,96.04207,264.4388,229.3526,0,2,1.706553,287.76,300,0.7,0,0,44.11575,44.11575,1,1,1.006982,1.001959,300,0.6846513,0,0,93.86101,1,0,1,1,18.59083,1.953508,0,1,270,220,0,0,0,1,1.012846,0,1,1,2,20,0,1,1000,5,27.1,14.7,1.095319,12.95338,0.02508926,0.02508926,1,0,16,0,14.67491,14.67491,1,1,150,0,0,0,127,30,0,0,30,1,-120.4202,
10.4583,1198.993,29.65812,0.0380775,0,92.8194,21.37059,14.13835,96.02175,264.1676,228.7041,0,2,1.698573,287.67,300,0.7,0,0,44.15947,44.15947,1,1,1.010315,1.002137,300,0.6871963,0,0,93.86101,1,0,1,1,18.54481,1.965412,0,1,270,236,0,0,0,1,1.012741,0,1,1,2,30,0,1,1000,5,27.1,14.7,1.095319,12.94835,0.02414894,0.02414894,1,0,16,0,14.67491,14.67491,1,1,150,0,0,0,127,30,0,0,30,1,-120.3419,
10.5592,1201.057,29.57373,0,0,92.90301,21.46205,14.1411,96.04207,265.8122,229.963,0,2,1.701634,287.76,300,0.7,0,0,44.10997,44.10997,1,1,1.010123,1.001826,300,0.684384,0,0,93.86101,1,0,1,1,18.56325,1.964725,0,1,270,232,0,0,0,1,1.012924,0,1,1,2,30,0,1,1000,5,27.1,14.7,1.095319,12.94713,0.05085182,0.05085182,1,0,16,0,14.64915,14.64915,1,1,150,0,0,0,127,30,0,0,30,1,-120.4263,
10.6605,1201.345,29.7425,0.05222402,0,92.79849,21.46205,14.27387,95.88965,273.0178,231.4126,0,2,1.691895,287.94,300,0.7,0,0,44.21165,44.21165,1,1,1.000829,1.001826,300,0.6889311,0,0,93.86101,1,0,1,1,18.56064,1.931532,0,1,270,228,0,0,0,1,1.012924,0,1,1,2,40,0,1,1000,5,27.1,14.7,1.093818,12.94926,0.09722328,0.09722328,1,0,16,0,14.60278,14.60278,1,1,150,0,0,0,127,30,0,0,30,1,-120.2575,
10.7616,1206.321,29.81483,0.07108605,0,92.74624,21.48491,14.24091,96.02175,277.9516,233.0339,0,2,1.68885,287.8,300,0.7,0,0,44.25826,44.25826,1,1,1.003136,1.001748,300,0.691312,0,0,93.86101,1,0,1,1,18.59708,1.939773,0,1,270,232,0,0,0,1,1.01297,0,1,1,2,50,0,1,1000,5,27.1,14.7,1.093818,12.94591,0.09280682,0.09280682,1,0,16,0,14.60719,14.60719,1,1,150,0,0,0,127,30,0,0,30,1,-120.1852,
10.8633,1209.044,30.53209,0.03571974,0,92.8403,21.44899,14.20062,96.07256,281.3424,231.7941,0,2,1.702736,287.5,300,0.7,0,0,44.69185,44.69185,1,1,1.005957,1.00187,300,0.7150798,0,0,93.86101,1,0,1,1,18.59673,1.949845,0,1,270,236,0,0,0,1,1.012898,0,1,1,2,10,0,1,1000,5,27.1,14.69661,1.093818,12.94835,0.1009035,0.1009035,1,0,16,0,14.5991,14.5991,1,1,150,0,0,0,127,30,0,0,30,1,-119.4679,
10.9636,1206.661,30.46579,0.02157322,0,92.80894,21.50125,14.16765,95.97094,281.7494,229.6578,0,2,1.719492,287.72,300,0.7,0,0,44.6503,44.6503,1,1,1.008264,1.001693,300,0.712792,0,0,93.86101,1,0,1,1,18.58049,1.958086,0,1,270,216,0,0,0,1,1.013003,0,1,1,2,60,0,1,1000,5,27.1,14.697,1.093818,12.94957,0.06823444,0.06823444,1,0,16,0,14.63148,14.63148,1,1,150,0,0,0,127,30,0,0,30,1,-119.5342,
11.0655,1204.529,30.6888,0.03100424,0,92.75669,21.44899,14.2519,96.02175,281.5968,227.9793,0,2,1.726492,287.49,300,0.7,0,0,44.78304,44.78304,1,1,1.002367,1.00187,300,0.7202706,0,0,93.86101,1,0,1,1,18.55767,1.937026,0,1,270,224,0,0,0,1,1.012898,0,1,1,2,60,0,1,1000,5,27.1,14.69551,1.093818,12.94774,0.01322269,0.01322269,1,0,16,0,14.68374,14.68374,1,1,150,0,0,0,127,30,0,0,30,1,-119.3112,
11.1677,1212.121,30.52004,0.01449996,0,93.04933,21.52738,14.3984,96.08272,278.0703,228.2845,0,2,1.717172,287.71,300,0.7,0,0,44.6867,44.6867,1,1,0.9921118,1.001604,300,0.7148542,0,0,93.86101,1,0,1,1,18.62061,1.900399,0,1,270,228,0,0,0,1,1.013055,0,1,1,2,30,0,1,1000,5,27.1,14.69674,1.094162,12.94713,-0.01770687,-0.01770687,1,0,16,0,14.71392,14.71392,1,1,150,0,0,0,127,30,0,0,30,1,-119.48,
11.268,1210.068,30.3573,0,0,92.95527,21.52738,14.19375,96.06239,276.5952,229.9821,0,2,1.73443,287.54,300,0.7,0,0,44.58728,44.58728,1,1,1.006437,1.001604,300,0.7094124,0,0,93.86101,1,0,1,1,18.6098,1.951562,0,1,270,236,0,0,0,1,1.013055,0,1,1,2,40,0,1,1000,5,27.1,14.69774,1.094162,12.94713,-0.0974102,-0.0974102,1,0,16,0,14.79377,14.79377,1,1,150,0,0,0,127,30,0,0,30,1,-119.6427,
11.3695,1208.411,30.31511,0.01685771,0,92.93436,21.54861,14.19284,96.1132,278.2398,226.873,0,2,1.711915,287.62,300,0.7,0,0,44.56077,44.56077,1,1,1.006501,1.001532,300,0.7079718,0,0,93.86101,1,0,1,1,18.59836,1.951791,0,1,270,228,0,0,0,1,1.013097,0,1,1,2,30,0,1,1000,5,27.1,14.69799,1.094162,12.94896,-0.02441978,-0.02441978,1,0,16,0,14.72275,14.72275,1,1,150,0,0,0,127,30,0,0,30,1,-119.6849,
11.4733,1210.703,29.80277,0.02628873,0,92.88211,21.50125,14.22626,96.07256,278.3076,227.7314,0,2,1.715162,287.36,300,0.7,0,0,44.25373,44.25373,1,1,1.004162,1.001693,300,0.6911631,0,0,93.86101,1,0,1,1,18.63136,1.943436,0,1,270,240,0,0,0,1,1.013003,0,1,1,2,40,0,1,1000,5,27.1,14.7,1.094162,12.94713,-0.03781509,-0.03781509,1,0,16,0,14.73674,14.73674,1,1,150,0,0,0,127,30,0,0,30,1,-120.1972,
11.5759,1207.049,29.29045,0.002711187,0,92.91346,21.55351,14.33614,96.18433,265.2527,226.9112,0,2,1.689869,287.55,300,0.7,0,0,43.94305,43.94305,1,1,0.9964703,1.001515,300,0.6744629,0,0,93.86101,1,0,1,1,18.61823,1.915965,0,1,270,228,0,0,0,1,1.013107,0,1,1,2,60,0,1,1000,5,27.1,14.7,1.094162,12.9514,-0.04262733,-0.04262733,1,0,16,0,14.74263,14.74263,1,1,150,0,0,0,127,30,0,0,30,1,-120.7096,
11.6774,1204.674,29.31455,0.002711187,0,92.79849,21.50125,14.25556,95.9811,269.4235,230.2682,0,2,1.696583,287.81,300,0.7,0,0,43.95619,43.95619,1,1,1.002111,1.001693,300,0.6758068,0,0,93.86101,1,0,1,1,18.59896,1.93611,0,1,270,224,0,0,0,1,1.013003,0,1,1,2,40,0,1,1000,5,27.1,14.7,1.095032,12.94835,-0.04262733,-0.04262733,1,0,16,0,14.74263,14.74263,1,1,150,0,0,0,127,30,0,0,30,1,-120.6854,
11.7785,1202.019,29.36277,0.002711187,0,92.8194,21.50288,14.34713,96.05223,274.1029,230.1347,0,2,1.67281,287.85,300,0.7,0,0,43.98366,43.98366,1,1,0.9957012,1.001687,300,0.6773398,0,0,93.86101,1,0,1,1,18.57683,1.913218,0,1,270,228,0,0,0,1,1.013006,0,1,1,2,50,0,1,1000,5,27.1,14.7,1.095032,12.95033,-0.02643394,-0.02643394,1,0,16,0,14.72643,14.72643,1,1,150,0,0,0,127,30,0,0,30,1,-120.6372,
11.8793,1208.119,30.08003,0.0121422,0,92.88211,21.50125,14.0358,95.99126,280.7491,232.8813,0,2,1.701434,287.43,300,0.7,0,0,44.41904,44.41904,1,1,1.017494,1.001693,300,0.7007803,0,0,93.86101,1,0,1,1,18.60311,1.99105,0,1,270,216,0,0,0,1,1.013003,0,1,1,2,50,0,1,1000,5,27.1,14.69949,1.095032,12.94896,-0.01612949,-0.01612949,1,0,16,0,14.71613,14.71613,1,1,150,0,0,0,127,30,0,0,30,1,-119.92,
11.9806,1213.396,30.47182,0.009784449,0,92.86121,21.54044,14.20474,96.1132,285.6319,229.3526,0,2,1.718977,287.28,300,0.7,0,0,44.65852,44.65852,1,1,1.005668,1.001559,300,0.7138128,0,0,93.86101,1,0,1,1,18.63181,1.948815,0,1,270,224,0,0,0,1,1.013081,0,1,1,2,20,0,1,1000,5,27.1,14.69707,1.095032,12.94896,0.01772881,0.01772881,1,0,16,0,14.68227,14.68227,1,1,150,0,0,0,127,30,0,0,30,1,-119.5282,
12.0812,1212.807,30.50798,0.04515076,0,92.7776,21.55188,14.13469,96.06239,285.9032,227.7695,0,2,1.738357,287.38,300,0.7,0,0,44.67991,44.67991,1,1,1.010572,1.001521,300,0.7150022,0,0,93.86101,1,0,1,1,18.62621,1.966327,0,1,270,232,0,0,0,1,1.013104,0,1,1,2,50,0,1,1000,5,27.1,14.69683,1.095032,12.95125,-0.02164078,-0.02164078,1,0,16,0,14.71907,14.71907,1,1,150,0,0,0,127,30,0,0,30,1,-119.492,
12.1833,1214.034,30.84552,0,0,92.91346,21.52575,14.27387,96.09288,281.9528,229.5815,0,2,1.740116,287.47,300,0.7,0,0,44.88414,44.88414,1,1,1.000829,1.001609,300,0.7266545,0,0,93.86101,1,0,1,1,18.62527,1.931532,0,1,270,220,0,0,0,1,1.013052,0,1,1,2,50,0,1,1000,5,27.1,14.69476,1.095496,12.95018,-0.04592514,-0.04592514,1,0,16,0,14.74263,14.74263,1,1,150,0,0,0,127,30,0,0,30,1,-119.1545,
12.2844,1219.116,30.4236,0.02628873,0,92.80894,21.56658,14.18597,95.99126,281.512,229.7532,0,2,1.747399,287,300,0.7,0,0,44.63335,44.63335,1,1,1.006982,1.001471,300,0.7125388,0,0,93.86101,1,0,1,1,18.67706,1.953508,0,1,270,244,0,0,0,1,1.013133,0,1,1,2,40,0,1,1000,5,27.1,14.69745,1.095496,12.94957,-0.104599,-0.104599,1,0,16,0,14.80117,14.80117,1,1,150,0,0,0,127,30,0,0,30,1,-119.5764,
12.3854,1222.992,30.03784,0.03100424,0,92.79849,21.52738,14.24503,96.10304,280.1895,227.0066,0,2,1.732572,287.43,300,0.7,0,0,44.40322,44.40322,1,1,1.002848,1.001604,300,0.6998048,0,0,93.86101,1,0,1,1,18.71902,1.938743,0,1,270,232,0,0,0,1,1.013055,0,1,1,2,20,0,1,1000,5,27.1,14.69978,1.095496,12.94896,-0.1146116,-0.1146116,1,0,16,0,14.81386,14.81386,1,1,150,0,0,0,127,30,0,0,30,1,-119.9622,
12.4892,1222.544,29.30853,0.04043525,0,92.74624,21.58944,14.14934,96.02175,268.4401,227.7504,0,2,1.721749,287.47,300,0.7,0,0,43.9629,43.9629,1,1,1.009546,1.001393,300,0.6759728,0,0,93.86101,1,0,1,1,18.73875,1.962664,0,1,270,216,0,0,0,1,1.013179,0,1,1,2,40,0,1,1000,5,27.1,14.7,1.095496,12.95018,-0.05466747,-0.05466747,1,0,16,0,14.75467,14.75467,1,1,150,0,0,0,127,30,0,0,30,1,-120.6915,
12.5903,1219.909,29.14579,0.02157322,0,92.8194,21.57311,14.27937,96.06239,268.0332,228.4562,0,2,1.710934,287.61,300,0.7,0,0,43.86323,43.86323,1,1,1.000444,1.001448,300,0.6707109,0,0,93.86101,1,0,1,1,18.72328,1.930158,0,1,270,220,0,0,0,1,1.013146,0,1,1,2,50,0,1,1000,5,27.1,14.7,1.095496,12.9482,-0.09271717,-0.09271717,1,0,16,0,14.79272,14.79272,1,1,150,0,0,0,127,30,0,0,30,1,-120.8542,
12.6908,1227.948,29.29045,0.06165504,0,92.76714,21.53065,14.19696,95.9811,275.7136,230.1728,0,2,1.719127,287.75,300,0.7,0,0,43.95511,43.95511,1,1,1.006213,1.001593,300,0.6756954,0,0,93.86101,1,0,1,1,18.78156,1.950761,0,1,270,236,0,0,0,1,1.013061,0,1,1,2,30,0,1,1000,5,27.1,14.7,1.095825,12.95155,-0.0131855,-0.0131855,1,0,16,0,14.71319,14.71319,1,1,150,0,0,0,127,30,0,0,30,1,-120.7096,
12.7924,1223.691,30.00168,0.01449996,0,92.7776,21.59271,14.33248,96.12337,275.8492,229.3526,0,2,1.723364,287.72,300,0.7,0,0,44.38184,44.38184,1,1,0.9967267,1.001382,300,0.6987609,0,0,93.86101,1,0,1,1,18.72556,1.916881,0,1,270,220,0,0,0,1,1.013185,0,1,1,2,30,0,1,1000,5,27.1,14.69999,1.095825,12.94926,-0.03084946,-0.03084946,1,0,16,0,14.73085,14.73085,1,1,150,0,0,0,127,30,0,0,30,1,-119.9983,
12.894,1215.707,30.42962,0.0380775,0,92.93436,21.63844,14.17132,96.1132,281.0373,230.8785,0,2,1.732382,287.45,300,0.7,0,0,44.63467,44.63467,1,1,1.008008,1.001227,300,0.7128466,0,0,93.86101,1,0,1,1,18.65079,1.95717,0,1,270,232,0,0,0,1,1.013277,0,1,1,2,40,0,1,1000,5,27.1,14.69736,1.095825,12.95003,8.678436E-05,8.678436E-05,1,0,16,0,14.6992,14.6992,1,1,150,0,0,0,127,30,0,0,30,1,-119.5704,
12.9959,1215.116,30.21867,0.03100424,0,93.05978,21.60577,14.26838,96.16401,279.7827,227.9412,0,2,1.73154,287.55,300,0.7,0,0,44.50713,44.50713,1,1,1.001214,1.001337,300,0.7058525,0,0,93.86101,1,0,1,1,18.65275,1.932905,0,1,270,228,0,0,0,1,1.013211,0,1,1,2,40,0,1,1000,5,27.1,14.69865,1.095825,12.95094,-0.01016617,-0.01016617,1,0,16,0,14.7073,14.7073,1,1,150,0,0,0,127,30,0,0,30,1,-119.7813,
13.0966,1214.87,30.17045,0.002711187,0,92.93436,21.62047,14.29951,96.08272,280.7151,225.2518,0,2,1.721066,287.78,300,0.7,0,0,44.47791,44.47791,1,1,0.9990342,1.001287,300,0.7042347,0,0,93.86101,1,0,1,1,18.65234,1.925122,0,1,270,240,0,0,0,1,1.013241,0,1,1,2,50,0,1,1000,5,27.1,14.69895,1.095825,12.95155,-0.003798485,-0.003798485,1,0,16,0,14.70141,14.70141,1,1,150,0,0,0,127,30,0,0,30,1,-119.8296,
13.2018,1220.852,29.41702,0,0,92.7776,21.57964,14.07975,96.06239,270.1695,226.7586,0,2,1.719367,287.64,300,0.7,0,0,44.02737,44.02737,1,1,1.014417,1.001426,300,0.6798505,0,0,93.86101,1,0,1,1,18.72211,1.980062,0,1,270,228,0,0,0,1,1.013159,0,1,1,2,30,0,1,1000,5,27.1,14.7,1.096094,12.9514,-0.0131855,-0.0131855,1,0,16,0,14.71319,14.71319,1,1,150,0,0,0,127,30,0,0,30,1,-120.583,
13.3026,1221.548,29.15784,0.0121422,0,92.87166,21.63517,14.25556,96.14368,268.5927,228.1319,0,2,1.730526,287.3,300,0.7,0,0,43.87143,43.87143,1,1,1.002111,1.001238,300,0.6714212,0,0,93.86101,1,0,1,1,18.73574,1.93611,0,1,270,244,0,0,0,1,1.01327,0,1,1,2,40,0,1,1000,5,27.1,14.7,1.096094,12.95186,0.05158806,0.05158806,1,0,16,0,14.64841,14.64841,1,1,150,0,0,0,127,30,0,0,30,1,-120.8422,
13.4045,1218.472,29.3025,0.03336199,0,92.8194,21.6319,14.05594,96.04207,276.7478,230.4398,0,2,1.705861,287.76,300,0.7,0,0,43.95691,43.95691,1,1,1.016084,1.001249,300,0.67607,0,0,93.86101,1,0,1,1,18.70712,1.986014,0,1,270,228,0,0,0,1,1.013264,0,1,1,2,50,0,1,1000,5,27.1,14.7,1.096094,12.95308,0.05306053,0.05306053,1,0,16,0,14.64694,14.64694,1,1,150,0,0,0,127,30,0,0,30,1,-120.6975,
13.5066,1221.051,30.12826,0.0121422,0,92.72533,21.6319,14.31782,95.9811,283.8347,230.5733,0,2,1.719647,287.53,300,0.7,0,0,44.4565,44.4565,1,1,0.9977523,1.001249,300,0.703059,0,0,93.86101,1,0,1,1,18.7012,1.920544,0,1,270,220,0,0,0,1,1.013264,0,1,1,2,20,0,1,1000,5,27.1,14.69924,1.096094,12.95201,0.03981018,0.03981018,1,0,16,0,14.66019,14.66019,1,1,150,0,0,0,127,30,0,0,30,1,-119.8717,
13.6076,1225.69,30.25483,0.02628873,0,92.73579,21.61884,14.39108,96.05223,280.6982,228.4562,0,2,1.726181,287.59,300,0.7,0,0,44.53593,44.53593,1,1,0.9926245,1.001293,300,0.707185,0,0,93.86101,1,0,1,1,18.73282,1.90223,0,1,270,228,0,0,0,1,1.013238,0,1,1,2,40,0,1,1000,5,27.1,14.69852,1.095883,12.95201,0.003910065,0.003910065,1,0,16,0,14.69552,14.69552,1,1,150,0,0,0,127,30,0,0,30,1,-119.7452,
13.7098,1220.306,30.16442,0.02864648,0,92.73579,21.60577,14.38696,95.97094,277.9177,227.0447,0,2,1.728767,287.3,300,0.7,0,0,44.47783,44.47783,1,1,0.992913,1.001337,300,0.7041411,0,0,93.86101,1,0,1,1,18.69433,1.903261,0,1,270,236,0,0,0,1,1.013211,0,1,1,2,60,0,1,1000,5,27.1,14.69902,1.095883,12.95201,-0.07233715,-0.07233715,1,0,16,0,14.77052,14.77052,1,1,150,0,0,0,127,30,0,0,30,1,-119.8356,
13.811,1216.989,30.01373,0.002711187,0,92.7776,21.63517,14.3018,96.09288,278.528,226.9112,0,2,1.724068,287.79,300,0.7,0,0,44.38482,44.38482,1,1,0.998874,1.001238,300,0.6990867,0,0,93.86101,1,0,1,1,18.67349,1.92455,0,1,270,224,0,0,0,1,1.01327,0,1,1,2,30,0,1,1000,5,27.1,14.69992,1.095883,12.95018,0.03324986,0.03324986,1,0,16,0,14.66608,14.66608,1,1,150,0,0,0,127,30,0,0,30,1,-119.9863,
13.9116,1211.485,29.86305,0.04279301,0,92.72533,21.66293,14.34713,96.16401,279.0197,227.369,0,2,1.706174,287.63,300,0.7,0,0,44.29052,44.29052,1,1,0.9957012,1.001143,300,0.6940677,0,0,93.86101,1,0,1,1,18.63559,1.913218,0,1,270,224,0,0,0,1,1.013326,0,1,1,2,30,0,1,1000,5,27.1,14.7,1.095883,12.95384,-0.005948067,-0.005948067,1,0,16,0,14.70582,14.70582,1,1,150,0,0,0,127,30,0,0,30,1,-120.1369,
14.0148,1208.216,29.67017,0.03336199,0,92.71488,21.68906,14.24457,95.89981,277.4768,227.6741,0,2,1.701571,287.69,300,0.7,0,0,44.17235,44.17235,1,1,1.00288,1.001055,300,0.6877195,0,0,93.86101,1,0,1,1,18.61605,1.938857,0,1,270,224,0,0,0,1,1.013378,0,1,1,2,30,0,1,1000,5,27.1,14.7,1.095883,12.95308,0.03981018,0.03981018,1,0,16,0,14.66019,14.66019,1,1,150,0,0,0,127,30,0,0,30,1,-120.3298,
14.1167,1210.41,29.27236,0.02393097,0,92.78805,21.72663,14.16399,96.12337,267.2194,227.4643,0,2,1.714747,287.65,300,0.7,0,0,43.9341,43.9341,1,1,1.008521,1.000927,300,0.674377,0,0,93.86101,1,0,1,1,18.64503,1.959002,0,1,270,224,0,0,0,1,1.013453,0,1,1,2,40,0,1,1000,5,27.1,14.7,1.095191,12.94987,0.02803326,0.02803326,1,0,16,0,14.67197,14.67197,1,1,150,0,0,0,127,30,0,0,30,1,-120.7276,
14.2177,1205.642,29.41099,0.01685771,0,92.96572,21.72336,14.11271,96.21481,267.9823,229.1047,0,2,1.6879,287.87,300,0.7,0,0,44.01479,44.01479,1,1,1.01211,1.000938,300,0.6788184,0,0,93.86101,1,0,1,1,18.60369,1.971821,0,1,270,248,0,0,0,1,1.013447,0,1,1,2,50,0,1,1000,5,27.1,14.7,1.095191,12.95201,-0.03084946,-0.03084946,1,0,16,0,14.73085,14.73085,1,1,150,0,0,0,127,30,0,0,30,1,-120.589,
14.3193,1213.052,29.70031,0,0,93.00752,21.74459,14.04908,96.1945,278.4263,232.7096,0,2,1.708382,287.72,300,0.7,0,0,44.19346,44.19346,1,1,1.016565,1.000866,300,0.6882576,0,0,93.86101,1,0,1,1,18.65267,1.987731,0,1,270,228,0,0,0,1,1.013489,0,1,1,2,30,0,1,1000,5,27.1,14.7,1.095191,12.95186,-0.05044079,-0.05044079,1,0,16,0,14.75044,14.75044,1,1,150,0,0,0,127,30,0,0,30,1,-120.2997,
14.4197,1211.289,30.2488,0,0,92.88211,21.6956,13.93233,96.23514,280.7321,230.6115,0,2,1.715993,287.52,300,0.7,0,0,44.52275,44.52275,1,1,1.026767,1.001032,300,0.7063155,0,0,93.86101,1,0,1,1,18.62243,2.016918,0,1,270,244,0,0,0,1,1.013391,0,1,1,2,40,0,1,1000,5,27.1,14.69844,1.095191,12.9517,-0.05889606,-0.05889606,1,0,16,0,14.7589,14.7589,1,1,150,0,0,0,127,30,0,0,30,1,-119.7512,
14.5204,1215.658,30.47182,0,0,92.95527,21.71846,14.09486,96.17417,283.4279,230.0393,0,2,1.722182,287.73,300,0.7,0,0,44.66006,44.66006,1,1,1.01336,1.000955,300,0.7137589,0,0,93.86101,1,0,1,1,18.64911,1.976285,0,1,270,224,0,0,0,1,1.013437,0,1,1,2,40,0,1,1000,5,27.1,14.6971,1.095191,12.95216,-0.08256435,-0.08256435,1,0,16,0,14.78215,14.78215,1,1,150,0,0,0,127,30,0,0,30,1,-119.5282,
14.6222,1215.461,30.62853,0,0,92.99707,21.73479,14.23084,96.21481,282.0037,228.3799,0,2,1.732031,287.32,300,0.7,0,0,44.75438,44.75438,1,1,1.003842,1.000899,300,0.7194776,0,0,93.86101,1,0,1,1,18.64278,1.942291,0,1,270,232,0,0,0,1,1.01347,0,1,1,2,30,0,1,1000,5,27.1,14.69613,1.095955,12.94896,-0.05206394,-0.05206394,1,0,16,0,14.74938,14.74938,1,1,150,0,0,0,127,30,0,0,30,1,-119.3715,
14.7243,1217.434,30.2488,0,0,92.8194,21.6907,14.10905,96.18433,279.5622,227.4834,0,2,1.744988,287.36,300,0.7,0,0,44.52682,44.52682,1,1,1.012366,1.001049,300,0.7068758,0,0,93.86101,1,0,1,1,18.66962,1.972737,0,1,270,232,0,0,0,1,1.013381,0,1,1,2,40,0,1,1000,5,27.1,14.69849,1.095955,12.95766,0.01276207,0.01276207,1,0,16,0,14.68374,14.68374,1,1,150,0,0,0,127,30,0,0,30,1,-119.7512,
14.8249,1220.455,30.08606,0.0003534328,0,92.92391,21.6907,14.31096,96.22498,278.918,226.9303,0,2,1.728978,287.23,300,0.7,0,0,44.43067,44.43067,1,1,0.998233,1.001049,300,0.7015068,0,0,93.86101,1,0,1,1,18.69794,1.922261,0,1,270,248,0,0,0,1,1.013381,0,1,1,2,40,0,1,1000,5,27.1,14.69949,1.095955,12.95384,0.006477356,0.006477356,1,0,16,0,14.69258,14.69258,1,1,150,0,0,0,127,30,0,0,30,1,-119.9139,
14.9289,1217.631,29.53154,0.007426695,0,92.8403,21.73479,14.13469,96.14368,277.9855,227.6741,0,2,1.724978,287.48,300,0.7,0,0,44.09452,44.09452,1,1,1.010572,1.000899,300,0.6833012,0,0,93.86101,1,0,1,1,18.69344,1.966327,0,1,270,224,0,0,0,1,1.01347,0,1,1,2,20,0,1,1000,5,27.1,14.7,1.095955,12.95369,0.030159,0.030159,1,0,16,0,14.66976,14.66976,1,1,150,0,0,0,127,30,0,0,30,1,-120.4685,
15.0306,1213.74,29.42908,0,0,92.65218,21.73479,14.33248,95.99126,266.3717,229.0475,0,2,1.699235,287.43,300,0.7,0,0,44.03045,44.03045,1,1,0.9967267,1.000899,300,0.6799409,0,0,93.86101,1,0,1,1,18.66628,1.916881,0,1,270,224,0,0,0,1,1.01347,0,1,1,2,50,0,1,1000,5,27.1,14.7,1.095955,12.9543,0.02214527,0.02214527,1,0,16,0,14.67786,14.67786,1,1,150,0,0,0,127,30,0,0,30,1,-120.5709,
15.1311,1211.24,29.34469,0.03100424,0,92.63127,21.68416,14.34026,95.95062,272.2888,230.5924,0,2,1.685643,287.87,300,0.7,0,0,43.97815,43.97815,1,1,0.996182,1.001071,300,0.677178,0,0,93.86101,1,0,1,1,18.64934,1.914935,0,1,270,240,0,0,0,1,1.013368,0,1,1,2,50,0,1,1000,5,27.1,14.7,1.095864,12.9514,0.0103693,0.0103693,1,0,16,0,14.68963,14.68963,1,1,150,0,0,0,127,30,0,0,30,1,-120.6553,
15.2315,1218.521,29.63401,0.03336199,0,92.61037,21.73643,14.37368,96.05223,280.393,230.8022,0,2,1.695776,287.95,300,0.7,0,0,44.15683,44.15683,1,1,0.9938424,1.000894,300,0.686582,0,0,93.86101,1,0,1,1,18.69716,1.90658,0,1,270,244,0,0,0,1,1.013473,0,1,1,2,60,0,1,1000,5,27.1,14.7,1.095864,12.95354,-0.01907349,-0.01907349,1,0,16,0,14.71907,14.71907,1,1,150,0,0,0,127,30,0,0,30,1,-120.366,
15.3319,1220.207,30.15839,0.02393097,0,92.62082,21.78052,14.15667,96.00143,285.7506,229.8867,0,2,1.708289,287.69,300,0.7,0,0,44.47413,44.47413,1,1,1.009033,1.000744,300,0.7037538,0,0,93.86101,1,0,1,1,18.69375,1.960833,0,1,270,236,0,0,0,1,1.013561,0,1,1,2,40,0,1,1000,5,27.1,14.69905,1.095864,12.9546,-0.01539326,-0.01539326,1,0,16,0,14.71539,14.71539,1,1,150,0,0,0,127,30,0,0,30,1,-119.8416,
15.434,1215.067,30.37538,0.02628873,0,92.63127,21.80012,14.26517,96.09288,285.8524,229.3336,0,2,1.73147,287.44,300,0.7,0,0,44.60154,44.60154,1,1,1.001438,1.000678,300,0.710894,0,0,93.86101,1,0,1,1,18.64755,1.933707,0,1,270,240,0,0,0,1,1.0136,0,1,1,2,40,0,1,1000,5,27.1,14.69769,1.095864,12.95323,-0.01946259,-0.01946259,1,0,16,0,14.71834,14.71834,1,1,150,0,0,0,127,30,0,0,30,1,-119.6246,
15.5353,1216.594,30.64058,0,0,92.67308,21.79359,14.31782,95.99126,280.6473,229.181,0,2,1.733647,287.49,300,0.7,0,0,44.76244,44.76244,1,1,0.9977523,1.0007,300,0.7197728,0,0,93.86101,1,0,1,1,18.65105,1.920544,0,1,270,240,0,0,0,1,1.013587,0,1,1,2,40,0,1,1000,5,27.1,14.69608,1.095864,12.95262,-0.04536438,-0.04536438,1,0,16,0,14.74263,14.74263,1,1,150,0,0,0,127,30,0,0,30,1,-119.3594,
15.6356,1220.107,30.36935,0,0,92.79849,21.74296,14.19329,95.9811,280.4439,227.6551,0,2,1.748821,287.07,300,0.7,0,0,44.6013,44.6013,1,1,1.006469,1.000872,300,0.7112103,0,0,93.86101,1,0,1,1,18.68636,1.951676,0,1,270,236,0,0,0,1,1.013486,0,1,1,2,40,0,1,1000,5,27.1,14.69779,1.096494,12.95201,-0.06197834,-0.06197834,1,0,16,0,14.7589,14.7589,1,1,150,0,0,0,127,30,0,0,30,1,-119.6306,
15.741,1220.852,29.91729,0.01685771,0,92.68353,21.85238,14.35811,96.04207,280.0031,227.0256,0,2,1.729541,287.36,300,0.7,0,0,44.32912,44.32912,1,1,0.9949321,1.0005,300,0.6961353,0,0,93.86101,1,0,1,1,18.70633,1.910472,0,1,270,232,0,0,0,1,1.013705,0,1,1,2,60,0,1,1000,5,27.1,14.7,1.096494,12.95399,-0.09486389,-0.09486389,1,0,16,0,14.79377,14.79377,1,1,150,0,0,0,127,30,0,0,30,1,-120.0827,
15.843,1221.349,29.17592,0.009784449,0,92.89256,21.81482,14.08433,96.15385,266.609,227.6741,0,2,1.709889,287.66,300,0.7,0,0,43.88222,43.88222,1,1,1.014097,1.000628,300,0.6720762,0,0,93.86101,1,0,1,1,18.73361,1.978918,0,1,270,228,0,0,0,1,1.01363,0,1,1,2,40,0,1,1000,5,27.1,14.7,1.096494,12.95018,-0.1265364,-0.1265364,1,0,16,0,14.82654,14.82654,1,1,150,0,0,0,127,30,0,0,30,1,-120.8241,
15.9432,1225.49,29.10962,0,0,92.95527,21.86708,14.19375,96.1945,270.3221,230.2682,0,2,1.695261,287.73,300,0.7,0,0,43.84455,43.84455,1,1,1.006437,1.00045,300,0.6699236,0,0,93.86101,1,0,1,1,18.76818,1.951562,0,1,270,220,0,0,0,1,1.013734,0,1,1,2,50,0,1,1000,5,27.1,14.7,1.096494,12.95323,-0.07580662,-0.07580662,1,0,16,0,14.77581,14.77581,1,1,150,0,0,0,127,30,0,0,30,1,-120.8904,
16.0433,1226.492,29.48935,0.007426695,0,92.86121,21.78869,14.32378,96.14368,278.4941,230.5733,0,2,1.696648,287.78,300,0.7,0,0,44.07435,44.07435,1,1,0.9973357,1.000716,300,0.6822954,0,0,93.86101,1,0,1,1,18.76375,1.919056,0,1,270,228,0,0,0,1,1.013577,0,1,1,2,40,0,1,1000,5,27.1,14.7,1.096494,12.9543,-0.1360483,-0.1360483,1,0,16,0,14.83605,14.83605,1,1,150,0,0,0,127,30,0,0,30,1,-120.5107,
16.1437,1220.604,29.88113,0.02393097,0,92.75669,21.81482,14.22992,96.14368,283.004,229.696,0,2,1.708845,287.72,300,0.7,0,0,44.30716,44.30716,1,1,1.003906,1.000628,300,0.6972683,0,0,93.86101,1,0,1,1,18.70555,1.94252,0,1,270,232,0,0,0,1,1.01363,0,1,1,2,40,0,1,1000,5,27.1,14.7,1.100094,12.95232,-0.1201963,-0.1201963,1,0,16,0,14.8202,14.8202,1,1,150,0,0,0,127,30,0,0,30,1,-120.1189,
16.2441,1221.2,30.09812,0.04043525,0,92.75669,21.86545,14.25922,96.08272,283.377,229.2,0,2,1.730033,287.61,300,0.7,0,0,44.43842,44.43842,1,1,1.001854,1.000456,300,0.7043898,0,0,93.86101,1,0,1,1,18.7033,1.935194,0,1,270,232,0,0,0,1,1.013731,0,1,1,2,40,0,1,1000,5,27.1,14.69942,1.100094,12.95262,-0.1024551,-0.1024551,1,0,16,0,14.80223,14.80223,1,1,150,0,0,0,127,30,0,0,30,1,-119.9019,
16.3443,1217.236,30.58031,0.03571974,0,92.64172,21.86708,14.24137,96.1132,282.1563,227.903,0,2,1.734561,287.24,300,0.7,0,0,44.72655,44.72655,1,1,1.003104,1.00045,300,0.7204578,0,0,93.86101,1,0,1,1,18.65781,1.939658,0,1,270,240,0,0,0,1,1.013734,0,1,1,2,20,0,1,1000,5,27.1,14.69647,1.100094,12.95369,-0.05727673,-0.05727673,1,0,16,0,14.75572,14.75572,1,1,150,0,0,0,127,30,0,0,30,1,-119.4197,
16.4444,1215.904,30.84552,0.01685771,0,92.62082,21.82462,14.2812,96.01159,280.0709,227.8267,0,2,1.742796,287.59,300,0.7,0,0,44.88548,44.88548,1,1,1.000316,1.000595,300,0.7294143,0,0,93.86101,1,0,1,1,18.63947,1.9297,0,1,270,240,0,0,0,1,1.013649,0,1,1,2,50,0,1,1000,5,27.1,14.69481,1.100094,12.95323,-0.02278233,-0.02278233,1,0,16,0,14.71907,14.71907,1,1,150,0,0,0,127,30,0,0,30,1,-119.1545,
16.5459,1220.256,30.56223,0,0,92.72533,21.86545,14.38375,96.05223,280.5117,228.2273,0,2,1.749034,287.13,300,0.7,0,0,44.71773,44.71773,1,1,0.9931373,1.000456,300,0.7198834,0,0,93.86101,1,0,1,1,18.68143,1.904062,0,1,270,232,0,0,0,1,1.013731,0,1,1,2,40,0,1,1000,5,27.1,14.69663,1.100094,12.95201,-0.006631851,-0.006631851,1,0,16,0,14.70214,14.70214,1,1,150,0,0,0,127,30,0,0,30,1,-119.4378,
16.6475,1218.126,30.1825,0.01449996,0,92.8403,21.82788,14.18963,96.03191,279.4605,227.9221,0,2,1.735829,287.45,300,0.7,0,0,44.4873,44.4873,1,1,1.006726,1.000584,300,0.7065372,0,0,93.86101,1,0,1,1,18.677,1.952592,0,1,270,248,0,0,0,1,1.013656,0,1,1,2,30,0,1,1000,5,27.1,14.69889,1.099056,12.95445,0.01368904,0.01368904,1,0,16,0,14.68374,14.68374,1,1,150,0,0,0,127,30,0,0,30,1,-119.8175,
16.7492,1210.654,30.2488,0,0,92.73579,21.86708,14.26517,96.06239,279.5114,228.3036,0,2,1.725182,287.48,300,0.7,0,0,44.52234,44.52234,1,1,1.001438,1.00045,300,0.7086298,0,0,93.86101,1,0,1,1,18.61756,1.933707,0,1,270,240,0,0,0,1,1.013734,0,1,1,2,20,0,1,1000,5,27.1,14.69843,1.099056,12.95537,0.07460022,0.07460022,1,0,16,0,14.62265,14.62265,1,1,150,0,0,0,127,30,0,0,30,1,-119.7512,
16.8494,1214.772,30.03784,0.01685771,0,92.62082,21.91934,14.32149,96.05223,279.9522,228.7423,0,2,1.720926,287.47,300,0.7,0,0,44.39793,44.39793,1,1,0.9974959,1.000273,300,0.7016058,0,0,93.86101,1,0,1,1,18.65565,1.919628,0,1,270,240,0,0,0,1,1.013839,0,1,1,2,50,0,1,1000,5,27.1,14.69977,1.099056,12.95674,0.05273533,0.05273533,1,0,16,0,14.64547,14.64547,1,1,150,0,0,0,127,30,0,0,30,1,-119.9622,
16.9518,1220.902,29.45318,0,0,92.82985,21.91771,14.17498,96.26563,271.1698,228.151,0,2,1.709262,287.6,300,0.7,0,0,44.04921,44.04921,1,1,1.007751,1.000279,300,0.682537,0,0,93.86101,1,0,1,1,18.72136,1.956255,0,1,270,236,0,0,0,1,1.013835,0,1,1,2,50,0,1,1000,5,27.1,14.7,1.099056,12.95445,-0.007295609,-0.007295609,1,0,16,0,14.7073,14.7073,1,1,150,0,0,0,127,30,0,0,30,1,-120.5468,
17.054,1228.25,29.90524,0,0,92.92391,21.90138,14.15667,96.10304,283.6313,230.5352,0,2,1.71955,287.71,300,0.7,0,0,44.32653,44.32653,1,1,1.009033,1.000334,300,0.6979438,0,0,93.86101,1,0,1,1,18.76387,1.960833,0,1,270,228,0,0,0,1,1.013803,0,1,1,2,60,0,1,1000,5,27.1,14.7,1.099926,12.95567,-0.03968334,-0.03968334,1,0,16,0,14.73968,14.73968,1,1,150,0,0,0,127,30,0,0,30,1,-120.0948,
17.1553,1231.123,30.17045,0,0,92.85075,21.84748,14.31187,96.20466,282.9701,228.4371,0,2,1.733831,287.48,300,0.7,0,0,44.48855,44.48855,1,1,0.9981689,1.000517,300,0.7068074,0,0,93.86101,1,0,1,1,18.77732,1.922032,0,1,270,244,0,0,0,1,1.013695,0,1,1,2,30,0,1,1000,5,27.1,14.69904,1.099926,12.95567,-0.1286516,-0.1286516,1,0,16,0,14.82865,14.82865,1,1,150,0,0,0,127,30,0,0,30,1,-119.8296,
17.2564,1234.619,30.06798,0,0,92.79849,21.90464,14.24457,96.21481,280.8338,227.7886,0,2,1.759332,287.05,300,0.7,0,0,44.42891,44.42891,1,1,1.00288,1.000323,300,0.7033775,0,0,93.86101,1,0,1,1,18.80764,1.938857,0,1,270,228,0,0,0,1,1.013809,0,1,1,2,50,0,1,1000,5,27.1,14.69963,1.099926,12.95445,-0.1449518,-0.1449518,1,0,16,0,14.84345,14.84345,1,1,150,0,0,0,127,30,0,0,30,1,-119.932,
17.3564,1232.438,29.71236,0,0,92.89256,21.95527,14.26334,96.27579,279.3079,227.9221,0,2,1.735683,287.61,300,0.7,0,0,44.21263,44.21263,1,1,1.001566,1.000152,300,0.6916079,0,0,93.86101,1,0,1,1,18.80264,1.934164,0,1,270,232,0,0,0,1,1.013911,0,1,1,2,40,0,1,1000,5,27.1,14.7,1.099926,12.95445,-0.1554384,-0.1554384,1,0,16,0,14.85544,14.85544,1,1,150,0,0,0,127,30,0,0,30,1,-120.2876,
17.4598,1224.79,29.42305,0.02157322,0,92.8403,21.89975,14.28532,96.22498,279.8505,227.5406,0,2,1.714706,287.39,300,0.7,0,0,44.03332,44.03332,1,1,1.000028,1.00034,300,0.6821496,0,0,93.86101,1,0,1,1,18.75262,1.92867,0,1,270,236,0,0,0,1,1.013799,0,1,1,2,50,0,1,1000,5,27.1,14.7,1.099926,12.95521,-0.2239351,-0.2239351,1,0,16,0,14.92394,14.92394,1,1,150,0,0,0,127,30,0,0,30,1,-120.577,
17.5621,1227.345,29.13976,0,0,92.62082,21.95037,14.06052,96.07256,268.4571,228.9902,0,2,1.730564,287.73,300,0.7,0,0,43.86378,43.86378,1,1,1.015763,1.000168,300,0.6752871,0,0,93.86101,1,0,1,1,18.78174,1.984869,0,1,270,224,0,0,0,1,1.013901,0,1,1,2,20,0,1,1000,5,27.1,14.7,1.103775,12.95689,-0.1402769,-0.1402769,1,0,16,0,14.84028,14.84028,1,1,150,0,0,0,127,30,0,0,30,1,-120.8602,
17.6642,1222.195,29.68223,0.0380775,0,92.59992,21.85402,14.31874,95.99126,281.6815,231.4889,0,2,1.700888,287.79,300,0.7,0,0,44.18816,44.18816,1,1,0.9976882,1.000495,300,0.6930395,0,0,93.86101,1,0,1,1,18.72416,1.920315,0,1,270,236,0,0,0,1,1.013708,0,1,1,2,20,0,1,1000,5,27.1,14.7,1.103775,12.95521,-0.1328783,-0.1328783,1,0,16,0,14.83288,14.83288,1,1,150,0,0,0,127,30,0,0,30,1,-120.3178,
17.7659,1218.472,30.2488,0.03100424,0,92.54766,21.81809,14.38604,96.06239,283.5126,229.3336,0,2,1.726169,287.63,300,0.7,0,0,44.52751,44.52751,1,1,0.9929771,1.000617,300,0.7118013,0,0,93.86101,1,0,1,1,18.67759,1.903489,0,1,270,232,0,0,0,1,1.013636,0,1,1,2,30,0,1,1000,5,27.1,14.69849,1.103775,12.95567,0.02132702,0.02132702,1,0,16,0,14.67859,14.67859,1,1,150,0,0,0,127,30,0,0,30,1,-119.7512,
17.866,1211.485,30.43565,0.007426695,0,92.54766,21.86055,14.39474,96.01159,283.2244,228.8949,0,2,1.71627,287.45,300,0.7,0,0,44.63543,44.63543,1,1,0.9923682,1.000473,300,0.7179511,0,0,93.86101,1,0,1,1,18.61829,1.901315,0,1,270,240,0,0,0,1,1.013721,0,1,1,2,30,0,1,1000,5,27.1,14.69726,1.103775,12.95689,-0.02022076,-0.02022076,1,0,16,0,14.71907,14.71907,1,1,150,0,0,0,127,30,0,0,30,1,-119.5643,
17.9681,1209.531,30.15839,0,0,92.73579,21.98304,14.33248,96.06239,278.9858,227.9793,0,2,1.713502,287.71,300,0.7,0,0,44.46715,44.46715,1,1,0.9967267,1.000057,300,0.7085221,0,0,93.86101,1,0,1,1,18.61164,1.916881,0,1,270,228,0,0,0,1,1.013966,0,1,1,2,30,0,1,1000,5,27.1,14.69899,1.103775,12.95613,0.02735329,0.02735329,1,0,16,0,14.67049,14.67049,1,1,150,0,0,0,127,30,0,0,30,1,-119.8416,
18.0681,1210.019,30.06195,0.0380775,0,92.73579,21.87361,14.32515,95.9811,279.5962,227.6741,0,2,1.724277,287.52,300,0.7,0,0,44.40939,44.40939,1,1,0.9972395,1.000428,300,0.705015,0,0,93.86101,1,0,1,1,18.61829,1.918712,0,1,270,224,0,0,0,1,1.013747,0,1,1,2,30,0,1,1000,5,27.1,14.69961,1.103143,12.95644,0.03247261,0.03247261,1,0,16,0,14.66534,14.66534,1,1,150,0,0,0,127,30,0,0,30,1,-119.938,
18.1681,1210.507,30.05593,0.04750851,0,92.62082,21.96344,14.36132,95.9811,278.7145,226.3008,0,2,1.714885,287.64,300,0.7,0,0,44.40607,44.40607,1,1,0.9947077,1.000124,300,0.7047294,0,0,93.86101,1,0,1,1,18.62223,1.90967,0,1,270,232,0,0,0,1,1.013927,0,1,1,2,30,0,1,1000,5,27.1,14.69965,1.103143,12.95842,0.07294846,0.07294846,1,0,16,0,14.6256,14.6256,1,1,150,0,0,0,127,30,0,0,30,1,-119.9441,
18.26979,1202.308,30.00168,0.007426695,0,92.57902,21.89321,14.38375,95.97094,276.6122,227.4834,0,2,1.70327,287.57,300,0.7,0,0,44.36816,44.36816,1,1,0.9931373,1.000362,300,0.7029104,0,0,93.86101,1,0,1,1,18.56062,1.904062,0,1,270,240,0,0,0,1,1.013786,0,1,1,2,50,0,1,1000,5,27.1,14.69999,1.103143,12.95567,0.0333147,0.0333147,1,0,16,0,14.66608,14.66608,1,1,150,0,0,0,127,30,0,0,30,1,-119.9983,
18.37469,1202.26,29.58579,0.02393097,0,92.68353,22.03693,14.19879,96.12337,275.8492,226.3008,0,2,1.703202,287.84,300,0.7,0,0,44.11795,44.11795,1,1,1.006085,0.9998749,300,0.6891168,0,0,93.86101,1,0,1,1,18.57226,1.950303,0,1,270,224,0,0,0,1,1.014074,0,1,1,2,30,0,1,1000,5,27.1,14.7,1.103143,12.95644,-0.008458138,-0.008458138,1,0,16,0,14.7073,14.7073,1,1,150,0,0,0,127,30,0,0,30,1,-120.4142,
18.47519,1196.125,29.68825,0.03100424,0,92.64172,21.97487,14.15712,96.04207,275.1032,226.854,0,2,1.69451,287.76,300,0.7,0,0,44.17583,44.17583,1,1,1.009001,1.000085,300,0.6924714,0,0,93.86101,1,0,1,1,18.52169,1.960719,0,1,270,236,0,0,0,1,1.01395,0,1,1,2,40,0,1,1000,5,27.1,14.7,1.103143,12.95827,-0.01156139,-0.01156139,1,0,16,0,14.71024,14.71024,1,1,150,0,0,0,127,30,0,0,30,1,-120.3117,
18.5786,1198.37,29.32661,0,0,92.86121,21.97161,14.14934,96.17417,266.4056,227.9793,0,2,1.687705,287.63,300,0.7,0,0,43.95979,43.95979,1,1,1.009546,1.000096,300,0.6809342,0,0,93.86101,1,0,1,1,18.54937,1.962664,0,1,270,228,0,0,0,1,1.013943,0,1,1,2,40,0,1,1000,5,27.1,14.7,1.103532,12.95674,-0.04262733,-0.04262733,1,0,16,0,14.74263,14.74263,1,1,150,0,0,0,127,30,0,0,30,1,-120.6734,
18.6789,1203.563,29.38688,0.002711187,0,92.68353,21.97161,14.19329,96.15385,268.8979,229.6578,0,2,1.695017,287.8,300,0.7,0,0,43.99907,43.99907,1,1,1.006469,1.000096,300,0.6829432,0,0,93.86101,1,0,1,1,18.58817,1.951676,0,1,270,236,0,0,0,1,1.013943,0,1,1,2,50,0,1,1000,5,27.1,14.7,1.103532,12.95857,-0.03084946,-0.03084946,1,0,16,0,14.73085,14.73085,1,1,150,0,0,0,127,30,0,0,30,1,-120.6131,
18.779,1209.287,29.4351,0,0,92.89256,22.02877,14.27387,96.1945,272.0345,229.9058,0,2,1.693002,287.89,300,0.7,0,0,44.03145,44.03145,1,1,1.000829,0.9999025,300,0.6845121,0,0,93.86101,1,0,1,1,18.63139,1.931532,0,1,270,244,0,0,0,1,1.014058,0,1,1,2,50,0,1,1000,5,27.1,14.7,1.103532,12.95628,-0.02790546,-0.02790546,1,0,16,0,14.72791,14.72791,1,1,150,0,0,0,127,30,0,0,30,1,-120.5649,
18.8793,1220.157,29.64003,0,0,92.86121,22.06306,14.05274,96.09288,278.9858,230.9357,0,2,1.718388,287.46,300,0.7,0,0,44.16146,44.16146,1,1,1.016308,0.9997863,300,0.6912792,0,0,93.86101,1,0,1,1,18.70967,1.986815,0,1,270,236,0,0,0,1,1.014126,0,1,1,2,30,0,1,1000,5,27.1,14.7,1.103532,12.95689,-0.007295609,-0.007295609,1,0,16,0,14.7073,14.7073,1,1,150,0,0,0,127,30,0,0,30,1,-120.36,
18.9801,1219.859,30.16442,0,0,92.92391,22.07613,14.04312,96.22498,283.4279,228.7423,0,2,1.728134,287.7,300,0.7,0,0,44.47754,44.47754,1,1,1.016981,0.9997421,300,0.7085791,0,0,93.86101,1,0,1,1,18.69089,1.989219,0,1,270,232,0,0,0,1,1.014152,0,1,1,2,50,0,1,1000,5,27.1,14.69901,1.103532,12.95811,-0.01907349,-0.01907349,1,0,16,0,14.71907,14.71907,1,1,150,0,0,0,127,30,0,0,30,1,-119.8356,
19.0804,1214.28,30.1162,0.02628873,0,92.79849,22.02387,14.12004,96.25546,286.361,229.8867,0,2,1.730349,287.34,300,0.7,0,0,44.44482,44.44482,1,1,1.011597,0.9999192,300,0.7072146,0,0,93.86101,1,0,1,1,18.64946,1.96999,0,1,270,232,0,0,0,1,1.014048,0,1,1,2,50,0,1,1000,5,27.1,14.69928,1.103921,12.95705,-0.05889606,-0.05889606,1,0,16,0,14.7589,14.7589,1,1,150,0,0,0,127,30,0,0,30,1,-119.8838,
19.1822,1218.67,30.53812,0,0,92.8194,22.04836,14.13103,96.23514,282.2071,229.3526,0,2,1.736605,287.5,300,0.7,0,0,44.7021,44.7021,1,1,1.010828,0.9998361,300,0.7213731,0,0,93.86101,1,0,1,1,18.67007,1.967243,0,1,270,232,0,0,0,1,1.014097,0,1,1,2,40,0,1,1000,5,27.1,14.69675,1.103921,12.95567,-0.02686596,-0.02686596,1,0,16,0,14.72496,14.72496,1,1,150,0,0,0,127,30,0,0,30,1,-119.4619,
19.2843,1213.936,30.25483,0,0,92.73579,22.03693,14.21161,96.14368,281.3594,227.1592,0,2,1.750091,287.17,300,0.7,0,0,44.52814,44.52814,1,1,1.005188,0.9998749,300,0.7118306,0,0,93.86101,1,0,1,1,18.64258,1.947098,0,1,270,240,0,0,0,1,1.014074,0,1,1,2,50,0,1,1000,5,27.1,14.69842,1.103921,12.95628,-0.03441143,-0.03441143,1,0,16,0,14.73085,14.73085,1,1,150,0,0,0,127,30,0,0,30,1,-119.7452,
19.3858,1214.231,29.93538,0.005068941,0,92.72533,22.0549,14.22992,96.08272,279.8674,226.4534,0,2,1.730279,287.42,300,0.7,0,0,44.33583,44.33583,1,1,1.003906,0.999814,300,0.7011794,0,0,93.86101,1,0,1,1,18.65462,1.94252,0,1,270,232,0,0,0,1,1.01411,0,1,1,2,20,0,1,1000,5,27.1,14.7,1.103921,12.95811,0.01527596,0.01527596,1,0,16,0,14.68374,14.68374,1,1,150,0,0,0,127,30,0,0,30,1,-120.0646,
19.4896,1215.805,29.53757,0,0,92.64172,21.99447,14.06876,96.16401,279.3079,227.9221,0,2,1.722391,287.34,300,0.7,0,0,44.09706,44.09706,1,1,1.015187,1.000019,300,0.6881945,0,0,93.86101,1,0,1,1,18.67904,1.982809,0,1,270,228,0,0,0,1,1.013989,0,1,1,2,40,0,1,1000,5,27.1,14.7,1.103921,12.95811,0.0339222,0.0339222,1,0,16,0,14.66608,14.66608,1,1,150,0,0,0,127,30,0,0,30,1,-120.4624,
19.5908,1220.554,29.28442,0.007426695,0,92.53721,22.04836,14.2812,96.01159,266.0495,228.7614,0,2,1.718947,287.56,300,0.7,0,0,43.94721,43.94721,1,1,1.000316,0.9998361,300,0.6797307,0,0,93.86101,1,0,1,1,18.72396,1.9297,0,1,270,224,0,0,0,1,1.014097,0,1,1,2,40,0,1,1000,5,27.1,14.7,1.103604,12.95842,0.01184082,0.01184082,1,0,16,0,14.68816,14.68816,1,1,150,0,0,0,127,30,0,0,30,1,-120.7156,
19.6912,1229.256,29.04935,0.02393097,0,92.61037,22.02713,14.24045,96.02175,274.1877,231.4889,0,2,1.720959,287.73,300,0.7,0,0,43.81026,43.81026,1,1,1.003168,0.9999081,300,0.6721935,0,0,93.86101,1,0,1,1,18.79968,1.939887,0,1,270,240,0,0,0,1,1.014054,0,1,1,2,20,0,1,1000,5,27.1,14.7,1.103604,12.95811,0.002271652,0.002271652,1,0,16,0,14.69773,14.69773,1,1,150,0,0,0,127,30,0,0,30,1,-120.9507,
19.7928,1225.44,29.95949,0.04043525,0,92.59992,22.07613,14.16537,96.08272,281.6137,229.9058,0,2,1.725828,287.77,300,0.7,0,0,44.3575,44.3575,1,1,1.008424,0.9997421,300,0.7018646,0,0,93.86101,1,0,1,1,18.74042,1.958658,0,1,270,228,0,0,0,1,1.014152,0,1,1,2,50,0,1,1000,5,27.1,14.7,1.103604,12.95811,0.004480362,0.004480362,1,0,16,0,14.69552,14.69552,1,1,150,0,0,0,127,30,0,0,30,1,-120.0405,
19.8934,1219.661,30.15236,0.02393097,0,92.59992,22.07613,14.29951,96.05223,282.3767,229.963,0,2,1.738017,287.51,300,0.7,0,0,44.47014,44.47014,1,1,0.9990342,0.9997421,300,0.7082211,0,0,93.86101,1,0,1,1,18.68974,1.925122,0,1,270,228,0,0,0,1,1.014152,0,1,1,2,40,0,1,1000,5,27.1,14.69908,1.103604,12.95689,0.0004272461,0.0004272461,1,0,16,0,14.6992,14.6992,1,1,150,0,0,0,127,30,0,0,30,1,-119.8476,
19.9949,1214.722,30.32113,0.009784449,0,92.57902,22.07613,14.25556,96.03191,280.2404,228.1319,0,2,1.730979,287.67,300,0.7,0,0,44.56861,44.56861,1,1,1.002111,0.9997421,300,0.7138141,0,0,93.86101,1,0,1,1,18.64658,1.93611,0,1,270,228,0,0,0,1,1.014152,0,1,1,2,50,0,1,1000,5,27.1,14.69802,1.103604,12.95689,0.0001115799,0.0001115799,1,0,16,0,14.69846,14.69846,1,1,150,0,0,0,127,30,0,0,30,1,-119.6789,
20.0963,1219.512,30.13428,0.04279301,0,92.62082,22.07613,14.39108,96.02175,281.5629,227.388,0,2,1.737805,287.44,300,0.7,0,0,44.45914,44.45914,1,1,0.9926245,0.9997421,300,0.7078271,0,0,93.86101,1,0,1,1,18.68917,1.90223,0,1,270,240,0,0,0,1,1.014152,0,1,1,2,50,0,1,1000,5,27.1,14.69919,1.103934,12.95796,-0.0329628,-0.0329628,1,0,16,0,14.73085,14.73085,1,1,150,0,0,0,127,30,0,0,30,1,-119.8657,
20.1967,1216.94,29.8751,0.009784449,0,92.62082,22.0696,14.33522,96.10304,279.3079,226.8349,0,2,1.723998,287.68,300,0.7,0,0,44.30122,44.30122,1,1,0.9965345,0.9997642,300,0.6992146,0,0,93.86101,1,0,1,1,18.67741,1.916194,0,1,270,232,0,0,0,1,1.014139,0,1,1,2,30,0,1,1000,5,27.1,14.7,1.103934,12.95567,0.02313042,0.02313042,1,0,16,0,14.67565,14.67565,1,1,150,0,0,0,127,30,0,0,30,1,-120.1249,
20.3011,1216.446,29.6099,0.04043525,0,92.49541,22.06306,14.14934,96.04207,279.7827,227.8649,0,2,1.733436,287.55,300,0.7,0,0,44.14104,44.14104,1,1,1.009546,0.9997863,300,0.6905082,0,0,93.86101,1,0,1,1,18.68179,1.962664,0,1,270,236,0,0,0,1,1.014126,0,1,1,2,50,0,1,1000,5,27.1,14.7,1.103934,12.95689,0.0699892,0.0699892,1,0,16,0,14.63001,14.63001,1,1,150,0,0,0,127,30,0,0,30,1,-120.3901,
20.4041,1209.921,29.44113,0,0,92.68353,22.12513,14.0358,96.17417,269.4574,229.963,0,2,1.714055,287.8,300,0.7,0,0,44.03546,44.03546,1,1,1.017494,0.9995763,300,0.6848702,0,0,93.86101,1,0,1,1,18.63615,1.99105,0,1,270,232,0,0,0,1,1.01425,0,1,1,2,50,0,1,1000,5,27.1,14.7,1.103934,12.96056,0.07514191,0.07514191,1,0,16,0,14.62486,14.62486,1,1,150,0,0,0,127,30,0,0,30,1,-120.5589,
20.5056,1211.485,29.88113,0.01685771,0,92.59992,22.05,14.07792,96.17417,279.0367,230.2682,0,2,1.706174,287.52,300,0.7,0,0,44.30141,44.30141,1,1,1.014546,0.9998307,300,0.6993965,0,0,93.86101,1,0,1,1,18.63505,1.98052,0,1,270,240,0,0,0,1,1.0141,0,1,1,2,50,0,1,1000,5,27.1,14.7,1.103962,12.95689,0.01625729,0.01625729,1,0,16,0,14.68374,14.68374,1,1,150,0,0,0,127,30,0,0,30,1,-120.1189,
20.607,1220.405,30.48387,0.009784449,0,92.55811,22.10553,14.31782,96.09288,282.5632,230.1156,0,2,1.739077,287.4,300,0.7,0,0,44.67057,44.67057,1,1,0.9977523,0.9996426,300,0.719535,0,0,93.86101,1,0,1,1,18.68503,1.920544,0,1,270,244,0,0,0,1,1.014211,0,1,1,2,20,0,1,1000,5,27.1,14.6971,1.103962,12.95811,0.0444622,0.0444622,1,0,16,0,14.6543,14.6543,1,1,150,0,0,0,127,30,0,0,30,1,-119.5161,
20.7091,1219.165,30.97812,0,0,92.61037,22.04836,14.12782,96.06239,279.5622,229.8104,0,2,1.76779,287.28,300,0.7,0,0,44.96777,44.96777,1,1,1.011052,0.9998361,300,0.7362756,0,0,93.86101,1,0,1,1,18.66008,1.968044,0,1,270,216,0,0,0,1,1.014097,0,1,1,2,40,0,1,1000,5,27.1,14.69411,1.103962,12.95842,0.0479641,0.0479641,1,0,16,0,14.64694,14.64694,1,1,150,0,0,0,127,30,0,0,30,1,-119.0219,
20.8093,1222.145,30.64058,0,0,92.70444,22.15452,14.22992,96.15385,279.8505,227.5406,0,2,1.761926,287.34,300,0.7,0,0,44.7663,44.7663,1,1,1.003906,0.9994768,300,0.7247782,0,0,93.86101,1,0,1,1,18.69336,1.94252,0,1,270,232,0,0,0,1,1.014309,0,1,1,2,50,0,1,1000,5,27.1,14.6962,1.103962,12.95949,0.0726738,0.0726738,1,0,16,0,14.62339,14.62339,1,1,150,0,0,0,127,30,0,0,30,1,-119.3594,
20.9105,1225.49,30.19456,0.01921546,0,92.58947,22.0696,14.27113,96.08272,281.529,227.5406,0,2,1.756536,287.54,300,0.7,0,0,44.49942,44.49942,1,1,1.001021,0.9997642,300,0.709926,0,0,93.86101,1,0,1,1,18.73323,1.932218,0,1,270,236,0,0,0,1,1.014139,0,1,1,2,30,0,1,1000,5,27.1,14.69887,1.103962,12.95872,0.05529213,0.05529213,1,0,16,0,14.64252,14.64252,1,1,150,0,0,0,127,30,0,0,30,1,-119.8054,
21.0163,1234.009,29.59784,0.01921546,0,92.57902,22.16269,14.28852,96.14368,279.7996,226.6632,0,2,1.74818,287.28,300,0.7,0,0,44.14439,44.14439,1,1,0.9998034,0.9994491,300,0.6896734,0,0,93.86101,1,0,1,1,18.81866,1.927869,0,1,270,224,0,0,0,1,1.014325,0,1,1,2,50,0,1,1000,5,27.1,14.7,1.10312,12.95918,0.03024292,0.03024292,1,0,16,0,14.66976,14.66976,1,1,150,0,0,0,127,30,0,0,30,1,-120.4022,
21.1184,1231.375,29.49538,0.0121422,0,92.67308,22.12839,14.30363,96.14368,280.4947,230.2872,0,2,1.713664,287.67,300,0.7,0,0,44.08089,44.08089,1,1,0.9987459,0.9995652,300,0.6863305,0,0,93.86101,1,0,1,1,18.80158,1.924092,0,1,270,232,0,0,0,1,1.014257,0,1,1,2,30,0,1,1000,5,27.1,14.7,1.10312,12.95811,-0.04115582,-0.04115582,1,0,16,0,14.74116,14.74116,1,1,150,0,0,0,127,30,0,0,30,1,-120.5046,
21.2193,1229.307,30.14634,0,0,92.66263,22.19862,14.23725,96.05223,284.1908,229.8676,0,2,1.731274,287.59,300,0.7,0,0,44.47281,44.47281,1,1,1.003393,0.9993275,300,0.7076845,0,0,93.86101,1,0,1,1,18.76414,1.940688,0,1,270,236,0,0,0,1,1.014397,0,1,1,2,40,0,1,1000,5,27.1,14.69917,1.10312,12.95705,0.01699257,0.01699257,1,0,16,0,14.68301,14.68301,1,1,150,0,0,0,127,30,0,0,30,1,-119.8537,
21.3194,1224.74,30.23675,0.002711187,0,92.69398,22.14146,14.2084,96.03191,283.1057,229.6578,0,2,1.745254,287.28,300,0.7,0,0,44.52439,44.52439,1,1,1.005412,0.999521,300,0.7107141,0,0,93.86101,1,0,1,1,18.72611,1.947899,0,1,270,224,0,0,0,1,1.014283,0,1,1,2,40,0,1,1000,5,27.1,14.69862,1.10312,12.9601,0.02917671,0.02917671,1,0,16,0,14.66976,14.66976,1,1,150,0,0,0,127,30,0,0,30,1,-119.7633,
21.4207,1227.647,30.08003,0.01685771,0,92.68353,22.22312,14.36681,96.14368,280.4947,227.6741,0,2,1.739166,287.49,300,0.7,0,0,44.43168,44.43168,1,1,0.9943231,0.9992446,300,0.7054327,0,0,93.86101,1,0,1,1,18.75353,1.908297,0,1,270,224,0,0,0,1,1.014446,0,1,1,2,30,0,1,1000,5,27.1,14.69954,1.10312,12.95949,0.01468945,0.01468945,1,0,16,0,14.68374,14.68374,1,1,150,0,0,0,127,30,0,0,30,1,-119.92,
21.522,1224.24,29.86908,0.002711187,0,92.74624,22.18065,14.31966,96.13352,278.7654,227.4834,0,2,1.73434,287.5,300,0.7,0,0,44.30217,44.30217,1,1,0.997624,0.9993883,300,0.6979491,0,0,93.86101,1,0,1,1,18.73405,1.920086,0,1,270,224,0,0,0,1,1.014361,0,1,1,2,40,0,1,1000,5,27.1,14.7,1.102307,12.95949,0.0184145,0.0184145,1,0,16,0,14.6808,14.6808,1,1,150,0,0,0,127,30,0,0,30,1,-120.1309,
21.6271,1222.594,29.13373,0,0,92.67308,22.17902,14.11684,96.07256,266.5412,227.5216,0,2,1.721819,287.6,300,0.7,0,0,43.85747,43.85747,1,1,1.011822,0.9993938,300,0.6739345,0,0,93.86101,1,0,1,1,18.7447,1.970791,0,1,270,236,0,0,0,1,1.014358,0,1,1,2,50,0,1,1000,5,27.1,14.7,1.102307,12.95934,0.07882214,0.07882214,1,0,16,0,14.62118,14.62118,1,1,150,0,0,0,127,30,0,0,30,1,-120.8663,
21.7287,1220.952,28.98305,0.009784449,0,92.50586,22.18882,14.04679,96.10304,273.6112,229.9058,0,2,1.709332,287.89,300,0.7,0,0,43.76566,43.76566,1,1,1.016725,0.9993607,300,0.669036,0,0,93.86101,1,0,1,1,18.73658,1.988303,0,1,270,248,0,0,0,1,1.014378,0,1,1,2,50,0,1,1000,5,27.1,14.7,1.102307,12.95872,0.0596838,0.0596838,1,0,16,0,14.64032,14.64032,1,1,150,0,0,0,127,30,0,0,30,1,-121.017,
21.829,1220.306,29.3025,0,0,92.63127,22.18392,14.30363,96.14368,280.41,231.26,0,2,1.68809,287.98,300,0.7,0,0,43.95797,43.95797,1,1,0.9987459,0.9993772,300,0.6793872,0,0,93.86101,1,0,1,1,18.72145,1.924092,0,1,270,236,0,0,0,1,1.014368,0,1,1,2,40,0,1,1000,5,27.1,14.7,1.102307,12.95995,0.05158806,0.05158806,1,0,16,0,14.64841,14.64841,1,1,150,0,0,0,127,30,0,0,30,1,-120.6975,
21.9309,1214.378,29.9836,0.007426695,0,92.58947,22.20679,14.1205,96.10304,285.1742,229.2,0,2,1.710249,287.67,300,0.7,0,0,44.36498,44.36498,1,1,1.011565,0.9992999,300,0.7015926,0,0,93.86101,1,0,1,1,18.65428,1.969875,0,1,270,244,0,0,0,1,1.014414,0,1,1,2,60,0,1,1000,5,27.1,14.7,1.102307,12.96117,0.02508926,0.02508926,1,0,16,0,14.67491,14.67491,1,1,150,0,0,0,127,30,0,0,30,1,-120.0164,
22.0325,1212.268,30.25483,0.01449996,0,92.53721,22.19045,14.3865,95.96078,284.5638,229.0284,0,2,1.707278,287.52,300,0.7,0,0,44.52703,44.52703,1,1,0.9929451,0.9993551,300,0.7108502,0,0,93.86101,1,0,1,1,18.62977,1.903375,0,1,270,248,0,0,0,1,1.014381,0,1,1,2,30,0,1,1000,5,27.1,14.69841,1.102667,12.96178,0.02656174,0.02656174,1,0,16,0,14.67344,14.67344,1,1,150,0,0,0,127,30,0,0,30,1,-119.7452,
22.1327,1212.464,30.41154,0,0,92.54766,22.21005,14.23358,95.99126,282.4276,228.7423,0,2,1.727761,287.51,300,0.7,0,0,44.62157,44.62157,1,1,1.003649,0.9992888,300,0.7160771,0,0,93.86101,1,0,1,1,18.62652,1.941604,0,1,270,244,0,0,0,1,1.01442,0,1,1,2,50,0,1,1000,5,27.1,14.69743,1.102667,12.96193,0.04568863,0.04568863,1,0,16,0,14.6543,14.6543,1,1,150,0,0,0,127,30,0,0,30,1,-119.5885,
22.2347,1202.887,30.47784,0.0121422,0,92.55811,22.23292,14.23725,96.04207,279.5962,228.7423,0,2,1.724138,287.61,300,0.7,0,0,44.65498,44.65498,1,1,1.003393,0.9992115,300,0.71818,0,0,93.86101,1,0,1,1,18.55128,1.940688,0,1,270,244,0,0,0,1,1.014466,0,1,1,2,50,0,1,1000,5,27.1,14.69686,1.102667,12.96056,0.02890778,0.02890778,1,0,16,0,14.66902,14.66902,1,1,150,0,0,0,127,30,0,0,30,1,-119.5222,
22.3347,1199.52,30.47182,0.0121422,0,92.57902,22.23292,14.40069,96.05223,278.0024,228.3227,0,2,1.69932,288.1,300,0.7,0,0,44.64906,44.64906,1,1,0.9919515,0.9992115,300,0.7179433,0,0,93.86101,1,0,1,1,18.52571,1.899884,0,1,270,232,0,0,0,1,1.014466,0,1,1,2,40,0,1,1000,5,27.1,14.69685,1.102667,12.95934,0.03284645,0.03284645,1,0,16,0,14.66461,14.66461,1,1,150,0,0,0,127,30,0,0,30,1,-119.5282,
22.4357,1195.362,30.55017,0.03100424,0,92.54766,22.17739,14.3105,96.05223,278.7654,228.5897,0,2,1.723313,287.68,300,0.7,0,0,44.69331,44.69331,1,1,0.9982651,0.9993993,300,0.7205889,0,0,93.86101,1,0,1,1,18.49172,1.922375,0,1,270,244,0,0,0,1,1.014355,0,1,1,2,40,0,1,1000,5,27.1,14.69625,1.102667,12.96025,0.04848003,0.04848003,1,0,16,0,14.6462,14.6462,1,1,150,0,0,0,127,30,0,0,30,1,-119.4498,
22.5367,1197.079,30.58634,0,0,92.56857,22.25905,14.31004,96.14368,279.5622,229.1237,0,2,1.725789,287.67,300,0.7,0,0,44.71623,44.71623,1,1,0.9982972,0.9991232,300,0.721516,0,0,93.86101,1,0,1,1,18.50382,1.92249,0,1,270,240,0,0,0,1,1.014518,0,1,1,2,30,0,1,1000,5,27.1,14.69603,1.102326,12.96193,0.05703163,0.05703163,1,0,16,0,14.63737,14.63737,1,1,150,0,0,0,127,30,0,0,30,1,-119.4137,
22.6368,1196.936,30.68277,0,0,92.54766,22.23128,14.25968,96.09288,279.0367,227.369,0,2,1.735557,287.43,300,0.7,0,0,44.77409,44.77409,1,1,1.001822,0.999217,300,0.7247884,0,0,93.86101,1,0,1,1,18.50001,1.93508,0,1,270,236,0,0,0,1,1.014463,0,1,1,2,50,0,1,1000,5,27.1,14.69538,1.102326,12.96132,0.03388309,0.03388309,1,0,16,0,14.66019,14.66019,1,1,150,0,0,0,127,30,0,0,30,1,-119.3172,
22.7388,1208.216,30.29702,0.02628873,0,92.48495,22.24598,14.30317,96.09288,279.8505,227.8458,0,2,1.731776,287.37,300,0.7,0,0,44.54975,44.54975,1,1,0.9987778,0.9991673,300,0.7119434,0,0,93.86101,1,0,1,1,18.5974,1.924206,0,1,270,224,0,0,0,1,1.014492,0,1,1,2,30,0,1,1000,5,27.1,14.6981,1.102326,12.96117,0.04446793,0.04446793,1,0,16,0,14.65209,14.65209,1,1,150,0,0,0,127,30,0,0,30,1,-119.703,
22.8388,1215.707,30.0499,0.01449996,0,92.40134,22.23292,14.3105,96.02175,280.5117,226.9112,0,2,1.722252,287.36,300,0.7,0,0,44.4058,44.4058,1,1,0.9982651,0.9992115,300,0.7037914,0,0,93.86101,1,0,1,1,18.66249,1.922375,0,1,270,236,0,0,0,1,1.014466,0,1,1,2,40,0,1,1000,5,27.1,14.69969,1.102326,12.96056,0.01955223,0.01955223,1,0,16,0,14.67933,14.67933,1,1,150,0,0,0,127,30,0,0,30,1,-119.9501,
22.9412,1214.87,29.73044,0.02157322,0,92.51631,22.30478,14.06373,96.23514,278.0194,226.4534,0,2,1.73119,287.46,300,0.7,0,0,44.21273,44.21273,1,1,1.015539,0.9989684,300,0.6931974,0,0,93.86101,1,0,1,1,18.66584,1.984068,0,1,270,236,0,0,0,1,1.01461,0,1,1,2,40,0,1,1000,5,27.1,14.7,1.102326,12.96086,0.02067375,0.02067375,1,0,16,0,14.67933,14.67933,1,1,150,0,0,0,127,30,0,0,30,1,-120.2696,
23.0431,1217.187,29.35072,0.0380775,0,92.48495,22.23292,14.31782,96.01159,265.3205,228.8949,0,2,1.714204,287.49,300,0.7,0,0,43.98524,43.98524,1,1,0.9977523,0.9992115,300,0.6805938,0,0,93.86101,1,0,1,1,18.69559,1.920544,0,1,270,232,0,0,0,1,1.014466,0,1,1,2,40,0,1,1000,5,27.1,14.7,1.101844,12.96056,-0.03232193,-0.03232193,1,0,16,0,14.73232,14.73232,1,1,150,0,0,0,127,30,0,0,30,1,-120.6493,
23.1433,1219.81,29.20003,0.04515076,0,92.44315,22.23128,14.35857,95.9303,273.0009,232.3091,0,2,1.697569,287.76,300,0.7,0,0,43.89589,43.89589,1,1,0.9949,0.999217,300,0.6757257,0,0,93.86101,1,0,1,1,18.72079,1.910357,0,1,270,256,0,0,0,1,1.014463,0,1,1,2,50,0,1,1000,5,27.1,14.7,1.101844,12.96132,0.005951881,0.005951881,1,0,16,0,14.69405,14.69405,1,1,150,0,0,0,127,30,0,0,30,1,-120.8,
23.2447,1213.838,29.85702,0.01921546,0,92.39089,22.24925,14.38055,95.96078,280.9355,230.5924,0,2,1.689258,287.94,300,0.7,0,0,44.28837,44.28837,1,1,0.9933617,0.9991563,300,0.6970894,0,0,93.86101,1,0,1,1,18.65397,1.904863,0,1,270,236,0,0,0,1,1.014498,0,1,1,2,50,0,1,1000,5,27.1,14.7,1.101844,12.96117,0.01993752,0.01993752,1,0,16,0,14.68006,14.68006,1,1,150,0,0,0,127,30,0,0,30,1,-120.143,
23.3461,1215.165,30.00771,0.007426695,0,92.65218,22.28354,14.153,96.1132,281.4781,229.6769,0,2,1.721484,287.81,300,0.7,0,0,44.38002,44.38002,1,1,1.00929,0.9990402,300,0.7020254,0,0,93.86101,1,0,1,1,18.65961,1.961749,0,1,270,240,0,0,0,1,1.014567,0,1,1,2,50,0,1,1000,5,27.1,14.69995,1.101844,12.95934,0.07514191,0.07514191,1,0,16,0,14.62486,14.62486,1,1,150,0,0,0,127,30,0,0,30,1,-119.9923,
23.448,1211.191,30.50195,0,0,92.64172,22.30641,14.22992,96.1132,277.019,228.9712,0,2,1.725948,287.3,300,0.7,0,0,44.67517,44.67517,1,1,1.003906,0.998963,300,0.7184629,0,0,93.86101,1,0,1,1,18.61405,1.94252,0,1,270,236,0,0,0,1,1.014613,0,1,1,2,30,0,1,1000,5,27.1,14.69684,1.101844,12.95811,0.05025005,0.05025005,1,0,16,0,14.64841,14.64841,1,1,150,0,0,0,127,30,0,0,30,1,-119.498,
23.5492,1213.985,30.20661,0,0,92.48495,22.30314,14.20291,96.18433,269.3895,227.7886,0,2,1.740045,287.52,300,0.7,0,0,44.49911,44.49911,1,1,1.005796,0.998974,300,0.7076287,0,0,93.86101,1,0,1,1,18.64443,1.949273,0,1,270,236,0,0,0,1,1.014606,0,1,1,2,30,0,1,1000,5,27.1,14.69872,1.10031,12.96056,0.07884121,0.07884121,1,0,16,0,14.61823,14.61823,1,1,150,0,0,0,127,30,0,0,30,1,-119.7934,
23.6498,1214.575,30.13428,0.01449996,0,92.65218,22.32764,14.19696,96.1132,275.3575,228.3608,0,2,1.730769,287.31,300,0.7,0,0,44.45592,44.45592,1,1,1.006213,0.9988912,300,0.7052032,0,0,93.86101,1,0,1,1,18.65118,1.950761,0,1,270,216,0,0,0,1,1.014655,0,1,1,2,30,0,1,1000,5,27.1,14.69917,1.10031,12.96147,0.08437538,0.08437538,1,0,16,0,14.61308,14.61308,1,1,150,0,0,0,127,30,0,0,30,1,-119.8657,
23.7512,1214.821,29.77264,0,0,92.67308,22.31294,14.21527,96.22498,278.9688,229.0475,0,2,1.720996,287.6,300,0.7,0,0,44.23813,44.23813,1,1,1.004931,0.9989408,300,0.6933019,0,0,93.86101,1,0,1,1,18.66417,1.946183,0,1,270,228,0,0,0,1,1.014626,0,1,1,2,20,0,1,1000,5,27.1,14.7,1.10031,12.96559,0.07437897,0.07437897,1,0,16,0,14.62412,14.62412,1,1,150,0,0,0,127,30,0,0,30,1,-120.2274,
23.8548,1212.611,29.48332,0.009784449,0,92.53721,22.33744,14.12737,96.16401,278.4941,227.9984,0,2,1.707761,287.37,300,0.7,0,0,44.06246,44.06246,1,1,1.011084,0.998858,300,0.6838148,0,0,93.86101,1,0,1,1,18.65584,1.968159,0,1,270,232,0,0,0,1,1.014675,0,1,1,2,40,0,1,1000,5,27.1,14.7,1.10031,12.96056,0.02950668,0.02950668,1,0,16,0,14.67049,14.67049,1,1,150,0,0,0,127,30,0,0,30,1,-120.5167,
23.9554,1218.918,29.15784,0,0,92.59992,22.32111,14.22855,96.14368,267.7619,227.1782,0,2,1.716642,287.43,300,0.7,0,0,43.86994,43.86994,1,1,1.004002,0.9989132,300,0.6733266,0,0,93.86101,1,0,1,1,18.71513,1.942863,0,1,270,252,0,0,0,1,1.014642,0,1,1,2,40,0,1,1000,5,27.1,14.7,1.10031,12.96254,0.03539467,0.03539467,1,0,16,0,14.66461,14.66461,1,1,150,0,0,0,127,30,0,0,30,1,-120.8422,
24.057,1220.107,29.20606,0,0,92.42225,22.28354,14.2812,96.03191,276.6122,229.9821,0,2,1.697983,287.82,300,0.7,0,0,43.8997,43.8997,1,1,1.000316,0.9990402,300,0.6751351,0,0,93.86101,1,0,1,1,18.72294,1.9297,0,1,270,252,0,0,0,1,1.014567,0,1,1,2,30,0,1,1000,5,27.1,14.7,1.10064,12.96925,0.01404858,0.01404858,1,0,16,0,14.68595,14.68595,1,1,150,0,0,0,127,30,0,0,30,1,-120.7939,
24.1592,1223.341,29.8751,0.005068941,0,92.50586,22.38643,14.28486,96.08272,283.1227,228.9902,0,2,1.722872,287.28,300,0.7,0,0,44.30524,44.30524,1,1,1.00006,0.9986924,300,0.6968793,0,0,93.86101,1,0,1,1,18.7269,1.928785,0,1,270,232,0,0,0,1,1.014773,0,1,1,2,40,0,1,1000,5,27.1,14.7,1.10064,12.95934,0.03318691,0.03318691,1,0,16,0,14.66681,14.66681,1,1,150,0,0,0,127,30,0,0,30,1,-120.1249,
24.2593,1221.399,30.25483,0.005068941,0,92.53721,22.33581,14.12828,96.13352,283.6483,229.3336,0,2,1.730315,287.47,300,0.7,0,0,44.53308,44.53308,1,1,1.01102,0.9988635,300,0.7094902,0,0,93.86101,1,0,1,1,18.69987,1.967929,0,1,270,236,0,0,0,1,1.014672,0,1,1,2,40,0,1,1000,5,27.1,14.69848,1.10064,12.963,0.03465843,0.03465843,1,0,16,0,14.66534,14.66534,1,1,150,0,0,0,127,30,0,0,30,1,-119.7452,
24.3614,1213.494,30.44168,0,0,92.4536,22.37664,14.28852,96.09288,279.7148,229.0475,0,2,1.729229,287.68,300,0.7,0,0,44.64043,44.64043,1,1,0.9998034,0.9987255,300,0.7156113,0,0,93.86101,1,0,1,1,18.63348,1.927869,0,1,270,228,0,0,0,1,1.014753,0,1,1,2,50,0,1,1000,5,27.1,14.69726,1.10064,12.96361,0.01531029,0.01531029,1,0,16,0,14.68374,14.68374,1,1,150,0,0,0,127,30,0,0,30,1,-119.5583,
24.4631,1206.855,30.19456,0.0380775,0,92.4745,22.33581,14.37093,96.01159,278.7654,227.7504,0,2,1.719768,287.26,300,0.7,0,0,44.48717,44.48717,1,1,0.9940346,0.9988635,300,0.7078544,0,0,93.86101,1,0,1,1,18.58999,1.907266,0,1,270,236,0,0,0,1,1.014672,0,1,1,2,50,0,1,1000,5,27.1,14.69875,1.101449,12.96437,-0.03931141,-0.03931141,1,0,16,0,14.73674,14.73674,1,1,150,0,0,0,127,30,0,0,30,1,-119.8054,
24.5633,1209.287,30.14031,0.0121422,0,92.46405,22.37337,14.11958,96.14368,278.1211,228.4371,0,2,1.733312,287.53,300,0.7,0,0,44.4561,44.4561,1,1,1.011629,0.9987366,300,0.7060345,0,0,93.86101,1,0,1,1,18.61031,1.970104,0,1,270,232,0,0,0,1,1.014747,0,1,1,2,40,0,1,1000,5,27.1,14.69911,1.101449,12.96269,-0.007750511,-0.007750511,1,0,16,0,14.70582,14.70582,1,1,150,0,0,0,127,30,0,0,30,1,-119.8597,
24.6647,1210.849,30.05593,0.0640128,0,92.39089,22.3652,14.43274,96.02175,278.4941,229.0475,0,2,1.71537,287.58,300,0.7,0,0,44.4063,44.4063,1,1,0.9897082,0.9987642,300,0.7032514,0,0,93.86101,1,0,1,1,18.62487,1.894543,0,1,270,224,0,0,0,1,1.01473,0,1,1,2,20,0,1,1000,5,27.1,14.69965,1.101449,12.96269,-0.04066753,-0.04066753,1,0,16,0,14.73895,14.73895,1,1,150,0,0,0,127,30,0,0,30,1,-119.9441,
24.7667,1210.068,30.06798,0,0,92.51631,22.36194,14.26197,96.10304,279.4266,227.8267,0,2,1.724346,287.44,300,0.7,0,0,44.41305,44.41305,1,1,1.001662,0.9987752,300,0.7036474,0,0,93.86101,1,0,1,1,18.61848,1.934508,0,1,270,240,0,0,0,1,1.014724,0,1,1,2,50,0,1,1000,5,27.1,14.69957,1.101449,12.96178,-0.06250763,-0.06250763,1,0,16,0,14.76101,14.76101,1,1,150,0,0,0,127,30,0,0,30,1,-119.932,
24.8688,1214.034,29.5436,0.02864648,0,92.40134,22.37664,14.2226,96.05223,266.9481,226.3008,0,2,1.729999,287.57,300,0.7,0,0,44.09963,44.09963,1,1,1.004418,0.9987255,300,0.6864625,0,0,93.86101,1,0,1,1,18.66508,1.944351,0,1,270,236,0,0,0,1,1.014753,0,1,1,2,40,0,1,1000,5,27.1,14.7,1.101449,12.96117,-0.1011724,-0.1011724,1,0,16,0,14.80117,14.80117,1,1,150,0,0,0,127,30,0,0,30,1,-120.4564,
24.9707,1215.362,29.46524,0,0,92.52676,22.37174,14.22992,96.21481,274.2555,230.8976,0,2,1.711635,287.92,300,0.7,0,0,44.0532,44.0532,1,1,1.003906,0.9987421,300,0.6854489,0,0,93.86101,1,0,1,1,18.67782,1.94252,0,1,270,240,0,0,0,1,1.014743,0,1,1,2,10,0,1,1000,5,27.1,14.7,1.103902,12.96056,-0.133935,-0.133935,1,0,16,0,14.83394,14.83394,1,1,150,0,0,0,127,30,0,0,30,1,-120.5348,
25.0724,1208.021,30.27291,0,0,92.61037,22.40113,14.06876,96.22498,281.3424,232.0993,0,2,1.711363,287.73,300,0.7,0,0,44.53511,44.53511,1,1,1.015187,0.9986428,300,0.7119965,0,0,93.86101,1,0,1,1,18.59662,1.982809,0,1,270,228,0,0,0,1,1.014802,0,1,1,2,50,0,1,1000,5,27.1,14.69825,1.103902,12.96391,-0.07791996,-0.07791996,1,0,16,0,14.77792,14.77792,1,1,150,0,0,0,127,30,0,0,30,1,-119.7271,
25.17349,1214.427,30.5562,0,0,92.54766,22.4485,14.21344,96.23514,283.9196,230.5924,0,2,1.730559,287.71,300,0.7,0,0,44.71008,44.71008,1,1,1.005059,0.9984828,300,0.7215178,0,0,93.86101,1,0,1,1,18.63712,1.94664,0,1,270,232,0,0,0,1,1.014897,0,1,1,2,20,0,1,1000,5,27.1,14.69656,1.103902,12.96117,-0.08714294,-0.08714294,1,0,16,0,14.78426,14.78426,1,1,150,0,0,0,127,30,0,0,30,1,-119.4438,
25.27349,1218.076,30.54415,0.02157322,0,92.50586,22.375,14.2377,96.13352,282.1563,228.7041,0,2,1.735759,287.34,300,0.7,0,0,44.70532,44.70532,1,1,1.003361,0.9987311,300,0.7212243,0,0,93.86101,1,0,1,1,18.66535,1.940574,0,1,270,228,0,0,0,1,1.01475,0,1,1,2,30,0,1,1000,5,27.1,14.6967,1.103902,12.96208,-0.07954121,-0.07954121,1,0,16,0,14.77686,14.77686,1,1,150,0,0,0,127,30,0,0,30,1,-119.4559,
25.37569,1217.878,30.25483,0,0,92.7776,22.4583,14.14202,96.25546,278.2228,227.8267,0,2,1.745626,287.22,300,0.7,0,0,44.53075,44.53075,1,1,1.010059,0.9984497,300,0.7114347,0,0,93.86101,1,0,1,1,18.67285,1.964496,0,1,270,240,0,0,0,1,1.014917,0,1,1,2,30,0,1,1000,5,27.1,14.69845,1.103902,12.96315,-0.03636265,-0.03636265,1,0,16,0,14.73306,14.73306,1,1,150,0,0,0,127,30,0,0,30,1,-119.7452,
25.47689,1213.592,30.1162,0,0,92.64172,22.38154,14.15117,96.22498,278.6975,226.6632,0,2,1.729369,287.54,300,0.7,0,0,44.44438,44.44438,1,1,1.009418,0.998709,300,0.7077183,0,0,93.86101,1,0,1,1,18.64417,1.962207,0,1,270,232,0,0,0,1,1.014763,0,1,1,2,30,0,1,1000,5,27.1,14.69928,1.105277,12.95934,-0.1320486,-0.1320486,1,0,16,0,14.83077,14.83077,1,1,150,0,0,0,127,30,0,0,30,1,-119.8838,
25.58139,1212.268,29.76661,0,0,92.63127,22.38807,14.18963,96.28595,278.172,227.3308,0,2,1.727482,287.6,300,0.7,0,0,44.23292,44.23292,1,1,1.006726,0.9986869,300,0.6961343,0,0,93.86101,1,0,1,1,18.64458,1.952592,0,1,270,236,0,0,0,1,1.014776,0,1,1,2,40,0,1,1000,5,27.1,14.7,1.105277,12.96178,-0.1103907,-0.1103907,1,0,16,0,14.80963,14.80963,1,1,150,0,0,0,127,30,0,0,30,1,-120.2334,
25.68309,1216.644,29.35675,0.0380775,0,92.33864,22.34887,14.32927,95.9303,268.0502,229.3717,0,2,1.71344,287.71,300,0.7,0,0,43.98856,43.98856,1,1,0.9969511,0.9988194,300,0.682794,0,0,93.86101,1,0,1,1,18.69116,1.917682,0,1,270,232,0,0,0,1,1.014698,0,1,1,2,50,0,1,1000,5,27.1,14.7,1.105277,12.96361,-0.1565437,-0.1565437,1,0,16,0,14.85654,14.85654,1,1,150,0,0,0,127,30,0,0,30,1,-120.6432,
25.78339,1215.707,29.37483,0.007426695,0,92.40134,22.4142,14.04129,96.04207,272.1701,231.3554,0,2,1.722252,287.71,300,0.7,0,0,43.99891,43.99891,1,1,1.01711,0.9985986,300,0.6833123,0,0,93.86101,1,0,1,1,18.68329,1.989677,0,1,270,248,0,0,0,1,1.014828,0,1,1,2,20,0,1,1000,5,27.1,14.7,1.105277,12.96544,-0.1011724,-0.1011724,1,0,16,0,14.80117,14.80117,1,1,150,0,0,0,127,30,0,0,30,1,-120.6252,
25.88509,1218.274,30.00771,0.03571974,0,92.33864,22.3946,14.11317,96.00143,284.7164,229.7532,0,2,1.715736,287.22,300,0.7,0,0,44.38201,44.38201,1,1,1.012078,0.9986649,300,0.7041339,0,0,93.86101,1,0,1,1,18.68359,1.971707,0,1,270,236,0,0,0,1,1.014789,0,1,1,2,50,0,1,1000,5,27.1,14.69995,1.105277,12.96773,-0.08426189,-0.08426189,1,0,16,0,14.78426,14.78426,1,1,150,0,0,0,127,30,0,0,30,1,-119.9923,
25.98609,1223.341,30.09812,0.04043525,0,92.40134,22.45176,14.34713,96.02175,286.717,229.1619,0,2,1.733067,287.37,300,0.7,0,0,44.43981,44.43981,1,1,0.9957012,0.9984717,300,0.70863,0,0,93.86101,1,0,1,1,18.71979,1.913218,0,1,270,224,0,0,0,1,1.014904,0,1,1,2,20,0,1,1000,5,27.1,14.69942,1.1076,12.96544,-0.01760197,-0.01760197,1,0,16,0,14.7176,14.7176,1,1,150,0,0,0,127,30,0,0,30,1,-119.9019,
26.08669,1224.64,30.32113,0.04515076,0,92.35954,22.44033,14.3659,96.00143,283.5126,229.5815,0,2,1.734906,287.4,300,0.7,0,0,44.57524,44.57524,1,1,0.9943872,0.9985103,300,0.7161313,0,0,93.86101,1,0,1,1,18.72263,1.908526,0,1,270,232,0,0,0,1,1.014881,0,1,1,2,20,0,1,1000,5,27.1,14.69812,1.1076,12.9662,-0.06144238,-0.06144238,1,0,16,0,14.76101,14.76101,1,1,150,0,0,0,127,30,0,0,30,1,-119.6789,
26.18749,1227.546,30.14031,0,0,92.46405,22.47953,14.11821,96.05223,280.6643,228.2273,0,2,1.769712,287.4,300,0.7,0,0,44.46801,44.46801,1,1,1.011725,0.998378,300,0.710057,0,0,93.86101,1,0,1,1,18.7508,1.970448,0,1,270,240,0,0,0,1,1.014959,0,1,1,2,50,0,1,1000,5,27.1,14.69919,1.1076,12.96361,-0.03875828,-0.03875828,1,0,16,0,14.73674,14.73674,1,1,150,0,0,0,127,30,0,0,30,1,-119.8597,
26.28909,1226.091,29.79675,0.01685771,0,92.44315,22.42727,14.15667,96.10304,280.6473,226.9493,0,2,1.74718,287.26,300,0.7,0,0,44.25967,44.25967,1,1,1.009033,0.9985544,300,0.6986877,0,0,93.86101,1,0,1,1,18.7507,1.960833,0,1,270,240,0,0,0,1,1.014855,0,1,1,2,40,0,1,1000,5,27.1,14.7,1.1076,12.96559,-0.001407623,-0.001407623,1,0,16,0,14.70141,14.70141,1,1,150,0,0,0,127,30,0,0,30,1,-120.2033,
26.39139,1222.494,29.65209,0.007426695,0,92.4745,22.4534,14.21893,96.13352,280.9016,226.6823,0,2,1.731866,287.45,300,0.7,0,0,44.17015,44.17015,1,1,1.004675,0.9984662,300,0.6938637,0,0,93.86101,1,0,1,1,18.72744,1.945267,0,1,270,240,0,0,0,1,1.014907,0,1,1,2,40,0,1,1000,5,27.1,14.7,1.1076,12.96391,0.001536369,0.001536369,1,0,16,0,14.69846,14.69846,1,1,150,0,0,0,127,30,0,0,30,1,-120.3479,
26.49289,1222.145,29.16387,0.04515076,0,92.30728,22.44033,14.27754,96.00143,267.4398,227.0638,0,2,1.721188,287.35,300,0.7,0,0,43.8754,43.8754,1,1,1.000573,0.9985103,300,0.6776949,0,0,93.86101,1,0,1,1,18.74023,1.930616,0,1,270,228,0,0,0,1,1.014881,0,1,1,2,50,0,1,1000,5,27.1,14.7,1.107269,12.96483,-0.007295609,-0.007295609,1,0,16,0,14.7073,14.7073,1,1,150,0,0,0,127,30,0,0,30,1,-120.8361,
26.59329,1217.483,29.21811,0.0121422,0,92.35954,22.48116,14.32515,95.9811,268.4401,229.6578,0,2,1.704891,287.53,300,0.7,0,0,43.90547,43.90547,1,1,0.9972395,0.9983724,300,0.6793814,0,0,93.86101,1,0,1,1,18.70202,1.918712,0,1,270,236,0,0,0,1,1.014962,0,1,1,2,50,0,1,1000,5,27.1,14.7,1.107269,12.96849,-0.007295609,-0.007295609,1,0,16,0,14.7073,14.7073,1,1,150,0,0,0,127,30,0,0,30,1,-120.7819,
26.69379,1210.605,29.09154,0.02864648,0,92.4118,22.4142,14.29219,96.02175,271.831,230.3826,0,2,1.684758,287.64,300,0.7,0,0,43.82531,43.82531,1,1,0.999547,0.9985986,300,0.6752672,0,0,93.86101,1,0,1,1,18.652,1.926953,0,1,270,228,0,0,0,1,1.014828,0,1,1,2,50,0,1,1000,5,27.1,14.7,1.107269,12.9662,-0.007295609,-0.007295609,1,0,16,0,14.7073,14.7073,1,1,150,0,0,0,127,30,0,0,30,1,-120.9085,
26.79519,1214.427,29.98962,0.01449996,0,92.39089,22.50566,14.37643,96.08272,280.9695,231.26,0,2,1.690078,287.83,300,0.7,0,0,44.36864,44.36864,1,1,0.9936501,0.9982898,300,0.7046527,0,0,93.86101,1,0,1,1,18.65447,1.905893,0,1,270,240,0,0,0,1,1.015011,0,1,1,2,50,0,1,1000,5,27.1,14.7,1.107269,12.96651,0.006689072,0.006689072,1,0,16,0,14.69331,14.69331,1,1,150,0,0,0,127,30,0,0,30,1,-120.0104,
26.89729,1219.116,30.57428,0.0380775,0,92.4327,22.54322,14.15667,96.09288,282.3088,229.6578,0,2,1.757559,287.5,300,0.7,0,0,44.72421,44.72421,1,1,1.009033,0.9981629,300,0.7242793,0,0,93.86101,1,0,1,1,18.67234,1.960833,0,1,270,240,0,0,0,1,1.015086,0,1,1,2,40,0,1,1000,5,27.1,14.69654,1.107269,12.963,-0.009186745,-0.009186745,1,0,16,0,14.70656,14.70656,1,1,150,0,0,0,127,30,0,0,30,1,-119.4257,
26.99769,1219.264,30.6888,0.002711187,0,92.4327,22.55792,14.18597,96.04207,280.9016,229.963,0,2,1.757773,287.17,300,0.7,0,0,44.79337,44.79337,1,1,1.006982,0.9981133,300,0.7280752,0,0,93.86101,1,0,1,1,18.66989,1.953508,0,1,270,220,0,0,0,1,1.015116,0,1,1,2,50,0,1,1000,5,27.1,14.69585,1.107177,12.96178,-0.009402275,-0.009402275,1,0,16,0,14.70656,14.70656,1,1,150,0,0,0,127,30,0,0,30,1,-119.3112,
27.09939,1214.182,30.47182,0,0,92.40134,22.55629,14.32607,96.1132,280.1895,227.9984,0,2,1.740327,287.48,300,0.7,0,0,44.65906,44.65906,1,1,0.9971754,0.9981188,300,0.720701,0,0,93.86101,1,0,1,1,18.63782,1.918483,0,1,270,236,0,0,0,1,1.015113,0,1,1,2,50,0,1,1000,5,27.1,14.69708,1.107177,12.96193,-0.07195377,-0.07195377,1,0,16,0,14.76735,14.76735,1,1,150,0,0,0,127,30,0,0,30,1,-119.5282,
27.20009,1213.74,30.21867,0.0121422,0,92.52676,22.54486,14.23725,96.07256,279.7148,228.4562,0,2,1.739693,287.38,300,0.7,0,0,44.50622,44.50622,1,1,1.003393,0.9981574,300,0.7122035,0,0,93.86101,1,0,1,1,18.64217,1.940688,0,1,270,228,0,0,0,1,1.01509,0,1,1,2,50,0,1,1000,5,27.1,14.69864,1.107177,12.96513,-0.006832123,-0.006832123,1,0,16,0,14.70435,14.70435,1,1,150,0,0,0,127,30,0,0,30,1,-119.7813,
27.30499,1214.722,29.82086,0,0,92.48495,22.48606,14.11363,96.18433,279.0197,226.8349,0,2,1.720857,287.57,300,0.7,0,0,44.26713,44.26713,1,1,1.012046,0.9983559,300,0.6990456,0,0,93.86101,1,0,1,1,18.66192,1.971592,0,1,270,228,0,0,0,1,1.014972,0,1,1,2,20,0,1,1000,5,27.1,14.7,1.107177,12.96544,-0.01964283,-0.01964283,1,0,16,0,14.71907,14.71907,1,1,150,0,0,0,127,30,0,0,30,1,-120.1791,
27.40629,1216.89,29.21811,0,0,92.4536,22.50402,14.18597,96.12337,268.2197,227.5025,0,2,1.713787,287.32,300,0.7,0,0,43.90513,43.90513,1,1,1.006982,0.9982952,300,0.6792982,0,0,93.86101,1,0,1,1,18.69738,1.953508,0,1,270,228,0,0,0,1,1.015008,0,1,1,2,50,0,1,1000,5,27.1,14.7,1.107177,12.96574,0.0339222,0.0339222,1,0,16,0,14.66608,14.66608,1,1,150,0,0,0,127,30,0,0,30,1,-120.7819,
27.50639,1215.461,29.13976,0.005068941,0,92.54766,22.53179,14.04679,96.1945,267.7619,227.3118,0,2,1.721903,287.35,300,0.7,0,0,43.85709,43.85709,1,1,1.016725,0.9982014,300,0.6762028,0,0,93.86101,1,0,1,1,18.6886,1.988303,0,1,270,228,0,0,0,1,1.015064,0,1,1,2,40,0,1,1000,5,27.1,14.7,1.10635,12.96346,0.004480362,0.004480362,1,0,16,0,14.69552,14.69552,1,1,150,0,0,0,127,30,0,0,30,1,-120.8602,
27.60679,1210.654,29.09757,0,0,92.59992,22.60855,14.26334,96.2453,270.7459,230.2682,0,2,1.705004,287.87,300,0.7,0,0,43.82897,43.82897,1,1,1.001566,0.9979424,300,0.6747177,0,0,93.86101,1,0,1,1,18.6522,1.934164,0,1,270,232,0,0,0,1,1.015217,0,1,1,2,50,0,1,1000,5,27.1,14.7,1.10635,12.96559,-0.02790546,-0.02790546,1,0,16,0,14.72791,14.72791,1,1,150,0,0,0,127,30,0,0,30,1,-120.9024,
27.70809,1208.216,29.59181,0,0,92.66263,22.57589,14.26472,96.22498,277.8837,230.7069,0,2,1.681434,287.56,300,0.7,0,0,44.12517,44.12517,1,1,1.00147,0.9980526,300,0.6908476,0,0,93.86101,1,0,1,1,18.61838,1.933821,0,1,270,228,0,0,0,1,1.015152,0,1,1,2,40,0,1,1000,5,27.1,14.7,1.10635,12.96422,-0.07580662,-0.07580662,1,0,16,0,14.77581,14.77581,1,1,150,0,0,0,127,30,0,0,30,1,-120.4082,
27.80899,1209.092,29.95346,0,0,92.49541,22.58895,14.24091,96.22498,281.6307,229.963,0,2,1.702805,287.87,300,0.7,0,0,44.34346,44.34346,1,1,1.003136,0.9980085,300,0.7027369,0,0,93.86101,1,0,1,1,18.61439,1.939773,0,1,270,224,0,0,0,1,1.015178,0,1,1,2,20,0,1,1000,5,27.1,14.7,1.10635,12.96666,-0.01612949,-0.01612949,1,0,16,0,14.71613,14.71613,1,1,150,0,0,0,127,30,0,0,30,1,-120.0465,
27.91119,1207.438,30.61045,0.01449996,0,92.4118,22.56935,14.23541,96.13352,283.2244,229.3526,0,2,1.720599,287.48,300,0.7,0,0,44.73792,44.73792,1,1,1.003521,0.9980747,300,0.7250069,0,0,93.86101,1,0,1,1,18.58215,1.941146,0,1,270,240,0,0,0,1,1.015139,0,1,1,2,40,0,1,1000,5,27.1,14.69608,1.106739,12.96635,-0.002579689,-0.002579689,1,0,16,0,14.70141,14.70141,1,1,150,0,0,0,127,30,0,0,30,1,-119.3896,
28.0125,1211.094,30.1825,0.01685771,0,92.46405,22.55792,14.35262,96.14368,282.0206,228.666,0,2,1.705624,287.74,300,0.7,0,0,44.48269,44.48269,1,1,0.9953166,0.9981133,300,0.7106704,0,0,93.86101,1,0,1,1,18.62293,1.911845,0,1,270,236,0,0,0,1,1.015116,0,1,1,2,30,0,1,1000,5,27.1,14.69885,1.106739,12.9662,-0.02790546,-0.02790546,1,0,16,0,14.72791,14.72791,1,1,150,0,0,0,127,30,0,0,30,1,-119.8175,
28.11369,1217.878,30.56223,0.009784449,0,92.48495,22.62161,14.02252,96.16401,282.6988,228.3799,0,2,1.755775,287.2,300,0.7,0,0,44.71609,44.71609,1,1,1.018423,0.9978983,300,0.7234333,0,0,93.86101,1,0,1,1,18.66328,1.99437,0,1,270,232,0,0,0,1,1.015243,0,1,1,2,50,0,1,1000,5,27.1,14.69659,1.106739,12.96422,0.002493858,0.002493858,1,0,16,0,14.69552,14.69552,1,1,150,0,0,0,127,30,0,0,30,1,-119.4378,
28.21599,1220.008,30.35127,0,0,92.59992,22.65428,14.20062,96.25546,279.1045,227.369,0,2,1.748678,287.61,300,0.7,0,0,44.59033,44.59033,1,1,1.005957,0.9977882,300,0.7163227,0,0,93.86101,1,0,1,1,18.68616,1.949845,0,1,270,224,0,0,0,1,1.015308,0,1,1,2,20,0,1,1000,5,27.1,14.69789,1.106739,12.96178,-0.01303387,-0.01303387,1,0,16,0,14.71024,14.71024,1,1,150,0,0,0,127,30,0,0,30,1,-119.6487,
28.31669,1218.274,30.27894,0,0,92.50586,22.61018,14.10356,96.16401,279.2401,227.7314,0,2,1.756345,287.36,300,0.7,0,0,44.54555,44.54555,1,1,1.012751,0.997937,300,0.7139223,0,0,93.86101,1,0,1,1,18.67513,1.97411,0,1,270,228,0,0,0,1,1.01522,0,1,1,2,30,0,1,1000,5,27.1,14.69831,1.106739,12.96544,0.003143311,0.003143311,1,0,16,0,14.69258,14.69258,1,1,150,0,0,0,127,30,0,0,30,1,-119.7211,
28.42189,1222.942,29.83291,0,0,92.55811,22.66571,14.07609,96.23514,277.9177,227.2164,0,2,1.752884,287.19,300,0.7,0,0,44.27953,44.27953,1,1,1.014674,0.9977496,300,0.6985453,0,0,93.86101,1,0,1,1,18.72516,1.980978,0,1,270,232,0,0,0,1,1.015331,0,1,1,2,40,0,1,1000,5,27.1,14.7,1.105908,12.96483,0.04965687,0.04965687,1,0,16,0,14.64841,14.64841,1,1,150,0,0,0,127,30,0,0,30,1,-120.1671,
28.52349,1231.982,29.45318,0.03100424,0,92.20277,22.55629,14.28852,96.07256,271.6954,229.7532,0,2,1.724775,287.62,300,0.7,0,0,44.05576,44.05576,1,1,0.9998034,0.9981188,300,0.6862746,0,0,93.86101,1,0,1,1,18.8077,1.927869,0,1,270,228,0,0,0,1,1.015113,0,1,1,2,50,0,1,1000,5,27.1,14.7,1.105908,12.9662,0.04201984,0.04201984,1,0,16,0,14.65798,14.65798,1,1,150,0,0,0,127,30,0,0,30,1,-120.5468,
28.62359,1235.483,29.62798,0.002711187,0,92.29683,22.62161,14.3398,96.09288,282.1224,230.7259,0,2,1.71938,287.74,300,0.7,0,0,44.16349,44.16349,1,1,0.996214,0.9978983,300,0.6919718,0,0,93.86101,1,0,1,1,18.8291,1.91505,0,1,270,228,0,0,0,1,1.015243,0,1,1,2,50,0,1,1000,5,27.1,14.7,1.105908,12.96666,-0.0006723404,-0.0006723404,1,0,16,0,14.70067,14.70067,1,1,150,0,0,0,127,30,0,0,30,1,-120.372,
28.72519,1232.033,30.27894,0.0380775,0,92.29683,22.57099,14.11821,95.99126,286.4627,229.0284,0,2,1.765914,287.13,300,0.7,0,0,44.5547,44.5547,1,1,1.011725,0.9980692,300,0.7135661,0,0,93.86101,1,0,1,1,18.78072,1.970448,0,1,270,232,0,0,0,1,1.015142,0,1,1,2,50,0,1,1000,5,27.1,14.69844,1.105908,12.96819,-0.0162735,-0.0162735,1,0,16,0,14.71613,14.71613,1,1,150,0,0,0,127,30,0,0,30,1,-119.7211,
28.82619,1226.492,30.3573,0.01449996,0,92.33864,22.62325,14.14934,96.09288,281.0712,228.7614,0,2,1.757972,287.35,300,0.7,0,0,44.59832,44.59832,1,1,1.009546,0.9978928,300,0.7160849,0,0,93.86101,1,0,1,1,18.73566,1.962664,0,1,270,236,0,0,0,1,1.015247,0,1,1,2,50,0,1,1000,5,27.1,14.69793,1.105908,12.96727,0.03524971,0.03524971,1,0,16,0,14.66387,14.66387,1,1,150,0,0,0,127,30,0,0,30,1,-119.6427,
28.92819,1216.989,30.03182,0.0380775,0,92.30728,22.58732,14.25922,96.08272,279.1045,227.7504,0,2,1.73421,287.52,300,0.7,0,0,44.39572,44.39572,1,1,1.001854,0.9980141,300,0.7049907,0,0,93.86101,1,0,1,1,18.67293,1.935194,0,1,270,244,0,0,0,1,1.015175,0,1,1,2,40,0,1,1000,5,27.1,14.69981,1.105682,12.9688,0.03343487,0.03343487,1,0,16,0,14.66534,14.66534,1,1,150,0,0,0,127,30,0,0,30,1,-119.9682,
29.03289,1209.873,29.65209,0.02157322,0,92.32819,22.64285,14.30409,96.04207,278.5789,227.9603,0,2,1.713986,287.65,300,0.7,0,0,44.16247,44.16247,1,1,0.9987137,0.9978267,300,0.692356,0,0,93.86101,1,0,1,1,18.62945,1.923977,0,1,270,220,0,0,0,1,1.015286,0,1,1,2,30,0,1,1000,5,27.1,14.7,1.105682,12.96864,-0.01334858,-0.01334858,1,0,16,0,14.71319,14.71319,1,1,150,0,0,0,127,30,0,0,30,1,-120.3479,
29.13369,1207.778,29.41099,0.06637054,0,92.23412,22.61018,14.22992,96.01159,276.8665,227.1782,0,2,1.700954,287.65,300,0.7,0,0,44.01605,44.01605,1,1,1.003906,0.997937,300,0.6844814,0,0,93.86101,1,0,1,1,18.62034,1.94252,0,1,270,236,0,0,0,1,1.01522,0,1,1,2,40,0,1,1000,5,27.1,14.7,1.105682,12.96895,-0.01612949,-0.01612949,1,0,16,0,14.71613,14.71613,1,1,150,0,0,0,127,30,0,0,30,1,-120.589,
29.23519,1204.868,29.20003,0,0,92.50586,22.66245,14.16399,96.05223,265.7104,227.5979,0,2,1.706896,287.45,300,0.7,0,0,43.88739,43.88739,1,1,1.008521,0.9977606,300,0.6775352,0,0,93.86101,1,0,1,1,18.60382,1.959002,0,1,270,228,0,0,0,1,1.015325,0,1,1,2,40,0,1,1000,5,27.1,14.7,1.105682,12.96803,-0.03673935,-0.03673935,1,0,16,0,14.73674,14.73674,1,1,150,0,0,0,127,30,0,0,30,1,-120.8,
29.33539,1201.779,29.6762,0.03100424,0,92.23412,22.63631,14.2757,95.96078,266.6599,228.1319,0,2,1.70252,287.66,300,0.7,0,0,44.17204,44.17204,1,1,1.000701,0.9978487,300,0.6930756,0,0,93.86101,1,0,1,1,18.56591,1.931074,0,1,270,240,0,0,0,1,1.015273,0,1,1,2,30,0,1,1000,5,27.1,14.7,1.105682,12.96544,-0.05471897,-0.05471897,1,0,16,0,14.75467,14.75467,1,1,150,0,0,0,127,30,0,0,30,1,-120.3238,
29.43739,1198.275,29.3688,0,0,92.46405,22.64938,14.18414,96.22498,272.8483,230.9167,0,2,1.697556,287.88,300,0.7,0,0,43.9851,43.9851,1,1,1.00711,0.9978046,300,0.68337,0,0,93.86101,1,0,1,1,18.54743,1.953966,0,1,270,232,0,0,0,1,1.015299,0,1,1,2,40,0,1,1000,5,27.1,14.7,1.106311,12.96635,-0.01612949,-0.01612949,1,0,16,0,14.71613,14.71613,1,1,150,0,0,0,127,30,0,0,30,1,-120.6312,
29.53859,1193.507,29.47127,0.0121422,0,92.54766,22.64938,14.18047,96.1945,273.6112,232.6333,0,2,1.67091,287.9,300,0.7,0,0,44.04387,44.04387,1,1,1.007367,0.9978046,300,0.6866705,0,0,93.86101,1,0,1,1,18.50739,1.954881,0,1,270,248,0,0,0,1,1.015299,0,1,1,2,50,0,1,1000,5,27.1,14.7,1.106311,12.96605,-0.05889606,-0.05889606,1,0,16,0,14.7589,14.7589,1,1,150,0,0,0,127,30,0,0,30,1,-120.5287,
29.63959,1192.511,29.56771,0.007426695,0,92.40134,22.65428,14.08708,96.20466,276.6122,232.5761,0,2,1.669515,287.79,300,0.7,0,0,44.10121,44.10121,1,1,1.013905,0.9977882,300,0.6898096,0,0,93.86101,1,0,1,1,18.49697,1.978231,0,1,270,240,0,0,0,1,1.015308,0,1,1,2,40,0,1,1000,5,27.1,14.7,1.106311,12.96773,-0.06735134,-0.06735134,1,0,16,0,14.76735,14.76735,1,1,150,0,0,0,127,30,0,0,30,1,-120.4323,
29.74159,1194.838,30.04387,0.005068941,0,92.51631,22.64938,14.16811,96.21481,280.9355,230.2872,0,2,1.68273,287.68,300,0.7,0,0,44.38873,44.38873,1,1,1.008232,0.9978046,300,0.7055074,0,0,93.86101,1,0,1,1,18.50182,1.957972,0,1,270,232,0,0,0,1,1.015299,0,1,1,2,40,0,1,1000,5,27.1,14.6997,1.106311,12.96696,0.0008001328,0.0008001328,1,0,16,0,14.6992,14.6992,1,1,150,0,0,0,127,30,0,0,30,1,-119.9561,
29.84369,1194.838,30.51401,0,0,92.30728,22.65918,14.33248,96.03191,282.0376,228.8376,0,2,1.68273,287.95,300,0.7,0,0,44.67122,44.67122,1,1,0.9967267,0.9977716,300,0.7212553,0,0,93.86101,1,0,1,1,18.48873,1.916881,0,1,270,232,0,0,0,1,1.015318,0,1,1,2,40,0,1,1000,5,27.1,14.69649,1.106311,12.9691,0.009633064,0.009633064,1,0,16,0,14.69037,14.69037,1,1,150,0,0,0,127,30,0,0,30,1,-119.486,
29.94569,1194.363,30.53812,0.02157322,0,92.28638,22.70001,14.3311,96.08272,283.8687,229.3526,0,2,1.701967,287.55,300,0.7,0,0,44.68538,44.68538,1,1,0.9968229,0.9976339,300,0.722226,0,0,93.86101,1,0,1,1,18.48443,1.917225,0,1,270,244,0,0,0,1,1.0154,0,1,1,2,10,0,1,1000,5,27.1,14.69631,1.106625,12.97047,-0.003773689,-0.003773689,1,0,16,0,14.70141,14.70141,1,1,150,0,0,0,127,30,0,0,30,1,-119.4619,
30.04779,1188.072,30.65264,0.0380775,0,92.29683,22.70001,14.10402,96.02175,283.2583,230.2682,0,2,1.712803,287.59,300,0.7,0,0,44.74979,44.74979,1,1,1.012719,0.9976339,300,0.7260249,0,0,93.86101,1,0,1,1,18.4333,1.973996,0,1,270,244,0,0,0,1,1.0154,0,1,1,2,60,0,1,1000,5,27.1,14.69539,1.106625,12.9688,-0.001881599,-0.001881599,1,0,16,0,14.69846,14.69846,1,1,150,0,0,0,127,30,0,0,30,1,-119.3474,
30.14829,1186.521,30.67675,0.02393097,0,92.22367,22.71471,14.10539,96.06239,283.4109,230.2491,0,2,1.710568,287.38,300,0.7,0,0,44.76318,44.76318,1,1,1.012623,0.9975844,300,0.7268083,0,0,93.86101,1,0,1,1,18.42085,1.973652,0,1,270,236,0,0,0,1,1.015429,0,1,1,2,40,0,1,1000,5,27.1,14.69519,1.106625,12.96925,0.0542469,0.0542469,1,0,16,0,14.64252,14.64252,1,1,150,0,0,0,127,30,0,0,30,1,-119.3233,
30.24889,1186.193,30.66469,0.02393097,0,92.25502,22.71634,14.13469,96.15385,283.377,230.4017,0,2,1.710094,287.43,300,0.7,0,0,44.75572,44.75572,1,1,1.010572,0.9975789,300,0.726396,0,0,93.86101,1,0,1,1,18.41866,1.966327,0,1,270,228,0,0,0,1,1.015433,0,1,1,2,50,0,1,1000,5,27.1,14.69526,1.106625,12.96788,0.07246685,0.07246685,1,0,16,0,14.62486,14.62486,1,1,150,0,0,0,127,30,0,0,30,1,-119.3353,
30.35099,1185.958,30.73702,0,0,92.25502,22.74084,14.28852,96.08272,283.1057,228.8567,0,2,1.699873,287.45,300,0.7,0,0,44.79896,44.79896,1,1,0.9998034,0.9974962,300,0.7288135,0,0,93.86101,1,0,1,1,18.41496,1.927869,0,1,270,232,0,0,0,1,1.015482,0,1,1,2,50,0,1,1000,5,27.1,14.69474,1.106625,12.96788,0.1064615,0.1064615,1,0,16,0,14.58953,14.58953,1,1,150,0,0,0,127,30,0,0,30,1,-119.263,
30.45269,1187.884,30.97812,0.01449996,0,92.27592,22.74084,14.14568,95.9303,281.4442,230.4017,0,2,1.712532,287.6,300,0.7,0,0,44.94503,44.94503,1,1,1.009802,0.9974962,300,0.7359572,0,0,93.86101,1,0,1,1,18.42313,1.96358,0,1,270,232,0,0,0,1,1.015482,0,1,1,2,40,0,1,1000,5,27.1,14.69308,1.105047,12.96666,0.09841156,0.09841156,1,0,16,0,14.59689,14.59689,1,1,150,0,0,0,127,30,0,0,30,1,-119.0219,
30.55429,1195.648,30.97812,0.0121422,0,92.17141,22.70817,14.36178,95.9811,281.1221,228.7423,0,2,1.713762,287.48,300,0.7,0,0,44.95068,44.95068,1,1,0.9946756,0.9976064,300,0.7360708,0,0,93.86101,1,0,1,1,18.48195,1.909556,0,1,270,240,0,0,0,1,1.015416,0,1,1,2,40,0,1,1000,5,27.1,14.69334,1.105047,12.97093,0.08226776,0.08226776,1,0,16,0,14.61308,14.61308,1,1,150,0,0,0,127,30,0,0,30,1,-119.0219,
30.65469,1191.753,30.9299,0.03100424,0,92.23412,22.71471,14.29631,96.05223,282.5632,228.8376,0,2,1.708179,287.5,300,0.7,0,0,44.91889,44.91889,1,1,0.9992585,0.9975844,300,0.7343882,0,0,93.86101,1,0,1,1,18.45377,1.925923,0,1,270,232,0,0,0,1,1.015429,0,1,1,2,40,0,1,1000,5,27.1,14.69355,1.105047,12.96758,0.02547836,0.02547836,1,0,16,0,14.67049,14.67049,1,1,150,0,0,0,127,30,0,0,30,1,-119.0701,
30.75539,1193.175,31.14086,0.005068941,0,92.28638,22.74737,14.29951,96.04207,281.0712,229.6578,0,2,1.720161,287.52,300,0.7,0,0,45.04664,45.04664,1,1,0.9990342,0.9974742,300,0.741537,0,0,93.86101,1,0,1,1,18.45872,1.925122,0,1,270,232,0,0,0,1,1.015495,0,1,1,2,50,0,1,1000,5,27.1,14.69214,1.105047,12.97047,-0.0006008148,-0.0006008148,1,0,16,0,14.69552,14.69552,1,1,150,0,0,0,127,30,0,0,30,1,-118.8591,
30.85639,1198.275,30.92387,0.0121422,0,92.21322,22.73594,14.34163,95.92014,280.9355,227.9793,0,2,1.717527,287.65,300,0.7,0,0,44.91998,44.91998,1,1,0.9960858,0.9975128,300,0.7342287,0,0,93.86101,1,0,1,1,18.50338,1.914592,0,1,270,252,0,0,0,1,1.015472,0,1,1,2,30,0,1,1000,5,27.1,14.69379,1.105047,12.96666,0.03195095,0.03195095,1,0,16,0,14.66313,14.66313,1,1,150,0,0,0,127,30,0,0,30,1,-119.0761,
30.95649,1205.788,30.99018,0.007426695,0,92.22367,22.78003,14.3366,96.02175,281.0712,228.418,0,2,1.728296,287.56,300,0.7,0,0,44.96531,44.96531,1,1,0.9964383,0.9973642,300,0.7368076,0,0,93.86101,1,0,1,1,18.5584,1.915851,0,1,270,236,0,0,0,1,1.01556,0,1,1,2,30,0,1,1000,5,27.1,14.69359,1.105494,12.96727,0.02907276,0.02907276,1,0,16,0,14.66608,14.66608,1,1,150,0,0,0,127,30,0,0,30,1,-119.0098,
31.05679,1211.24,30.59236,0.03571974,0,92.29683,22.77513,14.21527,96.12337,279.5114,228.1319,0,2,1.756299,287.43,300,0.7,0,0,44.72966,44.72966,1,1,1.004931,0.9973806,300,0.7234104,0,0,93.86101,1,0,1,1,18.61169,1.946183,0,1,270,236,0,0,0,1,1.01555,0,1,1,2,50,0,1,1000,5,27.1,14.69627,1.105494,12.97002,0.09924793,0.09924793,1,0,16,0,14.59615,14.59615,1,1,150,0,0,0,127,30,0,0,30,1,-119.4076,
31.15719,1215.116,30.30305,0,0,92.38044,22.76697,14.29402,96.14368,280.393,228.1319,0,2,1.73154,287.1,300,0.7,0,0,44.55798,44.55798,1,1,0.9994188,0.9974082,300,0.7137367,0,0,93.86101,1,0,1,1,18.65015,1.926496,0,1,270,232,0,0,0,1,1.015534,0,1,1,2,30,0,1,1000,5,27.1,14.69813,1.105494,12.96971,0.1198549,0.1198549,1,0,16,0,14.57701,14.57701,1,1,150,0,0,0,127,30,0,0,30,1,-119.697,
31.25819,1217.681,29.96552,0.01685771,0,92.30728,22.76207,14.27387,96.07256,280.5795,227.6741,0,2,1.735195,287.33,300,0.7,0,0,44.35619,44.35619,1,1,1.000829,0.9974247,300,0.7025061,0,0,93.86101,1,0,1,1,18.68032,1.931532,0,1,270,232,0,0,0,1,1.015524,0,1,1,2,30,0,1,1000,5,27.1,14.7,1.105494,12.96986,0.09305954,0.09305954,1,0,16,0,14.60572,14.60572,1,1,150,0,0,0,127,30,0,0,30,1,-120.0345,
31.35829,1214.378,29.68825,0,0,92.42225,22.7539,14.18597,96.17417,278.901,226.2245,0,2,1.720369,287.44,300,0.7,0,0,44.187,44.187,1,1,1.006982,0.9974522,300,0.6933591,0,0,93.86101,1,0,1,1,18.66332,1.953508,0,1,270,240,0,0,0,1,1.015508,0,1,1,2,40,0,1,1000,5,27.1,14.7,1.105494,12.9691,0.07932377,0.07932377,1,0,16,0,14.62044,14.62044,1,1,150,0,0,0,127,30,0,0,30,1,-120.3117,
31.46299,1210.996,29.33867,0.02628873,0,92.12961,22.7539,14.3224,95.90997,266.626,226.3008,0,2,1.705486,287.58,300,0.7,0,0,43.97437,43.97437,1,1,0.9974318,0.9974522,300,0.6810812,0,0,93.86101,1,0,1,1,18.64762,1.919399,0,1,270,240,0,0,0,1,1.015508,0,1,1,2,60,0,1,1000,5,27.1,14.7,1.104171,12.97154,0.001536369,0.001536369,1,0,16,0,14.69846,14.69846,1,1,150,0,0,0,127,30,0,0,30,1,-120.6613,
31.56489,1207.243,29.09757,0.0121422,0,92.20277,22.80616,14.21252,96.06239,269.6608,229.963,0,2,1.690141,287.82,300,0.7,0,0,43.82706,43.82706,1,1,1.005123,0.9972761,300,0.6731718,0,0,93.86101,1,0,1,1,18.62545,1.946869,0,1,270,232,0,0,0,1,1.015612,0,1,1,2,40,0,1,1000,5,27.1,14.7,1.104171,12.96864,-0.01760197,-0.01760197,1,0,16,0,14.7176,14.7176,1,1,150,0,0,0,127,30,0,0,30,1,-120.9024,
31.66549,1204.094,29.32058,0.01685771,0,92.16096,22.7735,14.44968,96.01159,273.6112,231.0311,0,2,1.675697,288.04,300,0.7,0,0,43.95948,43.95948,1,1,0.9885224,0.9973862,300,0.6804122,0,0,93.86101,1,0,1,1,18.59425,1.89172,0,1,270,236,0,0,0,1,1.015547,0,1,1,2,50,0,1,1000,5,27.1,14.7,1.104171,12.97002,0.005215645,0.005215645,1,0,16,0,14.69479,14.69479,1,1,150,0,0,0,127,30,0,0,30,1,-120.6794,
31.76629,1199.952,29.48332,0.01685771,0,92.20277,22.84536,14.17361,96.01159,273.323,231.2028,0,2,1.679933,288.04,300,0.7,0,0,44.05494,44.05494,1,1,1.007848,0.997144,300,0.685605,0,0,93.86101,1,0,1,1,18.55725,1.956598,0,1,270,232,0,0,0,1,1.015691,0,1,1,2,30,0,1,1000,5,27.1,14.7,1.104171,12.96971,0.02803326,0.02803326,1,0,16,0,14.67197,14.67197,1,1,150,0,0,0,127,30,0,0,30,1,-120.5167,
31.86849,1194.505,30.09209,0.005068941,0,92.28638,22.84536,14.11271,96.16401,279.1045,229.715,0,2,1.682261,287.83,300,0.7,0,0,44.41748,44.41748,1,1,1.01211,0.997144,300,0.70555,0,0,93.86101,1,0,1,1,18.49791,1.971821,0,1,270,252,0,0,0,1,1.015691,0,1,1,2,30,0,1,1000,5,27.1,14.69937,1.104171,12.97169,0.02288151,0.02288151,1,0,16,0,14.67712,14.67712,1,1,150,0,0,0,127,30,0,0,30,1,-119.9079,
31.96849,1200.576,30.35127,0.03336199,0,92.23412,22.8127,14.10951,95.9811,280.0878,229.2573,0,2,1.700817,287.74,300,0.7,0,0,44.57729,44.57729,1,1,1.012334,0.9972541,300,0.7140298,0,0,93.86101,1,0,1,1,18.53724,1.972623,0,1,270,232,0,0,0,1,1.015625,0,1,1,2,50,0,1,1000,5,27.1,14.69767,1.103749,12.97154,0.06630898,0.06630898,1,0,16,0,14.63369,14.63369,1,1,150,0,0,0,127,30,0,0,30,1,-119.6487,
32.07069,1205.739,30.35127,0,0,92.33864,22.81106,14.38741,96.05223,281.6815,228.2845,0,2,1.698083,287.84,300,0.7,0,0,44.58075,44.58075,1,1,0.9928809,0.9972596,300,0.714084,0,0,93.86101,1,0,1,1,18.57681,1.903146,0,1,270,236,0,0,0,1,1.015622,0,1,1,2,30,0,1,1000,5,27.1,14.69773,1.103749,12.96696,0.06566811,0.06566811,1,0,16,0,14.63296,14.63296,1,1,150,0,0,0,127,30,0,0,30,1,-119.6487,
32.17249,1202.164,30.4899,0.0121422,0,92.4118,22.80616,14.35537,96.16401,280.2574,227.6741,0,2,1.703066,287.8,300,0.7,0,0,44.66174,44.66174,1,1,0.9951243,0.9972761,300,0.7187004,0,0,93.86101,1,0,1,1,18.5454,1.911158,0,1,270,244,0,0,0,1,1.015612,0,1,1,2,40,0,1,1000,5,27.1,14.69677,1.103749,12.9691,0.04815674,0.04815674,1,0,16,0,14.64989,14.64989,1,1,150,0,0,0,127,30,0,0,30,1,-119.5101,
32.27329,1195.267,30.66469,0.0003534328,0,92.34908,22.84536,14.22443,96.08272,279.8165,228.5897,0,2,1.703255,287.62,300,0.7,0,0,44.76206,44.76206,1,1,1.00429,0.997144,300,0.7244686,0,0,93.86101,1,0,1,1,18.4878,1.943893,0,1,270,248,0,0,0,1,1.015691,0,1,1,2,40,0,1,1000,5,27.1,14.69546,1.103749,12.9691,0.02514267,0.02514267,1,0,16,0,14.67197,14.67197,1,1,150,0,0,0,127,30,0,0,30,1,-119.3353,
32.37529,1191.422,30.59236,0,0,92.44315,22.87966,14.16216,96.1945,276.307,229.5815,0,2,1.707705,287.89,300,0.7,0,0,44.71593,44.71593,1,1,1.008649,0.9970285,300,0.7219597,0,0,93.86101,1,0,1,1,18.46048,1.95946,0,1,270,244,0,0,0,1,1.015759,0,1,1,2,30,0,1,1000,5,27.1,14.69588,1.103749,12.9691,0.02906895,0.02906895,1,0,16,0,14.66681,14.66681,1,1,150,0,0,0,127,30,0,0,30,1,-119.4076,
32.47599,1189.061,30.77921,0,0,92.40134,22.81923,14.1118,96.09288,276.8834,228.6088,0,2,1.714229,287.91,300,0.7,0,0,44.82647,44.82647,1,1,1.012174,0.997232,300,0.7280589,0,0,93.86101,1,0,1,1,18.43742,1.97205,0,1,270,244,0,0,0,1,1.015638,0,1,1,2,60,0,1,1000,5,27.1,14.69452,1.103392,12.97047,0.0146122,0.0146122,1,0,16,0,14.6808,14.6808,1,1,150,0,0,0,127,30,0,0,30,1,-119.2208,
32.57598,1190.618,30.78524,0.0003534328,0,92.4745,22.87639,14.33431,96.09288,278.545,228.7423,0,2,1.69663,287.61,300,0.7,0,0,44.8312,44.8312,1,1,0.9965985,0.9970394,300,0.7282196,0,0,93.86101,1,0,1,1,18.4491,1.916423,0,1,270,232,0,0,0,1,1.015753,0,1,1,2,30,0,1,1000,5,27.1,14.69452,1.103392,12.97169,-0.01101017,-0.01101017,1,0,16,0,14.70582,14.70582,1,1,150,0,0,0,127,30,0,0,30,1,-119.2148,
32.67729,1189.815,30.80333,0,0,92.44315,22.83883,14.13561,96.1132,277.5446,229.1237,0,2,1.715317,287.8,300,0.7,0,0,44.84149,44.84149,1,1,1.010507,0.997166,300,0.7288607,0,0,93.86101,1,0,1,1,18.4425,1.966098,0,1,270,240,0,0,0,1,1.015678,0,1,1,2,60,0,1,1000,5,27.1,14.69437,1.103392,12.97093,0.02026272,0.02026272,1,0,16,0,14.67491,14.67491,1,1,150,0,0,0,127,30,0,0,30,1,-119.1967,
32.77749,1194.172,30.7551,0.0003534328,0,92.35954,22.85843,14.2226,96.1132,278.6128,228.7041,0,2,1.711647,287.61,300,0.7,0,0,44.81561,44.81561,1,1,1.004418,0.9971,300,0.7272574,0,0,93.86101,1,0,1,1,18.47696,1.944351,0,1,270,228,0,0,0,1,1.015717,0,1,1,2,20,0,1,1000,5,27.1,14.69482,1.103392,12.97139,0.04964066,0.04964066,1,0,16,0,14.64547,14.64547,1,1,150,0,0,0,127,30,0,0,30,1,-119.2449,
32.87909,1202.068,30.59839,0,0,92.27592,22.84536,14.20062,96.16401,278.9519,228.666,0,2,1.722963,287.76,300,0.7,0,0,44.72693,44.72693,1,1,1.005957,0.997144,300,0.7220727,0,0,93.86101,1,0,1,1,18.54153,1.949845,0,1,270,240,0,0,0,1,1.015691,0,1,1,2,20,0,1,1000,5,27.1,14.69605,1.103392,12.97002,0.005308151,0.005308151,1,0,16,0,14.68963,14.68963,1,1,150,0,0,0,127,30,0,0,30,1,-119.4016,
32.98129,1193.697,30.48387,0,0,92.54766,22.91232,14.20062,96.23514,276.5952,227.7504,0,2,1.710966,287.68,300,0.7,0,0,44.65233,44.65233,1,1,1.005957,0.9969185,300,0.7173675,0,0,93.86101,1,0,1,1,18.48085,1.949845,0,1,270,236,0,0,0,1,1.015825,0,1,1,2,30,0,1,1000,5,27.1,14.69667,1.102309,12.97032,0.02337933,0.02337933,1,0,16,0,14.67197,14.67197,1,1,150,0,0,0,127,30,0,0,30,1,-119.5161,
33.08339,1188.213,30.48387,0,0,92.28638,22.86333,14.22626,96.21481,277.2225,226.873,0,2,1.703105,287.76,300,0.7,0,0,44.64858,44.64858,1,1,1.004162,0.9970835,300,0.7173613,0,0,93.86101,1,0,1,1,18.43892,1.943436,0,1,270,232,0,0,0,1,1.015727,0,1,1,2,30,0,1,1000,5,27.1,14.69658,1.102309,12.97246,0.063344,0.063344,1,0,16,0,14.63222,14.63222,1,1,150,0,0,0,127,30,0,0,30,1,-119.5161,
33.18509,1190.476,30.42962,0.002711187,0,92.33864,22.87149,14.16811,96.1132,279.1723,228.1319,0,2,1.71627,287.49,300,0.7,0,0,44.61756,44.61756,1,1,1.008232,0.997056,300,0.7155586,0,0,93.86101,1,0,1,1,18.4577,1.957972,0,1,270,236,0,0,0,1,1.015743,0,1,1,2,40,0,1,1000,5,27.1,14.697,1.102309,12.97032,0.09729195,0.09729195,1,0,16,0,14.59836,14.59836,1,1,150,0,0,0,127,30,0,0,30,1,-119.5704,
33.28679,1191.091,30.38743,0.002711187,0,92.21322,22.83229,14.26288,96.05223,277.2225,227.5979,0,2,1.70723,287.66,300,0.7,0,0,44.59264,44.59264,1,1,1.001598,0.997188,300,0.7141921,0,0,93.86101,1,0,1,1,18.46355,1.934279,0,1,270,220,0,0,0,1,1.015665,0,1,1,2,30,0,1,1000,5,27.1,14.6973,1.102309,12.9691,0.117198,0.117198,1,0,16,0,14.57922,14.57922,1,1,150,0,0,0,127,30,0,0,30,1,-119.6126,
33.38859,1192.558,30.10414,0.02864648,0,92.23412,22.91722,14.36178,96.08272,278.4941,228.1319,0,2,1.689458,287.79,300,0.7,0,0,44.42346,44.42346,1,1,0.9946756,0.996902,300,0.7046705,0,0,93.86101,1,0,1,1,18.48259,1.909556,0,1,270,240,0,0,0,1,1.015834,0,1,1,2,40,0,1,1000,5,27.1,14.69928,1.102309,12.97292,0.1725292,0.1725292,1,0,16,0,14.52529,14.52529,1,1,150,0,0,0,127,30,0,0,30,1,-119.8959,
33.49309,1185.583,30.23072,0.007426695,0,92.23412,22.91069,14.20978,96.03191,278.7654,228.3608,0,2,1.699336,287.86,300,0.7,0,0,44.49488,44.49488,1,1,1.005316,0.996924,300,0.7064847,0,0,93.86101,1,0,1,1,18.42553,1.947556,0,1,270,244,0,0,0,1,1.015821,0,1,1,2,40,0,1,1000,5,27.1,14.69835,1.098674,12.97322,0.1536646,0.1536646,1,0,16,0,14.54314,14.54314,1,1,150,0,0,0,127,30,0,0,30,1,-119.7693,
33.59649,1183.105,29.57373,0.0003534328,0,92.33864,23.02011,14.19329,96.25546,265.0492,227.4453,0,2,1.685925,287.61,300,0.7,0,0,44.09916,44.09916,1,1,1.006469,0.9965557,300,0.6848021,0,0,93.86101,1,0,1,1,18.42368,1.951676,0,1,270,240,0,0,0,1,1.01604,0,1,1,2,50,0,1,1000,5,27.1,14.7,1.098674,12.972,0.1435251,0.1435251,1,0,16,0,14.5542,14.5542,1,1,150,0,0,0,127,30,0,0,30,1,-120.4263,
33.69939,1182.779,29.69428,0.005068941,0,92.34908,22.87149,14.22992,96.17417,263.7437,228.7614,0,2,1.68546,287.56,300,0.7,0,0,44.17127,44.17127,1,1,1.003906,0.997056,300,0.688862,0,0,93.86101,1,0,1,1,18.41799,1.94252,0,1,270,240,0,0,0,1,1.015743,0,1,1,2,40,0,1,1000,5,27.1,14.7,1.098674,12.97154,0.1204042,0.1204042,1,0,16,0,14.57775,14.57775,1,1,150,0,0,0,127,30,0,0,30,1,-120.3057,
33.80159,1187.648,29.64003,0,0,92.30728,22.95478,14.10905,96.07256,265.863,228.7614,0,2,1.692399,287.65,300,0.7,0,0,44.1417,44.1417,1,1,1.012366,0.9967756,300,0.6870624,0,0,93.86101,1,0,1,1,18.45722,1.972737,0,1,270,248,0,0,0,1,1.01591,0,1,1,2,20,0,1,1000,5,27.1,14.7,1.098674,12.97154,0.1240301,0.1240301,1,0,16,0,14.57481,14.57481,1,1,150,0,0,0,127,30,0,0,30,1,-120.36,
33.90348,1181.893,29.77867,0.01685771,0,92.20277,22.92375,14.21298,95.90997,267.0668,229.8104,0,2,1.674349,288.08,300,0.7,0,0,44.22134,44.22134,1,1,1.005091,0.9968799,300,0.6904351,0,0,93.86101,1,0,1,1,18.40893,1.946755,0,1,270,232,0,0,0,1,1.015847,0,1,1,2,50,0,1,1000,5,27.1,14.7,1.0969,12.97398,0.08691883,0.08691883,1,0,16,0,14.61308,14.61308,1,1,150,0,0,0,127,30,0,0,30,1,-120.2213,
34.00538,1173.158,29.80277,0.007426695,0,92.21322,22.97438,14.19604,96.08272,264.1845,229.0093,0,2,1.661974,287.74,300,0.7,0,0,44.23036,44.23036,1,1,1.006277,0.9967095,300,0.6910857,0,0,93.86101,1,0,1,1,18.34067,1.95099,0,1,270,236,0,0,0,1,1.015949,0,1,1,2,30,0,1,1000,5,27.1,14.7,1.0969,12.97337,0.1281319,0.1281319,1,0,16,0,14.57113,14.57113,1,1,150,0,0,0,127,30,0,0,30,1,-120.1972,
34.10748,1173.388,29.89318,0.04043525,0,92.18186,22.88456,14.21527,96.04207,264.4388,229.2573,0,2,1.672077,287.65,300,0.7,0,0,44.28466,44.28466,1,1,1.004931,0.997012,300,0.6941209,0,0,93.86101,1,0,1,1,18.34021,1.946183,0,1,270,232,0,0,0,1,1.015769,0,1,1,2,10,0,1,1000,5,27.1,14.7,1.0969,12.97292,0.0622139,0.0622139,1,0,16,0,14.63664,14.63664,1,1,150,0,0,0,127,30,0,0,30,1,-120.1068,
34.20979,1173.479,29.84497,0.04279301,0,92.25502,22.99072,14.1466,96.02175,263.3538,227.8267,0,2,1.681987,287.61,300,0.7,0,0,44.25583,44.25583,1,1,1.009738,0.9966546,300,0.6924468,0,0,93.86101,1,0,1,1,18.34211,1.963351,0,1,270,232,0,0,0,1,1.015981,0,1,1,2,40,0,1,1000,5,27.1,14.7,1.0969,12.97322,0.05135536,0.05135536,1,0,16,0,14.64768,14.64768,1,1,150,0,0,0,127,30,0,0,30,1,-120.155,
34.31189,1170.047,29.95949,0,0,92.23412,22.92375,14.25556,96.10304,262.6078,229.0665,0,2,1.677067,287.74,300,0.7,0,0,44.32224,44.32224,1,1,1.002111,0.9968799,300,0.6962124,0,0,93.86101,1,0,1,1,18.31277,1.93611,0,1,270,236,0,0,0,1,1.015847,0,1,1,2,40,0,1,1000,5,27.1,14.7,1.0969,12.97292,-0.02153492,-0.02153492,1,0,16,0,14.71907,14.71907,1,1,150,0,0,0,127,30,0,0,30,1,-120.0405,
34.41269,1161.35,30.25483,0.01921546,0,92.0878,22.98092,14.33248,95.9811,273.7977,229.963,0,2,1.654924,287.93,300,0.7,0,0,44.49329,44.49329,1,1,0.9967267,0.9966875,300,0.7058296,0,0,93.86101,1,0,1,1,18.23883,1.916881,0,1,270,232,0,0,0,1,1.015962,0,1,1,2,50,0,1,1000,5,27.1,14.69797,1.0969,12.97337,-0.02484035,-0.02484035,1,0,16,0,14.71907,14.71907,1,1,150,0,0,0,127,30,0,0,30,1,-119.7452,
34.51639,1163.512,30.29702,0.005068941,0,92.24458,22.97275,14.2519,96.12337,273.0687,227.6741,0,2,1.658005,287.86,300,0.7,0,0,44.51996,44.51996,1,1,1.002367,0.9967151,300,0.7077711,0,0,93.86101,1,0,1,1,18.25444,1.937026,0,1,270,236,0,0,0,1,1.015945,0,1,1,2,50,0,1,1000,5,27.1,14.69766,1.097691,12.97215,-0.04900742,-0.04900742,1,0,16,0,14.74263,14.74263,1,1,150,0,0,0,127,30,0,0,30,1,-119.703,
34.61758,1169.18,30.45976,0.002711187,0,92.39089,23.01685,14.19329,96.18433,276.9004,228.3608,0,2,1.685568,287.81,300,0.7,0,0,44.62115,44.62115,1,1,1.006469,0.9965667,300,0.713204,0,0,93.86101,1,0,1,1,18.29399,1.951676,0,1,270,236,0,0,0,1,1.016034,0,1,1,2,40,0,1,1000,5,27.1,14.69646,1.097691,12.97276,-0.03358841,-0.03358841,1,0,16,0,14.72643,14.72643,1,1,150,0,0,0,127,30,0,0,30,1,-119.5402,
34.71978,1174.72,30.44771,0,0,92.39089,22.97602,14.03214,96.12337,268.9996,227.388,0,2,1.693555,288.01,300,0.7,0,0,44.6177,44.6177,1,1,1.017751,0.996704,300,0.7128991,0,0,93.86101,1,0,1,1,18.33667,1.991966,0,1,270,232,0,0,0,1,1.015952,0,1,1,2,40,0,1,1000,5,27.1,14.69664,1.097691,12.97383,-0.03020191,-0.03020191,1,0,16,0,14.72349,14.72349,1,1,150,0,0,0,127,30,0,0,30,1,-119.5523,
34.82568,1168.862,30.08003,0.01921546,0,92.20277,22.97602,14.22626,96.02175,262.9808,228.3227,0,2,1.665628,287.7,300,0.7,0,0,44.39364,44.39364,1,1,1.004162,0.996704,300,0.7006228,0,0,93.86101,1,0,1,1,18.30071,1.943436,0,1,270,236,0,0,0,1,1.015952,0,1,1,2,40,0,1,1000,5,27.1,14.69938,1.097691,12.97414,-0.06790733,-0.06790733,1,0,16,0,14.76418,14.76418,1,1,150,0,0,0,127,30,0,0,30,1,-119.92,
34.92579,1163.964,30.49592,0.03571974,0,92.12961,22.98745,14.32927,96.01159,275.7136,229.3336,0,2,1.668348,288.08,300,0.7,0,0,44.63923,44.63923,1,1,0.9969511,0.9966655,300,0.7143872,0,0,93.86101,1,0,1,1,18.25325,1.917682,0,1,270,240,0,0,0,1,1.015975,0,1,1,2,10,0,1,1000,5,27.1,14.6961,1.097691,12.97581,-0.07846737,-0.07846737,1,0,16,0,14.77158,14.77158,1,1,150,0,0,0,127,30,0,0,30,1,-119.5041,
35.02979,1153.846,30.64058,0,0,92.27592,23.00868,14.16399,96.01159,273.1534,229.715,0,2,1.663462,288.07,300,0.7,0,0,44.7187,44.7187,1,1,1.008521,0.9965942,300,0.719721,0,0,93.86101,1,0,1,1,18.17274,1.959002,0,1,270,232,0,0,0,1,1.016017,0,1,1,2,40,0,1,1000,5,27.1,14.69475,1.098641,12.97398,-0.08469105,-0.08469105,1,0,16,0,14.77686,14.77686,1,1,150,0,0,0,127,30,0,0,30,1,-119.3594,
35.12999,1145.563,30.96004,0,0,92.33864,23.03318,14.07975,96.18433,273.4756,228.7614,0,2,1.670612,288.07,300,0.7,0,0,44.90348,44.90348,1,1,1.014417,0.9965117,300,0.7303479,0,0,93.86101,1,0,1,1,18.10295,1.980062,0,1,270,236,0,0,0,1,1.016066,0,1,1,2,40,0,1,1000,5,27.1,14.69186,1.098641,12.97215,0.04539776,0.04539776,1,0,16,0,14.64252,14.64252,1,1,150,0,0,0,127,30,0,0,30,1,-119.04,
35.23129,1133.658,31.83401,0,0,92.4118,23.02828,14.22534,96.22498,271.0172,229.2763,0,2,1.662699,288.17,300,0.7,0,0,45.41525,45.41525,1,1,1.004226,0.9965281,300,0.7599497,0,0,93.86101,1,0,1,1,17.99606,1.943664,0,1,270,244,0,0,0,1,1.016057,0,1,1,2,30,0,1,1000,5,27.1,14.68372,1.098641,12.97307,0.06314182,0.06314182,1,0,16,0,14.61897,14.61897,1,1,150,0,0,0,127,30,0,0,30,1,-118.166,
35.33208,1130.54,31.99072,0,0,92.34908,23.00215,13.97353,96.12337,274.1538,231.1837,0,2,1.667546,288.06,300,0.7,0,0,45.50601,45.50601,1,1,1.022647,0.9966161,300,0.7653287,0,0,93.86101,1,0,1,1,17.9699,2.006617,0,1,270,248,0,0,0,1,1.016004,0,1,1,2,40,0,1,1000,5,27.1,14.68212,1.098641,12.97566,0.1538649,0.1538649,1,0,16,0,14.5301,14.5301,1,1,150,0,0,0,127,30,0,0,30,1,-118.0093,
35.43269,1136.192,31.20113,0,0,92.42225,23.10667,14.14202,96.17417,266.5412,231.7178,0,2,1.638009,288.26,300,0.7,0,0,45.0403,45.0403,1,1,1.010059,0.9962645,300,0.7383233,0,0,93.86101,1,0,1,1,18.02725,1.964496,0,1,270,244,0,0,0,1,1.016213,0,1,1,2,40,0,1,1000,5,27.1,14.68944,1.098641,12.97292,0.188283,0.188283,1,0,16,0,14.50402,14.50402,1,1,150,0,0,0,127,30,0,0,30,1,-118.7989,
35.53509,1142.378,30.74305,0.002711187,0,92.42225,23.02828,14.1997,96.1132,259.4881,229.8295,0,2,1.646929,287.99,300,0.7,0,0,44.7718,44.7718,1,1,1.006021,0.9965281,300,0.720231,0,0,93.86101,1,0,1,1,18.08323,1.950074,0,1,270,240,0,0,0,1,1.016057,0,1,1,2,50,0,1,1000,5,27.1,14.69362,1.094402,12.97398,0.1956539,0.1956539,1,0,16,0,14.49372,14.49372,1,1,150,0,0,0,127,30,0,0,30,1,-119.257,
35.63598,1152.162,30.94798,0.01449996,0,92.22367,23.01358,14.1585,96.1132,271.458,229.0475,0,2,1.670635,287.67,300,0.7,0,0,44.90107,44.90107,1,1,1.008905,0.9965776,300,0.7272123,0,0,93.86101,1,0,1,1,18.15322,1.960375,0,1,270,240,0,0,0,1,1.016027,0,1,1,2,40,0,1,1000,5,27.1,14.69217,1.094402,12.97276,0.2047958,0.2047958,1,0,16,0,14.48274,14.48274,1,1,150,0,0,0,127,30,0,0,30,1,-119.052,
35.73779,1164.009,30.86963,0.01685771,0,92.21322,23.08217,14.15667,96.09288,275.4423,229.5052,0,2,1.687813,287.63,300,0.7,0,0,44.86279,44.86279,1,1,1.009033,0.9963468,300,0.7246337,0,0,93.86101,1,0,1,1,18.24483,1.960833,0,1,270,240,0,0,0,1,1.016164,0,1,1,2,30,0,1,1000,5,27.1,14.69316,1.094402,12.97292,0.2919855,0.2919855,1,0,16,0,14.39695,14.39695,1,1,150,0,0,0,127,30,0,0,30,1,-119.1304,
35.83929,1175.456,30.7973,0.0121422,0,92.25502,23.05441,14.20337,96.10304,276.0526,229.5243,0,2,1.694616,287.71,300,0.7,0,0,44.82766,44.82766,1,1,1.005764,0.9964402,300,0.7223552,0,0,93.86101,1,0,1,1,18.33354,1.949158,0,1,270,244,0,0,0,1,1.016109,0,1,1,2,20,0,1,1000,5,27.1,14.69403,1.094402,12.97536,0.3792658,0.3792658,1,0,16,0,14.31048,14.31048,1,1,150,0,0,0,127,30,0,0,30,1,-119.2027,
35.94249,1174.628,30.54415,0,0,92.29683,23.01848,14.19329,96.09288,274.3741,227.2927,0,2,1.693422,287.55,300,0.7,0,0,44.67542,44.67542,1,1,1.006469,0.9965612,300,0.7139292,0,0,93.86101,1,0,1,1,18.33356,1.951676,0,1,270,236,0,0,0,1,1.016037,0,1,1,2,60,0,1,1000,5,27.1,14.69591,1.094402,12.9752,0.5562744,0.5562744,1,0,16,0,14.13547,14.13547,1,1,150,0,0,0,127,30,0,0,30,1,-119.4559,
36.04659,1164.958,30.49592,0.06165504,0,92.15051,23.04461,14.31782,96.00143,272.7296,229.2763,0,2,1.660065,287.92,300,0.7,0,0,44.63991,44.63991,1,1,0.9977523,0.9964732,300,0.704468,0,0,93.86101,1,0,1,1,18.26085,1.920544,0,1,270,252,0,0,0,1,1.016089,0,1,1,2,50,0,1,1000,5,27.1,14.69612,1.082522,12.97337,0.6428957,0.6428957,1,0,16,0,14.05076,14.05076,1,1,150,0,0,0,127,30,0,0,30,1,-119.5041,
36.14969,1154.779,30.731,0.0380775,0,91.98329,23.02828,14.28486,96.01159,271.102,230.6115,0,2,1.655183,288.01,300,0.7,0,0,44.77336,44.77336,1,1,1.00006,0.9965281,300,0.712138,0,0,93.86101,1,0,1,1,18.17785,1.928785,0,1,270,232,0,0,0,1,1.016057,0,1,1,2,40,0,1,1000,5,27.1,14.69403,1.082522,12.97902,0.7642365,0.7642365,1,0,16,0,13.92511,13.92511,1,1,150,0,0,0,127,30,0,0,30,1,-119.269,
36.25069,1134.473,32.73209,0.0121422,0,92.31773,23.09197,14.28852,96.09288,270.9494,231.2409,0,2,1.682801,287.87,300,0.7,0,0,45.95071,45.95071,1,1,0.9998034,0.9963139,300,0.7793517,0,0,93.86101,1,0,1,1,17.98488,1.927869,0,1,270,228,0,0,0,1,1.016184,0,1,1,2,50,0,1,1000,5,33.1,14.67582,1.082522,12.9749,0.7783356,0.7783356,1,0,16,0,13.89348,13.89348,1,1,150,0,0,0,127,30,0,0,30,1,-117.2679,
36.35289,1115.325,35.43237,0,0,92.35954,23.1328,14.24457,96.13352,270.6103,231.6796,0,2,1.719459,287.64,300,0.7,0,0,46.37786,46.37786,1,1,1.00288,0.9961766,300,0.8530296,0,0,93.86101,1,0,1,1,17.80015,1.938857,0,1,270,248,0,0,0,1,1.016266,0,1,1,2,20,0,1,1000,5,33.1,14.64845,1.082522,12.97398,0.765089,0.765089,1,0,16,0,13.88073,13.88073,1,1,150,0,0,0,127,30,0,0,30,1,-114.5676,
36.45299,1108.402,36.06525,0,0,92.27592,23.03481,14.12599,96.04207,270.9494,235.6279,0,2,1.708786,287.43,300,0.7,0,0,46.44916,46.44916,1,1,1.011181,0.9965062,300,0.8701606,0,0,93.86101,1,0,1,1,17.74232,1.968502,0,1,270,240,0,0,0,1,1.01607,0,1,1,2,50,0,1,1000,5,33.1,14.64105,1.082522,12.97246,0.6694994,0.6694994,1,0,16,0,13.97664,13.97664,1,1,150,0,0,0,127,30,0,0,30,1,-113.9348,
36.55659,1123.007,35.89648,0.007426695,0,92.18186,23.09361,14.14751,96.1132,257.0467,235.8568,0,2,1.750019,287.23,300,0.7,0,0,46.43561,46.43561,1,1,1.009674,0.9963084,300,0.8558437,0,0,93.86101,1,0,1,1,17.84529,1.963122,0,1,270,228,0,0,0,1,1.016187,0,1,1,2,50,0,1,1000,5,33.1,14.64556,1.070447,12.97398,0.5346317,0.5346317,1,0,16,0,14.10547,14.10547,1,1,150,0,0,0,127,30,0,0,30,1,-114.1035,
36.66059,1141.683,36.32443,0.03336199,0,92.16096,23.08054,14.16582,95.99126,260.7089,236.7151,0,2,1.788636,286.86,300,0.7,0,0,46.49212,46.49212,1,1,1.008392,0.9963524,300,0.8671178,0,0,93.86101,1,0,1,1,17.96497,1.958544,0,1,270,252,0,0,0,1,1.016161,0,1,1,2,50,0,1,1000,5,33.1,14.64554,1.070447,12.97551,0.385499,0.385499,1,0,16,0,14.25548,14.25548,1,1,150,0,0,0,127,30,0,0,30,1,-113.6756,
36.76309,1182.499,35.97484,0.02628873,0,92.12961,23.1132,14.27204,95.9811,265.9308,234.8459,0,2,1.842728,286.32,300,0.7,0,0,46.47004,46.47004,1,1,1.000957,0.9962426,300,0.8576729,0,0,93.86101,1,0,1,1,18.25208,1.93199,0,1,270,260,0,0,0,1,1.016226,0,1,1,2,50,0,1,1000,5,33.1,14.65668,1.070447,12.97581,0.3547525,0.3547525,1,0,16,0,14.29813,14.29813,1,1,150,0,0,0,127,30,0,0,30,1,-114.0252,
36.86519,1231.679,34.97429,0.02864648,0,92.14006,23.1328,14.06144,95.97094,287.0222,236.0285,0,2,1.868046,286.3,300,0.7,0,0,46.39258,46.39258,1,1,1.015699,0.9961766,300,0.8315318,0,0,93.86101,1,0,1,1,18.6226,1.984641,0,1,270,240,0,0,0,1,1.016266,0,1,1,2,50,0,1,1000,5,27.1,14.67209,1.070447,12.97795,0.3424263,0.3424263,1,0,16,0,14.3345,14.3345,1,1,150,0,0,0,127,30,0,0,30,1,-115.0257,
36.96609,1278.336,33.14798,0.007426695,0,92.21322,23.1328,14.21527,96.01159,288.9042,231.0502,0,2,1.906852,286.2,300,0.7,0,0,46.46631,46.46631,1,1,1.004931,0.9961766,300,0.7885492,0,0,93.86101,1,0,1,1,19.022,1.946183,0,1,270,228,0,0,0,1,1.016266,0,1,1,2,40,0,1,1000,5,27.1,14.68723,1.070447,12.9752,0.325428,0.325428,1,0,16,0,14.36195,14.36195,1,1,150,0,0,0,127,30,0,0,30,1,-116.852,
37.06759,1301.293,31.0625,0.01685771,0,92.1087,23.05441,14.17773,95.97094,287.9886,228.1701,0,2,1.87603,286.3,300,0.7,0,0,45.53851,45.53851,1,1,1.007559,0.9964402,300,0.7190829,0,0,93.86101,1,0,1,1,19.27852,1.955568,0,1,270,228,0,0,0,1,1.016109,0,1,1,2,40,0,1,1000,5,27.1,14.6965,1.063461,12.97398,0.2929173,0.2929173,1,0,16,0,14.40313,14.40313,1,1,150,0,0,0,127,30,0,0,30,1,-118.9375,
37.16809,1321.586,30.69483,0.02393097,0,92.046,23.16383,14.34713,96.04207,288.6668,230.8213,0,2,1.85022,286.84,300,0.7,0,0,45.53129,45.53129,1,1,0.9957012,0.9960724,300,0.7102681,0,0,93.86101,1,0,1,1,19.44888,1.913218,0,1,270,212,0,0,0,1,1.016328,0,1,1,2,40,0,1,1000,5,27.1,14.69818,1.063461,12.97627,0.1563406,0.1563406,1,0,16,0,14.54314,14.54314,1,1,150,0,0,0,127,30,0,0,30,1,-119.3052,
37.26819,1317.234,29.96552,0.04515076,0,92.01464,23.12464,14.27387,95.9811,290.7183,225.6142,0,2,1.844127,286.73,300,0.7,0,0,45.08118,45.08118,1,1,1.000829,0.9962041,300,0.6864905,0,0,93.86101,1,0,1,1,19.4488,1.931532,0,1,270,216,0,0,0,1,1.016249,0,1,1,2,20,0,1,1000,5,27.1,14.7,1.063461,12.97673,0.08070946,0.08070946,1,0,16,0,14.61897,14.61897,1,1,150,0,0,0,127,30,0,0,30,1,-120.0345,
37.36899,1310.73,28.89264,0.05222402,0,92.12961,23.09361,14.077,95.95062,285.0046,230.7641,0,2,1.8241,286.88,300,0.7,0,0,44.40964,44.40964,1,1,1.01461,0.9963084,300,0.65208,0,0,93.86101,1,0,1,1,19.44622,1.980749,0,1,270,220,0,0,0,1,1.016187,0,1,1,2,20,0,1,1000,5,27.1,14.7,1.063461,12.97581,0.02067375,0.02067375,1,0,16,0,14.67933,14.67933,1,1,150,0,0,0,127,30,0,0,30,1,-121.1074,
37.46969,1297.466,29.77264,0.04515076,0,92.07735,23.12137,14.32332,95.9811,286.7001,226.9112,0,2,1.816452,286.95,300,0.7,0,0,44.76376,44.76376,1,1,0.9973677,0.996215,300,0.6764776,0,0,93.86101,1,0,1,1,19.3044,1.91917,0,1,270,208,0,0,0,1,1.016243,0,1,1,2,40,0,1,1000,5,27.1,14.7,1.062213,12.97795,0.05747604,0.05747604,1,0,16,0,14.64252,14.64252,1,1,150,0,0,0,127,30,0,0,30,1,-120.2274,
37.57429,1272.589,29.23017,0.007426695,0,91.96239,23.15893,14.25922,95.95062,282.7497,224.8894,0,2,1.749809,287.48,300,0.7,0,0,44.17984,44.17984,1,1,1.001854,0.9960887,300,0.6554536,0,0,93.86101,1,0,1,1,19.1328,1.935194,0,1,270,228,0,0,0,1,1.016318,0,1,1,2,10,0,1,1000,5,27.1,14.7,1.062213,12.97704,0.1399145,0.1399145,1,0,16,0,14.56009,14.56009,1,1,150,0,0,0,127,30,0,0,30,1,-120.7698,
37.67559,1226.894,28.74195,0.0003534328,0,92.22367,23.11974,14.23633,96.05223,269.3895,229.6769,0,2,1.697203,287.8,300,0.7,0,0,43.62337,43.62337,1,1,1.003457,0.9962206,300,0.6364231,0,0,93.86101,1,0,1,1,18.7911,1.940917,0,1,270,232,0,0,0,1,1.016239,0,1,1,2,30,0,1,1000,5,27.1,14.7,1.062213,12.97643,0.1541195,0.1541195,1,0,16,0,14.54588,14.54588,1,1,150,0,0,0,127,30,0,0,30,1,-121.258,
37.77579,1199.856,28.92277,0.009784449,0,92.26547,23.18506,14.13469,96.07256,270.0677,228.8949,0,2,1.649802,288.25,300,0.7,0,0,43.71782,43.71782,1,1,1.010572,0.9960009,300,0.6417545,0,0,93.86101,1,0,1,1,18.5725,1.966327,0,1,270,244,0,0,0,1,1.01637,0,1,1,2,50,0,1,1000,5,27.1,14.7,1.062213,12.97658,0.2007875,0.2007875,1,0,16,0,14.49921,14.49921,1,1,150,0,0,0,127,30,0,0,30,1,-121.0772,
37.87619,1190.004,29.24223,0.009784449,0,92.20277,23.19813,14.3984,96.02175,267.2194,229.6769,0,2,1.646172,288.1,300,0.7,0,0,43.90427,43.90427,1,1,0.9921118,0.9959571,300,0.651598,0,0,93.86101,1,0,1,1,18.48631,1.900399,0,1,270,248,0,0,0,1,1.016396,0,1,1,2,60,0,1,1000,5,27.1,14.7,1.062213,12.97658,0.2138281,0.2138281,1,0,16,0,14.48617,14.48617,1,1,150,0,0,0,127,30,0,0,30,1,-120.7578,
37.97639,1182.965,29.55565,0.02157322,0,91.96239,23.1965,14.3952,95.9811,261.4718,228.2273,0,2,1.646293,288.36,300,0.7,0,0,44.08824,44.08824,1,1,0.9923362,0.9959625,300,0.6581641,0,0,93.86101,1,0,1,1,18.42306,1.9012,0,1,270,244,0,0,0,1,1.016393,0,1,1,2,60,0,1,1000,5,27.1,14.7,1.057107,12.97643,0.2550049,0.2550049,1,0,16,0,14.445,14.445,1,1,150,0,0,0,127,30,0,0,30,1,-120.4444,
38.07809,1157.363,30.1825,0.03571974,0,91.98329,23.11974,14.24091,95.9811,270.8815,228.6278,0,2,1.620308,288.45,300,0.7,0,0,44.44743,44.44743,1,1,1.003136,0.9962206,300,0.6777402,0,0,93.86101,1,0,1,1,18.20984,1.939773,0,1,270,232,0,0,0,1,1.016239,0,1,1,2,40,0,1,1000,5,27.1,14.69852,1.057107,12.9778,0.2296705,0.2296705,1,0,16,0,14.46627,14.46627,1,1,150,0,0,0,127,30,0,0,30,1,-119.8175,
38.17819,1129.901,32.84059,0.002711187,0,92.09825,23.15893,14.26746,96.05223,269.0166,229.963,0,2,1.657188,288.38,300,0.7,0,0,46.01124,46.01124,1,1,1.001278,0.9960887,300,0.7645836,0,0,93.86101,1,0,1,1,17.94938,1.933134,0,1,270,244,0,0,0,1,1.016318,0,1,1,2,30,0,1,1000,5,33.1,14.67443,1.057107,12.97704,0.1770353,0.1770353,1,0,16,0,14.49647,14.49647,1,1,150,0,0,0,127,30,0,0,30,1,-117.1594,
38.27819,1097.333,35.76388,0.03336199,0,92.14006,23.1965,14.29493,95.99126,269.8473,234.9222,0,2,1.664289,287.84,300,0.7,0,0,46.40842,46.40842,1,1,0.9993547,0.9959625,300,0.8419826,0,0,93.86101,1,0,1,1,17.67071,1.926267,0,1,270,256,0,0,0,1,1.016393,0,1,1,2,50,0,1,1000,5,33.1,14.63614,1.057107,12.9778,0.1328773,0.1328773,1,0,16,0,14.51019,14.51019,1,1,150,0,0,0,127,30,0,0,30,1,-114.2361,
38.38109,1081.042,35.78799,0.007426695,0,92.02509,23.21283,14.34209,95.9811,252.2995,235.3036,0,2,1.666607,287.76,300,0.7,0,0,46.40388,46.40388,1,1,0.9960538,0.9959076,300,0.8446561,0,0,93.86101,1,0,1,1,17.55817,1.914477,0,1,270,252,0,0,0,1,1.016426,0,1,1,2,60,0,1,1000,5,33.1,14.59789,1.057107,12.97643,0.004861832,0.004861832,1,0,16,0,14.58953,14.58953,1,1,150,0,0,0,127,30,0,0,30,1,-114.212,
38.48279,1087.429,37.5058,0.03571974,0,92.01464,23.14587,14.38925,95.94046,270.0677,236.696,0,2,1.712701,287.29,300,0.7,0,0,46.6158,46.6158,1,1,0.9927527,0.9961327,300,0.889464,0,0,93.86101,1,0,1,1,17.58071,1.902688,0,1,270,260,0,0,0,1,1.016292,0,1,1,2,50,0,1,1000,5,33.1,14.59561,1.057107,12.9752,-0.1357307,-0.1357307,1,0,16,0,14.72791,14.72791,1,1,150,0,0,0,127,30,0,0,30,1,-112.4942,
38.58439,1132.845,36.9573,0.02393097,0,92.24458,23.24223,14.42129,95.99126,273.4586,235.7805,0,2,1.75591,287.03,300,0.7,0,0,46.56121,46.56121,1,1,0.9905094,0.9958089,300,0.8745692,0,0,93.86101,1,0,1,1,17.89277,1.896451,0,1,270,264,0,0,0,1,1.016484,0,1,1,2,40,0,1,1000,5,27.1,14.63804,1.059281,12.97505,-0.2600431,-0.2600431,1,0,16,0,14.89632,14.89632,1,1,150,0,0,0,127,30,0,0,30,1,-113.0427,
38.68529,1190.571,34.77538,0,0,92.07735,23.21609,14.23725,95.97094,279.8505,232.7859,0,2,1.805699,286.84,300,0.7,0,0,46.34753,46.34753,1,1,1.003393,0.9958966,300,0.8175907,0,0,93.86101,1,0,1,1,18.34011,1.940688,0,1,270,244,0,0,0,1,1.016432,0,1,1,2,20,0,1,1000,5,27.1,14.66666,1.059281,12.97581,-0.2829762,-0.2829762,1,0,16,0,14.94935,14.94935,1,1,150,0,0,0,127,30,0,0,30,1,-115.2246,
38.78539,1235.839,32.79237,0.04043525,0,92.09825,23.20793,14.39108,95.94046,284.7334,229.4671,0,2,1.822863,286.6,300,0.7,0,0,46.07664,46.07664,1,1,0.9926245,0.9959241,300,0.7655288,0,0,93.86101,1,0,1,1,18.72525,1.90223,0,1,270,232,0,0,0,1,1.016416,0,1,1,2,40,0,1,1000,5,27.1,14.68472,1.059281,12.97734,-0.1285381,-0.1285381,1,0,16,0,14.81174,14.81174,1,1,150,0,0,0,127,30,0,0,30,1,-117.2076,
38.88539,1249.635,31.32771,0.007426695,0,91.89967,23.23896,14.28807,95.80836,283.5974,228.3036,0,2,1.791144,287.16,300,0.7,0,0,45.20169,45.20169,1,1,0.9998354,0.9958199,300,0.7169969,0,0,93.86101,1,0,1,1,18.87841,1.927983,0,1,270,244,0,0,0,1,1.016478,0,1,1,2,30,0,1,1000,5,27.1,14.69335,1.059281,12.97704,-0.1063166,-0.1063166,1,0,16,0,14.798,14.798,1,1,150,0,0,0,127,30,0,0,30,1,-118.6723,
38.98919,1250.313,29.99565,0.02864648,0,92.20277,23.26346,14.19375,96.05223,273.2043,228.666,0,2,1.760857,287.61,300,0.7,0,0,44.3983,44.3983,1,1,1.006437,0.9957375,300,0.6762207,0,0,93.86101,1,0,1,1,18.93114,1.951562,0,1,270,232,0,0,0,1,1.016527,0,1,1,2,60,0,1,1000,5,27.1,14.7,1.062803,12.97734,-0.1725159,-0.1725159,1,0,16,0,14.8698,14.8698,1,1,150,0,0,0,127,30,0,0,30,1,-120.0043,
39.09079,1233.046,30.34524,0.009784449,0,92.21322,23.23733,14.26151,96.01159,283.1227,229.3717,0,2,1.705713,287.85,300,0.7,0,0,44.59544,44.59544,1,1,1.001694,0.9958253,300,0.6872543,0,0,93.86101,1,0,1,1,18.78629,1.934622,0,1,270,228,0,0,0,1,1.016475,0,1,1,2,40,0,1,1000,5,27.1,14.69808,1.062803,12.9778,-0.160964,-0.160964,1,0,16,0,14.86096,14.86096,1,1,150,0,0,0,127,30,0,0,30,1,-119.6548,
39.19279,1225.59,30.50195,0,0,92.32819,23.28959,14.15026,96.1132,281.495,228.9712,0,2,1.736253,287.53,300,0.7,0,0,44.68502,44.68502,1,1,1.009482,0.9956498,300,0.6921874,0,0,93.86101,1,0,1,1,18.72409,1.962436,0,1,270,228,0,0,0,1,1.016579,0,1,1,2,50,0,1,1000,5,27.1,14.69708,1.062803,12.97643,-0.1080027,-0.1080027,1,0,16,0,14.8054,14.8054,1,1,150,0,0,0,127,30,0,0,30,1,-119.498,
39.2939,1215.805,30.57428,0.009784449,0,92.25502,23.21119,14.24686,96.1132,278.2059,229.3717,0,2,1.712259,287.9,300,0.7,0,0,44.72192,44.72192,1,1,1.00272,0.9959131,300,0.694507,0,0,93.86101,1,0,1,1,18.64708,1.938285,0,1,270,252,0,0,0,1,1.016422,0,1,1,2,40,0,1,1000,5,27.1,14.69648,1.062803,12.97719,-0.002248764,-0.002248764,1,0,16,0,14.69846,14.69846,1,1,150,0,0,0,127,30,0,0,30,1,-119.4257,
39.395,1197.605,30.77319,0,0,92.26547,23.28306,14.24869,96.08272,276.29,229.0475,0,2,1.696607,288.03,300,0.7,0,0,44.82891,44.82891,1,1,1.002592,0.9956717,300,0.7007073,0,0,93.86101,1,0,1,1,18.50255,1.937827,0,1,270,248,0,0,0,1,1.016566,0,1,1,2,20,0,1,1000,5,27.1,14.69479,1.062803,12.9752,0.0334549,0.0334549,1,0,16,0,14.66019,14.66019,1,1,150,0,0,0,127,30,0,0,30,1,-119.2268,
39.4953,1182.546,31.63511,0.01449996,0,92.31773,23.34512,14.11271,96.10304,276.0357,229.963,0,2,1.704837,287.81,300,0.7,0,0,45.3352,45.3352,1,1,1.01211,0.9954633,300,0.7277302,0,0,93.86101,1,0,1,1,18.36557,1.971821,0,1,270,244,0,0,0,1,1.01669,0,1,1,2,50,0,1,1000,5,27.1,14.68815,1.061339,12.97673,0.04584312,0.04584312,1,0,16,0,14.64252,14.64252,1,1,150,0,0,0,127,30,0,0,30,1,-118.3649,
39.597,1172.837,32.49702,0,0,92.27592,23.26346,14.17269,96.08272,277.4768,229.8104,0,2,1.710387,287.76,300,0.7,0,0,45.8438,45.8438,1,1,1.007912,0.9957375,300,0.7563943,0,0,93.86101,1,0,1,1,18.27166,1.956827,0,1,270,244,0,0,0,1,1.016527,0,1,1,2,40,0,1,1000,5,27.1,14.68109,1.061339,12.9778,0.02421856,0.02421856,1,0,16,0,14.65651,14.65651,1,1,150,0,0,0,127,30,0,0,30,1,-117.503,
39.6992,1177.995,33.35292,0,0,92.24458,23.22426,14.20474,96.1132,277.1378,231.6415,0,2,1.747359,287.23,300,0.7,0,0,46.18749,46.18749,1,1,1.005668,0.9958692,300,0.7824938,0,0,93.86101,1,0,1,1,18.28785,1.948815,0,1,270,240,0,0,0,1,1.016448,0,1,1,2,50,0,1,1000,5,27.1,14.67519,1.061339,12.97826,-0.06418419,-0.06418419,1,0,16,0,14.74116,14.74116,1,1,150,0,0,0,127,30,0,0,30,1,-116.6471,
39.80099,1191.185,33.53374,0,0,92.0878,23.27652,14.19284,96.04207,278.0363,232.7287,0,2,1.766925,287.16,300,0.7,0,0,46.21767,46.21767,1,1,1.006501,0.9956936,300,0.7871807,0,0,93.86101,1,0,1,1,18.37834,1.951791,0,1,270,244,0,0,0,1,1.016553,0,1,1,2,40,0,1,1000,5,27.1,14.6754,1.061339,12.97734,-0.1747913,-0.1747913,1,0,16,0,14.85213,14.85213,1,1,150,0,0,0,127,30,0,0,30,1,-116.4663,
39.9023,1209.19,33.02141,0,0,92.12961,23.25039,14.26655,96.02175,279.7318,231.1265,0,2,1.793632,286.74,300,0.7,0,0,46.18018,46.18018,1,1,1.001342,0.9957814,300,0.7742701,0,0,93.86101,1,0,1,1,18.52346,1.933363,0,1,270,224,0,0,0,1,1.016501,0,1,1,2,30,0,1,1000,5,27.1,14.68078,1.061339,12.97902,-0.268033,-0.268033,1,0,16,0,14.94824,14.94824,1,1,150,0,0,0,127,30,0,0,30,1,-116.9786,
40.0033,1229.005,31.91839,0.01449996,0,92.16096,23.26346,14.15575,96.01159,281.0712,228.3608,0,2,1.80254,286.77,300,0.7,0,0,45.54277,45.54277,1,1,1.009097,0.9957375,300,0.742662,0,0,93.86101,1,0,1,1,18.70385,1.961062,0,1,270,244,0,0,0,1,1.016527,0,1,1,2,40,0,1,1000,5,27.1,14.68907,1.068554,12.98085,-0.3410263,-0.3410263,1,0,16,0,15.02889,15.02889,1,1,150,0,0,0,127,30,0,0,30,1,-118.0816,
40.10619,1246.468,30.98414,0,0,92.17141,23.27652,14.25281,96.16401,281.1898,227.884,0,2,1.786605,286.9,300,0.7,0,0,44.99127,44.99127,1,1,1.002303,0.9956936,300,0.7118955,0,0,93.86101,1,0,1,1,18.86668,1.936797,0,1,270,228,0,0,0,1,1.016553,0,1,1,2,40,0,1,1000,5,27.1,14.69496,1.068554,12.97643,-0.4533443,-0.4533443,1,0,16,0,15.146,15.146,1,1,150,0,0,0,127,30,0,0,30,1,-119.0159,
40.20819,1266.464,31.01428,0.0380775,0,91.89967,23.32552,14.40573,95.9811,289.3619,230.5733,0,2,1.773049,287.31,300,0.7,0,0,45.17226,45.17226,1,1,0.991599,0.9955291,300,0.7153798,0,0,93.86101,1,0,1,1,19.01697,1.899045,0,1,270,252,0,0,0,1,1.016651,0,1,1,2,30,0,1,1000,5,27.1,14.69549,1.068554,12.97963,-0.435298,-0.435298,1,0,16,0,15.13384,15.13384,1,1,150,0,0,0,127,30,0,0,30,1,-118.9857,
40.3084,1270.756,30.84552,0.04986627,0,91.92058,23.25692,14.31782,95.94046,285.3098,227.2164,0,2,1.800237,286.99,300,0.7,0,0,45.11427,45.11427,1,1,0.9977523,0.9957594,300,0.7106001,0,0,93.86101,1,0,1,1,19.05598,1.920544,0,1,270,248,0,0,0,1,1.016514,0,1,1,2,10,0,1,1000,5,27.1,14.69636,1.068554,12.97765,-0.4953623,-0.4953623,1,0,16,0,15.1924,15.1924,1,1,150,0,0,0,127,30,0,0,30,1,-119.1545,
40.4129,1269.304,30.83346,1.834686,0,91.98329,23.28959,14.16857,96.02175,282.4445,229.0665,0,2,2.337635,283.13,300,0.7,0,0,45.09284,75.44109,1,1,1.0082,0.9956498,300,1.187762,30.34824,0.6689937,273.1839,1,0,1,1,19.04542,1.957857,0,1,270,224,0,0,0,1,1.016579,0,1,1,2,40,0,1,1000,5,27.1,14.69637,1.068554,12.97887,-0.501915,-0.501915,1,0,16,0,15.19681,15.19681,1,1,150,0,0,0,127,30,0,0,30,1,-119.1665,
40.5135,1261.193,65.58145,16.52859,0,92.07735,23.28959,14.0825,96.02175,291.1761,271.6583,0,2,5.076303,261.11,300,0.7,0,0,72.6121,125.2921,1,1,1.014225,0.9956498,300,3.965563,52.67996,1.161272,778.1797,1,0,1,1,20.21481,1.979375,0,1,270,240,0,0,0,1,1.016579,0,1,1,2,40,0,1,1000,6,25,14.55165,1,12.97734,-0.6582575,-0.6582575,1,0,7,0,15.22775,15.22775,1,1,150,0,0,0,127,30,0,0,30,1,-84.41855,
40.6156,1652.346,85.84559,17.97839,0,92.16096,23.36635,14.22992,96.13352,334.5625,292.5822,0,2,5.631747,256.82,300,0.7,0,0,74.1633,74.1633,1,1,1.003906,0.995392,300,3.195316,0,0,778.1797,1,0,1,1,21.33096,1.94252,0,1,270,256,0,0,0,1,1.016733,0,1,1,2,20,0,1,1000,6,25,13.99132,1,12.97704,-1.157443,-1.157443,1,0,7,0,15.2399,15.2399,1,1,150,0,0,0,127,30,0,0,30,1,-64.15441,
40.7166,2146.998,83.53709,19.23535,0,92.17141,23.26346,14.21527,96.04207,371.252,282.8927,0,2,7.371359,243.2,300,0.7,0,0,72.53323,72.53323,1,1,1.004931,0.9957375,300,2.999373,0,0,778.1797,1,0,1,1,24.73249,1.946183,0,1,270,260,0,0,0,1,1.016527,0,1,1,2,10,0,1,1000,6,25,14.18777,1,12.97765,-0.8408394,-0.8408394,1,0,7,0,14.91289,14.91289,1,1,150,0,0,0,127,30,0,0,30,1,-66.46291,
40.8192,2852.796,79.58312,19.84717,0,92.23412,23.35982,14.20062,96.15385,393.6828,278.9063,0,2,9.604412,229.29,300,0.7,0,0,75.51838,75.51838,1,1,1.005957,0.995414,300,2.997405,0,0,778.1797,1,0,1,1,29.04041,1.949845,0,1,270,252,0,0,0,1,1.01672,0,1,1,2,30,0,1,1000,6,25,14.41251,1.023627,12.97765,-1.099684,-1.099684,1,0,16,0,15.45671,15.45671,1,1,150,0,0,0,127,30,0,0,30,1,-70.41688,
40.9214,3375.717,73.93543,19.00205,0,92.22367,23.35492,14.10539,96.12337,425.252,276.7891,0,2,9.733318,227.88,300,0.7,0,0,70.18191,70.18191,1,1,1.012623,0.9954304,300,2.557861,0,0,778.1797,1,0,1,1,33.83005,1.973652,0,1,277.5143,248,0,0,0,1,1.01671,0,1,1,2,20,0,1,1000,6,25,14.58194,1.023627,12.98146,0.3013535,0.3013535,1,0,16,0,14.33176,14.33176,1,1,150,0,0,0,126,30,0,0,30,1,-76.06457,
41.0239,3734.595,69.04118,18.64258,0,92.15051,23.35982,14.20611,95.97094,415.5879,267.5574,0,2,10.55023,221.17,300,0.7,0,0,69.23785,69.23785,1,1,1.005572,0.995414,300,2.306005,0,0,778.1797,1,0,1,1,37.43505,1.948472,0,1,289.3838,324,0,0,0,1,1.01672,0,1,1,2,20,0,1,1000,6,25,14.71396,1.010808,12.97887,0.4699993,0.4699993,1,0,16,0,14.21077,14.21077,1,1,150,0,0,0,125,30,0,0,30,1,-80.95882,
41.1245,3904.725,68.01653,18.0498,0,92.11916,23.34185,14.28852,96.02175,420.8438,269.1215,0,2,10.4126,225.56,300,0.7,0,0,69.67485,69.67485,1,1,0.9998034,0.9954742,300,2.286434,0,0,778.1797,1,0,1,1,38.24182,1.927869,0,1,296.189,260,0,0,0,1,1.016684,0,1,1,2,30,0,1,1000,6,25,14.71232,1.010808,12.97765,0.2508287,0.2508287,1,0,16,0,14.49921,14.49921,1,1,150,0,0,0,126,30,0,0,30,1,-81.98347,
41.2266,3877.472,65.262,17.36419,0,92.046,23.38595,14.37093,96.03191,422.2002,265.0587,0,2,10.40455,225.6,300,0.7,0,0,68.10472,68.10472,1,1,0.9940346,0.9953262,300,2.127279,0,0,778.1797,1,0,1,1,38.93406,1.907266,0,1,295.0989,284,0,0,0,1,1.016772,0,1,1,2,30,0.009533646,1,1000,6,25,14.7792,1.007358,12.97765,0.1093149,0.1093149,1,0,16,0,14.62339,14.62339,1,1,150,0,0,0,126,30,0,0,30,1,-84.738,
41.328,3749.063,66.46748,16.81903,0,92.00419,23.36961,14.35994,95.89981,422.1324,265.9361,0,2,9.903774,229.11,300,0.7,0,0,68.02844,68.02844,1,1,0.9948039,0.9953811,300,2.161441,0,0,778.1797,1,0,1,1,38.19807,1.910014,0,1,289.9625,316,0,0,0,1,1.016739,0,1,1,2,30,0.009533646,1,1000,6,25,14.76536,1.005134,12.97993,0.08380985,0.08380985,1,0,16,0,14.67344,14.67344,1,1,150,0,0,0,125,30,0,0,30,1,-83.53252,
41.4313,3623.188,67.16666,16.68809,0,92.16096,23.36798,14.13469,95.95062,425.3537,269.3885,0,2,9.51087,231.12,300,0.7,0,0,67.85666,67.85666,1,1,1.010572,0.9953865,300,2.17995,0,0,778.1797,1,0,1,1,37.61871,1.966327,0,1,284.9276,264,0,0,0,1,1.016736,0,1,1,2,40,0.009533646,1,1000,6,25,14.75667,1.005134,12.9839,-0.0388546,-0.0388546,1,0,16,0,14.80963,14.80963,1,1,150,0,0,0,125,30,0,0,30,1,-82.83334,
41.5336,3510.414,70.08995,16.70952,0,92.25502,23.35328,14.27021,96.13352,405.89,271.0479,0,2,9.419612,233.33,300,0.7,0,0,68.75862,68.75862,1,1,1.001085,0.9954359,300,2.31843,0,0,778.1797,1,0,1,1,36.29425,1.932448,0,1,280.4166,244,0,0,0,1,1.016707,0,1,1,2,20,2.319588,1,1000,6,25,14.6973,1.006874,12.9807,-0.464859,-0.464859,1,0,16,0,15.19681,15.19681,1,1,150,0,0,0,125,30,0,0,30,1,-79.91005,
41.6384,3429.747,71.27132,16.54288,0,91.96239,23.31572,14.21527,95.96078,406.0765,274.7864,0,2,9.431806,231.94,300,0.7,0,0,68.94128,68.94128,1,1,1.004931,0.995562,300,2.402656,0,0,778.1797,1,0,1,1,35.28414,1.946183,0,1,278.5949,280,0,0,0,1,1.016631,0,1,1,2,20,2.319588,1,1000,6,25,14.66186,1.020916,12.97856,-0.7697058,-0.7697058,1,0,16,0,15.47912,15.47912,1,1,150,0,0,0,125,30,0,0,30,1,-78.72868,
41.7392,3368.137,65.24392,13.59092,0,92.0878,23.39248,14.35033,96.12337,412.8413,265.2113,0,2,8.841361,236.38,300,0.7,0,0,66.32493,66.32493,1,1,0.9954769,0.9953043,300,2.096707,0,0,778.1797,1,0,1,1,36.86843,1.912417,0,1,277.3628,260,0,0,0,1,1.016785,0,1,1,2,30,2.319588,1,1000,6,25,14.79512,1.020916,12.97856,-0.819417,-0.819417,1,0,16,0,15.59236,15.59236,1,1,150,0,0,0,126,30,0,0,30,1,-84.75608,
41.8399,3291.278,63.07405,13.3838,0,92.17141,23.41044,14.21344,96.16401,407.4159,263.3612,0,2,8.337904,240.8,300,0.7,0,0,65.86649,65.86649,1,1,1.005059,0.995244,300,2.028438,0,0,778.1797,1,0,1,1,36.9646,1.94664,0,1,275.8256,252,0,0,0,1,1.016821,0,1,1,2,20,4.083485,1,1000,6,25,14.83852,1.031806,12.97887,-0.1781368,-0.1781368,1,0,16,0,15.01232,15.01232,1,1,150,0,0,0,126,30,0,0,30,1,-86.92595,
41.9404,3186.066,63.7009,13.49807,0,92.09825,23.38105,14.20611,96.04207,402.2957,265.1923,0,2,8.336873,239.99,300,0.7,0,0,67.11089,67.11089,1,1,1.005572,0.9953427,300,2.089151,0,0,778.1797,1,0,1,1,36.09069,1.948472,0,1,273.7213,276,0,0,0,1,1.016762,0,1,1,2,30,5.424955,1,1000,6,25,14.82598,1.031806,12.97948,-0.1531754,-0.1531754,1,0,16,0,14.95818,14.95818,1,1,150,0,0,0,126,30,0,0,30,1,-86.2991,
42.0437,3102.058,66.00337,13.5076,0,91.92058,23.31572,14.38741,95.96078,396.955,267.7672,0,2,8.246304,239.7,300,0.7,0,0,68.80304,68.80304,1,1,0.9928809,0.995562,300,2.235263,0,0,778.1797,1,0,1,1,34.85225,1.903146,0,1,272.0411,228,0,0,0,1,1.016631,0,1,1,2,20,5.424955,1,1000,6,25,14.77993,1.035931,12.98009,-0.406353,-0.406353,1,0,16,0,15.20123,15.20123,1,1,150,0,0,0,126,30,0,0,30,1,-83.99663,
42.1451,3033.367,66.37707,13.46712,0,92.00419,23.40718,14.38192,96.13352,399.176,266.413,0,2,8.341759,238.82,300,0.7,0,0,69.50372,69.50372,1,1,0.9932656,0.995255,300,2.271668,0,0,778.1797,1,0,1,1,34.27356,1.90452,0,1,270.6673,252,0,0,0,1,1.016814,0,1,1,2,20,6.25,1,1000,6,25,14.77246,1.035931,12.98009,-0.673274,-0.673274,1,0,16,0,15.43103,15.43103,1,1,150,0,0,0,127,30,0,0,30,1,-83.62293,
42.2453,2971.179,67.51625,13.45522,0,91.89967,23.38105,14.12737,95.94046,400.2781,266.5846,0,2,8.443102,240.13,300,0.7,0,0,70.44334,70.44334,1,1,1.011084,0.9953427,300,2.37841,0,0,778.1797,1,0,1,1,33.48188,1.968159,0,1,270,216,0,0,0,1,1.016762,0,1,1,2,20,7.240547,1,1000,6,25,14.74968,1.050423,12.98009,-0.6503792,-0.6503792,1,0,16,0,15.39125,15.39125,1,1,150,0,0,0,127,30,0,0,30,1,-82.48375,
42.3464,2928.258,68.71571,13.31,0,91.87878,23.40718,14.23725,96.03191,392.3942,268.3966,0,2,8.467546,238.97,300,0.7,0,0,71.23763,71.23763,1,1,1.003393,0.995255,300,2.451856,0,0,778.1797,1,0,1,1,32.8261,1.940688,0,1,270,212,0,0,0,1,1.016814,0,1,1,2,20,7.943512,1,1000,6,25,14.72569,1.050423,12.9807,-0.3679028,-0.3679028,1,0,16,0,15.08744,15.08744,1,1,150,0,0,0,126,30,0,0,30,1,-81.28429,
42.44901,2871.638,68.52885,12.62677,0,92.00419,23.43331,14.21893,96.00143,392.8011,266.5656,0,2,8.37561,240.26,300,0.7,0,0,71.59904,71.59904,1,1,1.004675,0.9951673,300,2.46636,0,0,778.1797,1,0,1,1,32.47073,1.945267,0,1,270,224,0,0,0,1,1.016867,0,1,1,2,20,8.849558,1,1000,6,25,14.72942,1.054476,12.9807,-0.09249878,-0.09249878,1,0,16,0,14.80963,14.80963,1,1,150,0,0,0,127,30,0,0,30,1,-81.47115,
42.5531,2803.738,68.44447,11.50788,0,92.0878,23.47904,14.38741,96.06239,399.6169,271.1433,0,2,8.014018,243.59,300,0.7,0,0,72.08754,72.08754,1,1,0.9928809,0.9950138,300,2.479687,0,0,778.1797,1,0,1,1,32.00198,1.903146,0,1,270,244,0,0,0,1,1.016958,0,1,1,2,30,9.523809,1,1000,6,25,14.73111,1.054476,12.9807,0.2800665,0.2800665,1,0,16,0,14.46696,14.46696,1,1,150,0,0,0,127,30,0,0,30,1,-81.55553,
42.65441,2701.243,63.60447,9.520069,0,92.05645,23.42024,14.16582,96.18433,384.6799,262.5982,0,2,7.248334,247.39,300,0.7,0,0,69.2069,69.2069,1,1,1.008392,0.9952111,300,2.175412,0,0,778.1797,1,0,1,1,32.16336,1.958544,0,1,270,272,0,0,0,1,1.01684,0,1,1,2,30,10.07839,1,1000,6,25,14.82791,1.043643,12.98207,0.7532387,0.7532387,1,0,16,0,14.059,14.059,1,1,150,0,0,0,127,30,0,0,30,1,-86.39554,
42.75681,2564.541,56.48007,6.915679,0,92.0878,23.48884,14.25922,96.09288,375.4228,252.3365,0,2,5.983929,256.73,300,0.7,0,0,63.82958,63.82958,1,1,1.001854,0.994981,300,1.768679,0,0,778.1797,1,0,1,1,31.86066,1.935194,0,1,270,236,0,0,0,1,1.016978,0,1,1,2,30,11.34931,1,1000,6,25,14.9352,1.043643,12.98131,1.432388,1.432388,1,0,16,0,13.49715,13.49715,1,1,150,0,0,0,127,30,0,0,30,1,-93.51993,
42.8582,2344.849,53.52664,6.777604,0,91.88923,23.47251,14.04496,96.02175,368.9462,255.2548,0,2,5.021885,264.87,300,0.7,0,0,59.82198,59.82198,1,1,1.016853,0.9950358,300,1.517636,0,0,778.1797,1,0,1,1,29.09333,1.988761,0,1,270,204,0,0,0,1,1.016945,0,1,1,2,30,11.76471,1,1000,6,25,14.96473,1.010195,12.97948,1.785491,1.785491,1,0,16,0,13.16936,13.16936,1,1,150,0,0,0,127,30,0,0,30,1,-96.47336,
42.9615,2283.626,53.81596,6.737133,0,91.94148,23.45944,14.08067,96.16401,383.0354,257.0478,0,2,4.757555,265.45,300,0.7,0,0,59.3119,59.3119,1,1,1.014353,0.9950796,300,1.513149,0,0,778.1797,1,0,1,1,28.0845,1.979833,0,1,270,212,0,0,0,1,1.016919,0,1,1,2,20,11.53846,1,1000,6,25,14.96184,1.010195,12.98009,2.208444,2.208444,1,0,16,0,12.75858,12.75858,1,1,150,0,0,0,127,30,0,0,30,1,-96.18404,
43.06231,2495.84,51.59185,7.048994,0,91.92058,23.47904,14.37276,95.97094,379.5767,251.173,0,2,5.178869,262.13,300,0.7,0,0,59.69743,59.69743,1,1,0.9939065,0.9950138,300,1.457836,0,0,778.1797,1,0,1,1,31.83876,1.906809,0,1,270,236,0,0,0,1,1.016958,0,1,1,2,40,12.34568,1,1000,6,25,14.98408,1.010195,12.9807,1.920354,1.920354,1,0,16,0,13.05933,13.05933,1,1,150,0,0,0,127,30,0,0,30,1,-98.40816,
43.16401,2675.227,50.50089,7.496549,0,91.75336,23.5215,14.47166,96.02175,383.2219,249.1321,0,2,5.283722,261.15,300,0.7,0,0,60.525,60.525,1,1,0.986984,0.9948714,300,1.397892,0,0,778.1797,1,0,1,1,34.3662,1.888057,0,1,270,232,0,0,0,1,1.017043,0,1,1,2,40,13.0814,1,1000,6,25,14.99499,0.9768209,12.98268,0.6222982,0.6222982,1,0,16,0,14.37293,14.37293,1,1,150,0,0,0,127,30,0,0,30,1,-99.49911,
43.2667,2586.876,51.28445,7.644146,0,91.89967,23.5313,14.11088,96.05223,379.1019,250.6771,0,2,5.173752,262.79,300,0.7,0,0,60.3737,60.3737,1,1,1.012238,0.9948385,300,1.416753,0,0,778.1797,1,0,1,1,33.07531,1.972279,0,1,270,236,0,0,0,1,1.017063,0,1,1,2,30,13.10044,1,1000,6,25,14.98716,0.9768209,12.98207,0.4480209,0.4480209,1,0,16,0,14.54245,14.54245,1,1,150,0,0,0,127,30,0,0,30,1,-98.71555,
43.3718,2529.511,52.51404,7.629863,0,92.12961,23.53783,14.21527,96.20466,381.1534,256.5518,0,2,5.101181,263.29,300,0.7,0,0,61.03767,61.03767,1,1,1.004931,0.9948167,300,1.455107,0,0,778.1797,1,0,1,1,32.1026,1.946183,0,1,270,236,0,0,0,1,1.017076,0,1,1,2,40,12.87554,1,1000,6,25,14.97486,0.9683296,12.98131,0.2049589,0.2049589,1,0,16,0,14.77581,14.77581,1,1,150,0,0,0,127,30,0,0,30,1,-97.48596,
43.47341,2693.966,52.36938,8.001238,0,92.1087,23.5509,14.18551,96.23514,398.2266,254.7207,0,2,5.47773,259.56,300,0.7,0,0,62.68424,62.68424,1,1,1.007014,0.9947729,300,1.490072,0,0,778.1797,1,0,1,1,34.21971,1.953622,0,1,270,280,0,0,0,1,1.017102,0,1,1,2,30,13.27434,1,1000,6,25,14.97631,0.9683296,12.97887,-0.3671598,-0.3671598,1,0,16,0,15.35148,15.35148,1,1,150,0,0,0,127,30,0,0,30,1,-97.63062,
43.5741,2833.129,51.12774,8.772556,0,91.82652,23.47251,14.17864,96.09288,393.0385,248.9414,0,2,5.949571,257.1,300,0.7,0,0,62.27888,62.27888,1,1,1.007495,0.9950358,300,1.468033,0,0,778.1797,1,0,1,1,36.258,1.955339,0,1,270,256,0,0,0,1,1.016945,0,1,1,2,40,13.76147,1,1000,6,25,14.98872,0.9842427,12.98131,-0.9641657,-0.9641657,1,0,16,0,15.94505,15.94505,1,1,150,0,0,0,127,30,0,0,30,1,-98.87227,
43.67721,2805.574,52.42363,8.920155,0,91.78471,23.57866,14.17132,96.14368,395.3104,253.4047,0,2,5.868325,258.29,300,0.7,0,0,63.85095,63.85095,1,1,1.008008,0.9946797,300,1.544343,0,0,778.1797,1,0,1,1,35.62569,1.95717,0,1,270,212,0,0,0,1,1.017157,0,1,1,2,40,14.24051,1,1000,6,25,14.97576,0.9842427,12.98131,-0.8904982,-0.8904982,1,0,16,0,15.87428,15.87428,1,1,150,0,0,0,126,30,0,0,30,1,-97.57637,
43.77961,2763.958,53.24938,9.317717,0,91.75336,23.57703,14.33248,95.92014,393.7167,250.9632,0,2,6.011609,256.62,300,0.7,0,0,64.24284,64.24284,1,1,0.9967267,0.9946852,300,1.604123,0,0,778.1797,1,0,1,1,34.92168,1.916881,0,1,270,276,0,0,0,1,1.017154,0,1,1,2,20,13.88889,1,1000,6,25,14.96751,0.9997942,12.98329,-0.8101578,-0.8101578,1,0,16,0,15.77519,15.77519,1,1,150,0,0,0,127,30,0,0,30,1,-96.75062,
43.88131,2898.551,54.72007,9.877161,0,91.62794,23.5607,14.16765,96.10304,403.652,256.838,0,2,6.328503,253.08,300,0.7,0,0,64.54768,64.54768,1,1,1.008264,0.99474,300,1.657916,0,0,778.1797,1,0,1,1,36.2943,1.958086,0,1,270,232,0,0,0,1,1.017121,0,1,1,2,30,14.33121,1,1000,6,25,14.9528,0.9997942,12.98253,-0.9540224,-0.9540224,1,0,16,0,15.91556,15.91556,1,1,150,0,0,0,127,30,0,0,30,1,-95.27993,
43.98351,3014.469,53.44828,10.16521,0,91.80561,23.65869,14.30043,96.10304,398.2266,254.3965,0,2,6.50623,253.67,300,0.7,0,0,62.78584,62.78584,1,1,0.9989702,0.9944116,300,1.600668,0,0,778.1797,1,0,1,1,37.938,1.924893,0,1,270.2894,256,0,0,0,1,1.017317,0,1,1,2,30,15.05017,1,1000,6,25,14.96552,1.016975,12.97887,-0.8631611,-0.8631611,1,0,16,0,15.83181,15.83181,1,1,150,0,0,0,127,30,0,0,30,1,-96.55171,
44.0857,3000.6,53.17706,10.11046,0,91.83697,23.5705,14.14019,96.13352,401.3462,252.2602,0,2,6.55131,252.18,300,0.7,0,0,62.76043,62.76043,1,1,1.010187,0.9947072,300,1.591809,0,0,778.1797,1,0,1,1,37.92395,1.964954,0,1,270.012,244,0,0,0,1,1.017141,0,1,1,2,30,15.02504,1,1000,6,25,14.96823,1.016975,12.97856,-0.8411198,-0.8411198,1,0,16,0,15.8035,15.8035,1,1,150,0,0,0,127,30,0,0,30,1,-96.82294,
44.1874,3011.746,52.86363,9.960483,0,91.93103,23.61623,14.34758,96.2453,408.0602,250.5245,0,2,6.500351,252.96,300,0.7,0,0,62.43111,62.43111,1,1,0.9956691,0.9945538,300,1.599625,0,0,778.1797,1,0,1,1,38.05576,1.913104,0,1,270.2349,284,0,0,0,1,1.017232,0,1,1,2,40,15.2027,1,1000,6,25,14.97136,1.033733,12.98009,-0.8370991,-0.8370991,1,0,16,0,15.80822,15.80822,1,1,150,0,0,0,127,30,0,0,30,1,-97.13637,
44.2889,3121.423,52.45377,10.01524,0,91.87878,23.60316,14.15346,96.18433,411.485,253.1758,0,2,6.502965,253.65,300,0.7,0,0,61.07036,61.07036,1,1,1.009258,0.9945977,300,1.552231,0,0,778.1797,1,0,1,1,38.721,1.961634,0,1,272.4285,244,0,0,0,1,1.017206,0,1,1,2,30,15.51724,1,1000,6,25,14.97546,1.033733,12.98131,-0.9520769,-0.9520769,1,0,16,0,15.93562,15.93562,1,1,150,0,0,0,126,30,0,0,30,1,-97.54623,
44.3918,3208.556,50.71185,10.00809,0,91.81606,23.69462,14.23267,96.13352,413.4686,251.0968,0,2,6.550803,253.33,300,0.7,0,0,58.82695,58.82695,1,1,1.003713,0.9942912,300,1.465249,0,0,778.1797,1,0,1,1,39.46574,1.941833,0,1,274.1711,232,0,0,0,1,1.017389,0,1,1,2,20,16.10018,1,1000,6,25,14.99288,1.049168,12.98375,-0.6397371,-0.6397371,1,0,16,0,15.63364,15.63364,1,1,150,0,0,0,126,30,0,0,30,1,-99.28815,
44.4956,3205.128,50.98308,10.00333,0,91.42937,23.59009,14.38925,95.9811,405.0253,252.9278,0,2,6.436966,253.66,300,0.7,0,0,59.08357,59.08357,1,1,0.9927527,0.9946415,300,1.479996,0,0,778.1797,1,0,1,1,39.40422,1.902688,0,1,274.1026,216,0,0,0,1,1.01718,0,1,1,2,20,16.04278,1,1000,6,25,14.99017,1.049168,12.98421,-0.492095,-0.492095,1,0,16,0,15.49209,15.49209,1,1,150,0,0,0,126,30,0,0,30,1,-99.01692,
44.5965,3250.271,49.65705,9.939056,0,91.64884,23.60316,14.28852,96.10304,417.4529,247.8351,0,2,6.44637,253.18,300,0.7,0,0,57.62326,57.62326,1,1,0.9998034,0.9945977,300,1.419339,0,0,778.1797,1,0,1,1,39.82317,1.927869,0,1,275.0054,232,0,0,0,1,1.017206,0,1,1,2,20,16.18705,1,1000,6,25,15,1.05993,12.98253,-0.6159496,-0.6159496,1,0,16,0,15.61595,15.61595,1,1,150,0,0,0,126,30,0,0,30,1,-100.343,
44.6972,3332.963,49.6028,9.958102,0,91.54433,23.66849,14.16765,96.04207,414.3333,249.1894,0,2,6.582602,252.39,300,0.7,0,0,56.95648,56.95648,1,1,1.008264,0.9943787,300,1.401254,0,0,778.1797,1,0,1,1,40.19034,1.958086,0,1,276.6593,224,0,0,0,1,1.017337,0,1,1,2,30,16.48352,1,1000,6,25,15,1.05993,12.98131,-0.8978682,-0.8978682,1,0,16,0,15.89787,15.89787,1,1,150,0,0,0,126,30,0,0,30,1,-100.3972,
44.7994,3374.958,48.3491,9.934296,0,91.61749,23.69462,14.40939,96.04207,407.1785,246.8433,0,2,6.665542,251.07,300,0.7,0,0,55.68506,55.68506,1,1,0.9913426,0.9942912,300,1.355574,0,0,778.1797,1,0,1,1,40.51725,1.898435,0,1,277.4991,276,0,0,0,1,1.017389,0,1,1,2,30,16.98113,1,1000,6,25,15,1.076024,12.9778,-0.9521294,-0.9521294,1,0,16,0,15.95213,15.95213,1,1,150,0,0,0,126,30,0,0,30,1,-101.6509,
44.902,3388.682,48.49376,9.94858,0,91.71156,23.70768,14.26105,96.05223,413.2652,248.4264,0,2,6.579691,252.78,300,0.7,0,0,55.69941,55.69941,1,1,1.001726,0.9942475,300,1.359956,0,0,778.1797,1,0,1,1,40.55542,1.934737,0,1,277.7737,228,0,0,0,1,1.017415,0,1,1,2,20,16.88555,1,1000,6,25,15,1.076024,12.98695,-1.212336,-1.212336,1,0,16,0,16.21234,16.21234,1,1,150,0,0,0,126,30,0,0,30,1,-101.5062,
45.0072,3454.629,48.16225,9.94858,0,91.78471,23.70768,14.09806,96.22498,420.1148,246.1566,0,2,6.851681,250.54,300,0.7,0,0,55.3696,55.3696,1,1,1.013135,0.9942475,300,1.37078,0,0,778.1797,1,0,1,1,40.84921,1.975484,0,1,279.0926,252,0,0,0,1,1.017415,0,1,1,2,30,17.24138,1,1000,6,25,15,1.098558,12.98131,-1.113731,-1.113731,1,0,16,0,16.11373,16.11373,1,1,150,0,0,0,125,30,0,0,30,1,-101.8377,
45.1095,3516.587,48.37924,10.29139,0,91.48162,23.66195,14.16628,96.09288,418.4702,248.8842,0,2,7.150393,248.83,300,0.7,0,0,55.54978,55.54978,1,1,1.00836,0.9944006,300,1.40565,0,0,778.1797,1,0,1,1,41.05045,1.958429,0,1,280.6635,240,0,0,0,1,1.017324,0,1,1,2,40,17.47573,1,1000,6,25,15,1.117742,12.98299,-0.8601217,-0.8601217,1,0,16,0,15.86012,15.86012,1,1,150,0,0,0,125,30,0,0,30,1,-101.6208,
45.2135,3547.357,49.74143,10.6342,0,91.53388,23.72238,14.22992,96.09288,410.8068,250.8678,0,2,7.183399,248.74,300,0.7,0,0,56.73266,56.73266,1,1,1.003906,0.9941983,300,1.475878,0,0,778.1797,1,0,1,1,41.03194,1.94252,0,1,281.8943,240,0,0,0,1,1.017445,0,1,1,2,30,17.89264,1,1000,6,25,15,1.117742,12.98131,-0.5534334,-0.5534334,1,0,16,0,15.55343,15.55343,1,1,150,0,0,0,125,30,0,0,30,1,-100.2586,
45.3152,3576.964,52.09212,11.346,0,91.54433,23.71422,14.3311,96.07256,411.9936,252.5463,0,2,7.511625,245.5,300,0.7,0,0,58.8569,58.8569,1,1,0.9968229,0.9942256,300,1.617918,0,0,778.1797,1,0,1,1,40.95863,1.917225,0,1,283.0786,244,0,0,0,1,1.017428,0,1,1,2,30,17.85714,1,1000,6,25,14.97908,1.126208,12.9836,-0.3795509,-0.3795509,1,0,16,0,15.37358,15.37358,1,1,150,0,0,0,125,30,0,0,30,1,-97.90788,
45.416,3635.042,53.94856,12.31729,0,91.55478,23.83834,14.25922,96.05223,410.2642,254.8352,0,2,8.057675,238.12,300,0.7,0,0,60.44192,60.44192,1,1,1.001854,0.9938101,300,1.734247,0,0,778.1797,1,0,1,1,41.03168,1.935194,0,1,285.4017,252,0,0,0,1,1.017677,0,1,1,2,30,18.18182,1,1000,6,25,14.96052,1.133865,12.9807,-0.3821869,-0.3821869,1,0,16,0,15.3559,15.3559,1,1,150,0,0,0,125,30,0,0,30,1,-96.05144,
45.519,3707.823,56.49815,14.05514,0,91.48162,23.72402,14.38192,96.10304,416.7408,257.4483,0,2,9.053269,233.88,300,0.7,0,0,62.22143,62.22143,1,1,0.9932656,0.9941927,300,1.873171,0,0,778.1797,1,0,1,1,40.81497,1.90452,0,1,288.3129,268,0,0,0,1,1.017448,0,1,1,2,30,18.36735,1,1000,6,25,14.93502,1.133865,12.98131,-0.4261484,-0.4261484,1,0,16,0,15.34706,15.34706,1,1,150,0,0,0,125,30,0,0,30,1,-93.50185,
45.6192,3779.29,64.23132,17.12374,0,91.59659,23.75995,14.22076,96.22498,419.7927,263.3612,0,2,9.385236,233.05,300,0.7,0,0,67.03745,67.03745,1,1,1.004547,0.9940724,300,2.040521,0,0,86.00922,1,0,1,1,38.91276,1.944809,0,1,291.1716,268,0,0,0,1,1.01752,0,1,1,2,30,18.94737,1,1000,6,25,14.80978,1,12.98253,-0.4047794,-0.4047794,1,0,8,0,15.24101,15.24101,1,1,150,0,0,0,125,30,0,0,30,1,-85.76868,
45.7207,3857.033,69.60776,18.46641,0,91.55478,23.70768,14.1237,96.06239,415.5371,267.4811,0,2,10.3497,223.63,300,0.7,0,0,70.17515,70.17515,1,1,1.011341,0.9942475,300,2.335031,0,0,50.11811,1,0,1,1,37.54203,1.969074,0,1,294.2813,316,0,0,0,1,1.017415,0,1,1,2,30,19.18976,1,1000,6,25,14.6827,1,12.9807,0.105691,0.105691,1,0,8,0,14.62486,14.62486,1,1,150,0,0,0,125,30,0,0,30,1,-80.39224,
45.8208,3910.833,71.31351,18.72828,0,91.47117,23.78608,14.10722,96.18433,419.4196,273.7373,0,2,10.78738,220.82,300,0.7,0,0,71.39544,71.39544,1,1,1.012495,0.993985,300,2.443499,0,0,50.11811,1,0,1,1,36.91574,1.973195,0,1,296.4333,284,0,0,0,1,1.017572,0,1,1,2,30,19.73684,1,1000,6,25,14.63007,1.000476,12.98344,-0.5025253,-0.5025253,1,0,16,0,15.1935,15.1935,1,1,150,0,0,0,126,30,0,0,30,1,-78.68649,
45.9226,3960.919,67.88393,16.34767,0,91.54433,23.77628,14.27387,96.25546,417.046,269.1024,0,2,11.28862,217.25,300,0.7,0,0,69.96429,69.96429,1,1,1.000829,0.9940178,300,2.296167,0,0,50.11811,1,0,1,1,38.45008,1.931532,0,1,298.4368,252,0,0,0,1,1.017552,0,1,1,2,20,19.73684,1,1000,6,25,14.70804,1.013209,12.98131,-0.5736504,-0.5736504,1,0,16,0,15.22554,15.22554,1,1,150,0,0,0,126,30,0,0,30,1,-82.11607,
46.0227,4007.481,52.04993,7.853641,0,91.47117,23.83834,14.22626,96.20466,424.3704,252.0314,0,2,8.649479,239.49,300,0.7,0,0,60.81881,60.81881,1,1,1.004162,0.9938101,300,1.502581,0,0,50.11811,1,0,1,1,42.25,1.943436,0,1,300.5984,320,0,0,0,1,1.017677,0,1,1,2,20,20.13423,1,1000,6,25,14.9795,1.013209,12.98512,0.3060923,0.3060923,1,0,16,0,14.6543,14.6543,1,1,150,0,0,0,126,30,0,0,30,1,-97.95007,
46.1239,3964.059,32.17757,0.8845111,0,91.30395,23.79588,14.31782,96.15385,424.1161,233.6252,0,2,5.35148,261.23,300,0.7,0,0,41.43393,41.43393,1,1,0.9977523,0.9939522,300,0.6254671,0,0,50.11811,1,0,1,1,41.1689,1.920544,0,1,298.5624,276,0,0,0,1,1.017592,0,1,1,2,40,20.04454,1,1000,6,25,15,1.002727,12.98314,1.632416,1.632416,1,0,16,0,13.36758,13.36758,1,1,150,0,0,0,126,30,0,0,30,1,-117.8224,
46.2257,3898.635,20.77975,0,0,91.34576,23.82037,14.28852,96.1132,425.998,218.2517,0,2,4.256011,269.66,300,0.7,0,0,32.22937,32.22937,1,1,0.9998034,0.9938702,300,0.2981718,0,0,50.11811,1,0,1,1,39.72013,1.927869,0,1,295.9454,284,0,0,0,1,1.017641,0,1,1,2,20,19.9115,1,1000,6,25,15,0.9516492,12.98375,3.127456,3.127456,1,0,16,0,11.87254,11.87254,1,1,150,0,0,0,126,30,0,0,30,1,-129.2202,
46.3297,3863.49,18.89317,0.009784449,0,91.23079,23.76648,14.15438,96.06239,428.3377,213.6168,0,2,4.056664,270.49,300,0.7,0,0,30.34153,30.34153,1,1,1.009194,0.9940506,300,0.2552406,0,0,50.11811,1,0,1,1,39.46957,1.961405,0,1,294.5396,260,0,0,0,1,1.017533,0,1,1,2,30,19.82379,1,1000,6,25,15,0.9516492,12.98466,3.620976,3.620976,1,0,16,0,11.37902,11.37902,1,1,150,0,0,0,126,30,0,0,30,1,-131.1068,
46.4342,3691.853,19.11618,0,0,91.14718,23.81221,14.22122,96.02175,414.8419,217.0119,0,2,3.876446,272.33,300,0.7,0,0,29.55627,29.55627,1,1,1.004514,0.9938976,300,0.2643343,0,0,50.11811,1,0,1,1,39.52235,1.944694,0,1,287.6741,268,0,0,0,1,1.017624,0,1,1,2,10,21.22641,1,1000,6,25,15,1,12.98131,3.715222,3.715222,1,0,6,0,11.28478,11.28478,1,1,150,0,0,0,125,30,0,0,30,1,-130.8838,
46.5366,3489.995,18.7244,0,0,91.23079,23.81221,14.23725,96.08272,411.5867,216.7449,0,2,3.635412,274.39,300,0.7,0,0,28.1002,28.1002,1,1,1.003393,0.9938976,300,0.2461614,0,0,50.11811,1,0,1,1,39.49944,1.940688,0,1,279.7999,240,0,0,0,1,1.017624,0,1,1,2,20,20.68966,1,1000,6,25,15,1,12.98421,4.023916,4.023916,1,0,6,0,10.97608,10.97608,1,1,150,0,0,0,126,30,0,0,30,1,-131.2756,
46.6384,3279.405,18.1518,0,0,91.3144,23.70768,14.12737,96.09288,402.8721,214.5895,0,2,3.388719,275.38,300,0.7,0,0,27.95996,27.95996,1,1,1.011084,0.9942475,300,0.2374775,0,0,50.11811,1,0,1,1,39.314,1.968159,0,1,275.5881,252,0,0,0,1,1.017415,0,1,1,2,30,20.27027,1,1000,6,25,15,1,12.98253,3.856413,3.856413,1,0,6,0,11.14359,11.14359,1,1,150,0,0,0,127,30,0,0,30,1,-131.8482,
46.7409,3099.814,17.7118,0,0,91.3144,23.86937,14.07609,96.18433,402.7704,216.1536,0,2,3.203141,277.07,300,0.7,0,0,28.78932,28.78932,1,1,1.014674,0.9937063,300,0.2385404,0,0,50.11811,1,0,1,1,39.18549,1.980978,0,1,271.9963,236,0,0,0,1,1.017739,0,1,1,2,20,19.60784,1,1000,6,25,15,1,12.98451,1.891158,1.891158,1,0,6,0,13.10884,13.10884,1,1,150,0,0,0,126,30,0,0,30,1,-132.2882,
46.8434,2901.073,17.76604,0,0,91.22034,23.83834,14.16308,96.18433,397.4297,215.3334,0,2,2.997776,278.54,300,0.7,0,0,30.18741,30.18741,1,1,1.008585,0.9938101,300,0.2509015,0,0,50.11811,1,0,1,1,38.16809,1.959231,0,1,270,252,0,0,0,1,1.017677,0,1,1,2,30,19.3133,1,1000,6,25,15,1,12.98619,-1.811962,-1.811962,1,0,6,0,16.81196,16.81196,1,1,150,0,0,0,127,30,0,0,30,1,-132.2339,
46.9435,2692.031,18.6581,0.6487358,0,91.16808,23.81221,14.31279,96.10304,384.663,214.8947,0,2,2.849067,279.81,300,0.7,0,0,31.06457,31.06457,1,1,0.9981049,0.9938976,300,0.271166,0,0,50.11811,1,0,1,1,36.13819,1.921803,0,1,270,212,0,0,0,1,1.017624,0,1,1,2,30,20.31603,1,1000,6,25,15,1,12.98436,-7.807642,-7.807642,1,0,6,0,22.80764,22.80764,1,1,150,0,0,0,127,30,0,0,30,1,-131.3419,
47.0489,2458.412,22.38907,1.615415,0,91.05312,23.86447,14.16765,96.03191,378.1525,221.4752,0,2,2.765713,280.81,300,0.7,0,0,33.19704,33.19704,1,1,1.008264,0.9937226,300,0.3477011,0,0,92.59542,1,0,1,1,33.6138,1.958086,0,1,270,220,0,0,0,1,1.017729,0,1,1,2,40,19.78022,1,1000,6,25,15,1,12.98589,-14.0113,-14.0113,1,0,6,0,29.0113,29.0113,1,1,150,0,0,0,127,30,0,0,30,1,-127.6109,
47.1491,2241.482,25.33647,1.874768,0,90.93815,23.9249,14.2432,96.10304,373.8291,223.6305,0,2,2.745816,280.62,300,0.7,0,0,33.36858,33.36858,1,1,1.002976,0.9935205,300,0.4745687,0,0,72.48943,1,0,1,1,30.13201,1.939201,0,1,270,188,0,0,0,1,1.01785,0,1,1,2,30,18.94737,1,1000,6,25,15,1.2,12.98375,-24.67508,-24.67508,1,0,16,0,39.67508,39.67508,1,1,150,0,0,0,127,30,0,0,30,1,-124.6635,
47.2505,2320.544,32.64771,6.090432,0,91.02176,23.8906,14.31416,96.01159,375.8806,230.7641,0,2,3.790222,271.58,300,0.7,0,0,33.81726,33.81726,1,1,0.9980087,0.9936352,300,0.6197653,0,0,232.716,1,0,1,1,31.06342,1.921459,0,1,270,212,0,0,0,1,1.017781,0,1,1,2,20,18.90756,1,1000,6,25,15,1.2,12.98375,-37.48316,-37.48316,1,0,16,0,52.48316,52.48316,1,1,150,0,0,0,128,30,0,0,30,1,-117.3523,
47.3525,2482.211,41.39347,6.552552,0,91.20988,23.9298,14.43137,96.21481,379.5427,238.0121,0,2,4.302499,269.01,300,0.7,0,0,48.23951,48.23951,1,1,0.9898043,0.993504,300,1.120849,0,0,189.8099,1,0,1,1,33.46112,1.894772,0,1,270,212,0,0,0,1,1.01786,0,1,1,2,40,20.17937,1,1000,6,25,15,1.2,12.98375,-34.26192,-34.26192,1,0,16,0,49.26192,49.26192,1,1,150,0,0,0,127,30,0,0,30,1,-108.6065,
47.4545,2314.458,45.15458,6.363932,0,91.27259,23.91673,14.11638,96.25546,372.8627,241.7887,0,2,4.358895,270.41,300,0.7,0,0,50.86692,50.86692,1,1,1.011854,0.9935479,300,1.28931,0,0,189.8099,1,0,1,1,29.98641,1.970906,0,1,270,200,0,0,0,1,1.017833,0,1,1,2,40,19.56522,1,1000,6,25,15,1.2,12.98482,-10.92701,-10.92701,1,0,16,0,25.92701,25.92701,1,1,150,0,0,0,127,30,0,0,30,1,-104.8454,
47.5552,2306.628,46.16115,6.333281,0,91.09492,23.90367,14.06876,96.17417,371.3368,246.6144,0,2,4.594033,266.56,300,0.7,0,0,51.84858,51.84858,1,1,1.015187,0.9935915,300,1.343513,0,0,189.8099,1,0,1,1,29.68956,1.982809,0,1,270,196,0,0,0,1,1.017807,0,1,1,2,40,18.94737,1,1000,6,25,15,1.2,12.98482,-2.497787,-2.497787,1,0,16,0,17.49779,17.49779,1,1,150,0,0,0,127,30,0,0,30,1,-103.8389,
47.6554,2462.448,45.84773,6.382793,0,91.09492,23.871,14.32286,96.17417,380.5261,249.0749,0,2,4.904375,264.87,300,0.7,0,0,53.26674,53.26674,1,1,0.9973997,0.9937008,300,1.370951,0,0,189.8099,1,0,1,1,32.37512,1.919285,0,1,270,196,0,0,0,1,1.017742,0,1,1,2,20,20.22472,1,1000,6,25,15,1.2,12.98375,-0.5876398,-0.5876398,1,0,16,0,15.58764,15.58764,1,1,150,0,0,0,127,30,0,0,30,1,-104.1523,
47.7566,2381.33,46.17321,6.340354,0,91.12627,23.89713,14.26655,96.26563,376.8809,244.0204,0,2,4.683283,266.38,300,0.7,0,0,52.69988,52.69988,1,1,1.001342,0.9936134,300,1.36594,0,0,189.8099,1,0,1,1,30.94693,1.933363,0,1,270,212,0,0,0,1,1.017794,0,1,1,2,20,20.22472,1,1000,6,25,15,1.2,12.98253,-0.9769001,-0.9769001,1,0,16,0,15.9769,15.9769,1,1,150,0,0,0,128,30,0,0,30,1,-103.8268,
47.8577,2368.359,46.5891,6.639789,0,91.08447,23.8906,14.3018,96.22498,379.5088,240.9686,0,2,4.736718,265,300,0.7,0,0,52.99516,52.99516,1,1,0.998874,0.9936352,300,1.385979,0,0,189.8099,1,0,1,1,30.6567,1.92455,0,1,270,204,0,0,0,1,1.017781,0,1,1,2,20,19.69365,1,1000,6,25,15,1.2,12.98634,-0.4111404,-0.4111404,1,0,16,0,15.41114,15.41114,1,1,150,0,0,0,127,30,0,0,30,1,-103.4109,
47.9578,2486.119,47.7102,6.820455,0,91.17853,23.9298,14.21435,96.31643,385.0699,244.3828,0,2,5.075827,263.87,300,0.7,0,0,55.49702,55.49702,1,1,1.004995,0.993504,300,1.482193,0,0,189.8099,1,0,1,1,32.42117,1.946411,0,1,270,212,0,0,0,1,1.01786,0,1,1,2,10,20.59496,1,1000,6,25,15,1.196721,12.98253,0.4134159,0.4134159,1,0,16,0,14.58658,14.58658,1,1,150,0,0,0,127,30,0,0,30,1,-102.2898,
48.0602,2426.792,48.47568,6.839499,0,91.00085,23.91673,14.29219,96.15385,381.679,246.4427,0,2,4.974923,263.92,300,0.7,0,0,55.64473,55.64473,1,1,0.999547,0.9935479,300,1.51001,0,0,189.8099,1,0,1,1,31.29647,1.926953,0,1,270,216,0,0,0,1,1.017833,0,1,1,2,30,20.27027,1,1000,6,25,15,1.196721,12.98436,0.2019987,0.2019987,1,0,16,0,14.798,14.798,1,1,150,0,0,0,127,30,0,0,30,1,-101.5243,
48.1626,2478.724,47.90307,6.834738,0,90.77093,23.94286,14.40848,96.09288,383.3066,249.7997,0,2,5.143353,262.83,300,0.7,0,0,55.61803,55.61803,1,1,0.9914067,0.9934604,300,1.479946,0,0,189.8099,1,0,1,1,32.26179,1.898587,0,1,270,204,0,0,0,1,1.017886,0,1,1,2,30,20.59496,1,1000,6,25,15,1.187529,12.9894,0.5282383,0.5282383,1,0,16,0,14.47176,14.47176,1,1,150,0,0,0,127,30,0,0,30,1,-102.0969,
48.2674,2506.685,48.2165,6.829977,0,90.85454,23.94286,14.23725,96.17417,389.0033,246.9577,0,2,5.159593,262.52,300,0.7,0,0,56.25988,56.25988,1,1,1.003393,0.9934604,300,1.506821,0,0,189.8099,1,0,1,1,32.64156,1.940688,0,1,270,212,0,0,0,1,1.017886,0,1,1,2,20,20.73733,1,1000,6,25,15,1.187529,12.98619,0.9068804,0.9068804,1,0,16,0,14.09312,14.09312,1,1,150,0,0,0,127,30,0,0,30,1,-101.7835,
48.3694,2490.66,46.0828,6.49125,0,90.95905,23.95593,14.19558,96.22498,389.4781,250.2766,0,2,5.002075,263.96,300,0.7,0,0,53.83169,53.83169,1,1,1.006309,0.9934167,300,1.377958,0,0,189.8099,1,0,1,1,32.80726,1.951104,0,1,270,236,0,0,0,1,1.017912,0,1,1,2,50,20.78522,1,1000,6,25,15,1.187529,12.98619,0.9468822,0.9468822,1,0,16,0,14.05312,14.05312,1,1,150,0,0,0,127,30,0,0,30,1,-103.9172,
48.47,2533.784,46.70965,6.498323,0,90.80228,23.94286,14.2226,96.15385,387.7826,246.4427,0,2,4.961993,263.84,300,0.7,0,0,54.97562,54.97562,1,1,1.004418,0.9934604,300,1.402135,0,0,189.8099,1,0,1,1,33.28814,1.944351,0,1,270,236,0,0,0,1,1.017886,0,1,1,2,0,21.2766,1,1000,6,25,15,1.167321,12.98375,1.225368,1.225368,1,0,16,0,13.77463,13.77463,1,1,150,0,0,0,127,30,0,0,30,1,-103.2904,
48.5725,2522.917,45.3354,6.373363,0,91.10537,23.99512,14.2519,96.33675,387.4096,246.1185,0,2,4.814565,265.65,300,0.7,0,0,53.40691,53.40691,1,1,1.002367,0.9932857,300,1.321954,0,0,189.8099,1,0,1,1,33.41207,1.937026,0,1,270,240,0,0,0,1,1.01799,0,1,1,2,30,21.07728,1,1000,6,25,15,1.167321,12.98878,1.143753,1.143753,1,0,16,0,13.85625,13.85625,1,1,150,0,0,0,127,30,0,0,30,1,-104.6646,
48.6737,2529.511,45.1606,6.366289,0,91.06357,23.96899,14.20794,96.2961,376.9148,242.4945,0,2,4.848229,265.13,300,0.7,0,0,53.2972,53.2972,1,1,1.005444,0.993373,300,1.290972,0,0,189.8099,1,0,1,1,33.53342,1.948014,0,1,270,248,0,0,0,1,1.017938,0,1,1,2,30,21.07728,1,1000,6,25,15,1.146689,12.98543,0.9398222,0.9398222,1,0,16,0,14.06018,14.06018,1,1,150,0,0,0,127,30,0,0,30,1,-104.8394,
48.7775,2578.649,44.76279,6.361574,0,91.08447,23.95593,14.30913,96.45869,385.4768,244.7643,0,2,4.856455,264.87,300,0.7,0,0,53.43318,53.43318,1,1,0.9983612,0.9934167,300,1.282888,0,0,189.8099,1,0,1,1,34.26374,1.922718,0,1,270,220,0,0,0,1,1.017912,0,1,1,2,30,21.42857,1,1000,6,25,15,1.146689,12.98878,0.6929502,0.6929502,1,0,16,0,14.30705,14.30705,1,1,150,0,0,0,127,30,0,0,30,1,-105.2372,
48.8822,2586.876,43.31622,5.552864,0,90.73957,23.94123,14.3984,96.22498,380.3226,239.519,0,2,4.721049,265.24,300,0.7,0,0,52.00718,52.00718,1,1,0.9921118,0.9934659,300,1.198001,0,0,189.8099,1,0,1,1,34.66091,1.900399,0,1,270,252,0,0,0,1,1.017882,0,1,1,2,30,21.68675,1,1000,6,25,15,1.136893,12.98558,0.4163599,0.4163599,1,0,16,0,14.58364,14.58364,1,1,150,0,0,0,127,30,0,0,30,1,-106.6838,
48.9847,2584.425,41.30909,5.331235,0,90.81274,24.00819,14.33248,96.22498,389.2407,244.8024,0,2,4.393522,268.66,300,0.7,0,0,49.37471,49.37471,1,1,0.9967267,0.993242,300,1.084558,0,0,189.8099,1,0,1,1,34.90191,1.916881,0,1,270,212,0,0,0,1,1.018016,0,1,1,2,30,21.63462,1,1000,6,25,15,1.136893,12.98375,0.4602957,0.4602957,1,0,16,0,14.5397,14.5397,1,1,150,0,0,0,127,30,0,0,30,1,-108.6909,
49.0896,2585.315,40.06745,5.307658,0,91.01131,24.05392,14.09806,96.35708,391.1735,240.4345,0,2,4.308859,268.84,300,0.7,0,0,47.71746,47.71746,1,1,1.013135,0.9930892,300,1.016585,0,0,189.8099,1,0,1,1,34.93545,1.975484,0,1,270,236,0,0,0,1,1.018108,0,1,1,2,50,21.5311,1,1000,6,25,15,1.136893,12.98619,0.5076494,0.5076494,1,0,16,0,14.49235,14.49235,1,1,150,0,0,0,127,30,0,0,30,1,-109.9326,
49.1943,2611.421,39.42854,5.206275,0,90.84409,24.02126,14.18414,96.35708,389.4102,241.8269,0,2,4.243558,269.51,300,0.7,0,0,47.20494,47.20494,1,1,1.00711,0.9931983,300,0.9806343,0,0,189.8099,1,0,1,1,35.28462,1.953966,0,1,270,212,0,0,0,1,1.018042,0,1,1,2,30,21.73913,1,1000,6,25,15,1.126506,12.98695,0.4568644,0.4568644,1,0,16,0,14.54314,14.54314,1,1,150,0,0,0,127,30,0,0,30,1,-110.5715,
49.2985,2601.231,38.81977,5.144973,0,90.70822,23.93633,14.34529,96.15385,388.7321,239.3854,0,2,4.118616,270.27,300,0.7,0,0,46.25715,46.25715,1,1,0.9958294,0.9934822,300,0.9462208,0,0,189.8099,1,0,1,1,35.16121,1.913676,0,1,270,232,0,0,0,1,1.017873,0,1,1,2,30,21.58273,1,1000,6,25,15,1.126506,12.98634,0.09926414,0.09926414,1,0,16,0,14.90074,14.90074,1,1,150,0,0,0,127,30,0,0,30,1,-111.1802,
49.4006,2625.821,38.54251,5.222778,0,90.90679,24.04902,14.42038,96.36724,392.3773,242.5898,0,2,4.113785,269.44,300,0.7,0,0,46.22421,46.22421,1,1,0.9905734,0.9931056,300,0.9382433,0,0,189.8099,1,0,1,1,35.47884,1.896603,0,1,270,220,0,0,0,1,1.018098,0,1,1,2,40,21.73913,1,1000,6,25,15,1.126024,12.98497,-0.1680889,-0.1680889,1,0,16,0,15.16809,15.16809,1,1,150,0,0,0,127,30,0,0,30,1,-111.4575,
49.5044,2674.035,36.81265,4.506021,0,90.70822,24.01472,14.13378,96.17417,383.9001,235.1511,0,2,4.167038,270.32,300,0.7,0,0,44.6421,44.6421,1,1,1.010636,0.9932202,300,0.8655028,0,0,189.8099,1,0,1,1,36.09128,1.966556,0,1,270,212,0,0,0,1,1.018029,0,1,1,2,20,22.22222,1,1000,6,25,15,1.126024,12.98756,-0.3647394,-0.3647394,1,0,16,0,15.36474,15.36474,1,1,150,0,0,0,127,30,0,0,30,1,-113.1873,
49.6061,2629.272,35.45648,4.378703,0,90.82318,23.97553,14.14705,96.34692,386.9179,235.2274,0,2,3.878177,271.86,300,0.7,0,0,42.19675,42.19675,1,1,1.009706,0.9933512,300,0.7947702,0,0,189.8099,1,0,1,1,35.54761,1.963237,0,1,270,216,0,0,0,1,1.017951,0,1,1,2,30,21.84466,1,1000,6,25,15,1.1357,12.98619,-0.5770235,-0.5770235,1,0,16,0,15.57702,15.57702,1,1,150,0,0,0,127,30,0,0,30,1,-114.5435,
49.7104,2592.24,35.65538,4.579112,0,90.63506,24.01309,14.35811,96.18433,387.4605,235.132,0,2,3.801953,272.66,300,0.7,0,0,41.89524,41.89524,1,1,0.9949321,0.9932256,300,0.7934762,0,0,189.8099,1,0,1,1,35.09643,1.910472,0,1,270,236,0,0,0,1,1.018026,0,1,1,2,20,21.63462,1,1000,6,25,15,1.1357,12.9894,-0.6902647,-0.6902647,1,0,16,0,15.69026,15.69026,1,1,150,0,0,0,127,30,0,0,30,1,-114.3446,
49.8134,2622.607,35.71566,4.553176,0,90.76048,24.02126,14.4039,96.25546,393.1911,237.7069,0,2,3.84649,272.28,300,0.7,0,0,42.43764,42.43764,1,1,0.9917272,0.9931983,300,0.8140823,0,0,189.8099,1,0,1,1,35.46453,1.89935,0,1,270,248,0,0,0,1,1.018042,0,1,1,2,30,21.95122,1,1000,6,25,15,1.148373,12.98619,-0.732728,-0.732728,1,0,16,0,15.73273,15.73273,1,1,150,0,0,0,127,30,0,0,30,1,-114.2843,
49.9147,2684.323,35.03456,4.635698,0,90.82318,24.04575,14.27433,96.2453,390.614,235.7614,0,2,3.959377,272.43,300,0.7,0,0,42.49626,42.49626,1,1,1.000797,0.9931165,300,0.7996334,0,0,189.8099,1,0,1,1,36.21201,1.931417,0,1,270,216,0,0,0,1,1.018091,0,1,1,2,30,22.16749,1,1000,6,25,15,1.148373,12.98863,-1.212336,-1.212336,1,0,16,0,16.21234,16.21234,1,1,150,0,0,0,127,30,0,0,30,1,-114.9654,
50.0154,2717.637,34.97429,4.836107,0,90.78138,24.07189,14.32515,96.39772,391.8687,232.3854,0,2,4.076456,270.12,300,0.7,0,0,42.93786,42.93786,1,1,0.9972395,0.9930291,300,0.8271419,0,0,189.8099,1,0,1,1,36.61137,1.918712,0,1,270,212,0,0,0,1,1.018144,0,1,1,2,30,22.5,1,1000,6,25,15,1.177731,12.98497,-1.507315,-1.507315,1,0,16,0,16.50731,16.50731,1,1,150,0,0,0,127,30,0,0,30,1,-115.0257,
50.1166,2623.754,35.84224,4.852611,0,90.75002,24.05882,14.21527,96.2961,393.0724,234.8268,0,2,3.935631,271.79,300,0.7,0,0,42.62257,42.62257,1,1,1.004931,0.9930729,300,0.84146,0,0,189.8099,1,0,1,1,35.4773,1.946183,0,1,270,252,0,0,0,1,1.018118,0,1,1,2,20,22.05882,1,1000,6,25,15,1.177731,12.98497,-1.471714,-1.471714,1,0,16,0,16.47171,16.47171,1,1,150,0,0,0,127,30,0,0,30,1,-114.1578,
50.2208,2635.046,35.71566,4.850254,0,90.70822,24.04739,14.22305,96.31643,384.9004,234.2355,0,2,3.974528,270.85,300,0.7,0,0,42.62674,42.62674,1,1,1.004386,0.993111,300,0.8385837,0,0,189.8099,1,0,1,1,35.6157,1.944237,0,1,270,216,0,0,0,1,1.018095,0,1,1,2,20,21.95122,1,1000,6,25,15,1.177731,12.98985,-1.537828,-1.537828,1,0,16,0,16.53783,16.53783,1,1,150,0,0,0,127,30,0,0,30,1,-114.2843,
50.32249,2700.999,35.33593,4.788951,0,90.66641,24.04739,14.1379,96.22498,387.6639,232.557,0,2,4.186549,269.19,300,0.7,0,0,43.14231,43.14231,1,1,1.010347,0.993111,300,0.8555801,0,0,189.8099,1,0,1,1,36.41446,1.965526,0,1,270,236,0,0,0,1,1.018095,0,1,1,2,20,22.5,1,1000,6,25,15,1.2,12.98619,-1.359827,-1.359827,1,0,16,0,16.35983,16.35983,1,1,150,0,0,0,127,30,0,0,30,1,-114.6641,
50.4235,2718.623,34.17265,4.793667,0,90.65596,24.05882,14.44098,96.34692,389.8171,230.5924,0,2,4.100589,270.68,300,0.7,0,0,41.93241,41.93241,1,1,0.9891313,0.9930729,300,0.8041966,0,0,189.8099,1,0,1,1,36.61426,1.89317,0,1,270,224,0,0,0,1,1.018118,0,1,1,2,40,22.61307,1,1000,6,25,15,1.2,12.98985,-1.136145,-1.136145,1,0,16,0,16.13614,16.13614,1,1,150,0,0,0,127,30,0,0,30,1,-115.8274,
50.5238,2656.513,34.23895,4.487159,0,90.75002,23.99512,14.16949,96.3774,385.0868,232.2328,0,2,4.006907,271,300,0.7,0,0,41.02439,41.02439,1,1,1.008136,0.9932857,300,0.7883789,0,0,189.8099,1,0,1,1,35.87981,1.957628,0,1,270,228,0,0,0,1,1.01799,0,1,1,2,30,22.16749,1,1000,6,25,15,1.2,12.98802,-0.8318129,-0.8318129,1,0,16,0,15.83181,15.83181,1,1,150,0,0,0,127,30,0,0,30,1,-115.7611,
50.6241,2678.572,33.5036,4.326832,0,90.71867,24.01962,14.29585,96.34692,387.3248,230.7259,0,2,3.934033,270.95,300,0.7,0,0,40.42498,40.42498,1,1,0.9992906,0.9932038,300,0.7601492,0,0,189.8099,1,0,1,1,36.13904,1.926038,0,1,270,228,0,0,0,1,1.018039,0,1,1,2,40,22.33251,1,1000,6,25,15,1.2,12.99168,-0.6914434,-0.6914434,1,0,16,0,15.69144,15.69144,1,1,150,0,0,0,127,30,0,0,30,1,-116.4964,
50.7251,2709.538,32.80442,4.279677,0,90.70822,24.07189,14.29951,96.33675,386.9857,229.0475,0,2,3.928829,271.52,300,0.7,0,0,40.20951,40.20951,1,1,0.9990342,0.9930291,300,0.7402645,0,0,189.8099,1,0,1,1,36.49428,1.925122,0,1,270,208,0,0,0,1,1.018144,0,1,1,2,40,22.38806,1,1000,6,25,15,1.2,12.98863,-0.8506851,-0.8506851,1,0,16,0,15.85069,15.85069,1,1,150,0,0,0,127,30,0,0,30,1,-117.1956,
50.827,2676.898,32.45483,4.35041,0,90.69777,24.03432,14.15163,96.32659,391.5296,229.6769,0,2,3.859195,272.31,300,0.7,0,0,39.54446,39.54446,1,1,1.009386,0.9931546,300,0.7203006,0,0,189.8099,1,0,1,1,36.1172,1.962092,0,1,270,224,0,0,0,1,1.018069,0,1,1,2,40,22.55639,1,1000,6,25,15,1.2,12.98863,-1.048855,-1.048855,1,0,16,0,16.04885,16.04885,1,1,150,0,0,0,127,30,0,0,30,1,-117.5452,
50.92839,2636.667,35.36607,5.736769,0,90.68732,23.97879,14.3659,96.2453,385.2733,229.963,0,2,4.130779,270.49,300,0.7,0,0,42.19115,53.04296,1,1,0.9943872,0.9933403,300,0.8774367,10.85181,0.2762676,105.6274,1,0,1,1,35.63765,1.908526,0,1,270,240,0,0,0,1,1.017958,0,1,1,2,40,22.05882,1,1000,6,25,15,1,12.98985,-1.166813,-1.166813,1,0,7,0,16.16681,16.16681,1,1,150,0,0,0,127,30,0,0,30,1,-114.6339,
51.0309,2689.859,45.37759,13.15526,0,90.67686,24.07842,14.44236,96.27579,391.1735,241.7315,0,2,5.088317,261.5,300,0.7,0,0,55.33128,61.20951,1,1,0.9890351,0.9930073,300,1.298975,5.878232,0.1317693,50.58395,1,0,1,1,35.61423,1.892941,0,1,270,252,0,0,0,1,1.018157,0,1,1,2,30,22.22222,1,1000,6,25,15,1,12.98985,-1.395426,-1.395426,1,0,7,0,16.39543,16.39543,1,1,150,0,0,0,127,30,0,0,30,1,-104.6224,
51.13479,2836.343,79.74586,30.14331,0,90.88589,24.08658,14.20428,96.5095,400.3967,283.1979,0,2,12.83445,206.71,300,0.7,0,0,75.66588,116.8609,1,1,1.0057,0.9929801,300,4.537452,41.19506,0.5479957,267.0395,1,0,1,1,28.90161,1.948929,0,1,270,232,0,0,0,1,1.018173,0,1,1,2,30,23.4987,1,1000,6,25,14.40763,1,12.98741,-2.071188,-2.071188,1,0,7,0,16.52257,16.52257,1,1,151.1372,0,0,0,127,30,0,0,30,1,-71.39135,
51.23639,2811.358,87.84669,33.39523,0,90.95905,24.04739,14.36956,96.48917,397.2093,293.7457,0,2,10.19117,228.64,300,0.7,0,0,78.13983,78.13983,1,1,0.9941308,0.993111,300,3.457184,0,0,267.0395,1,0,1,1,26.85476,1.90761,0,1,270,224,0,0,0,1,1.018095,0,1,1,2,40,23.87268,1,1000,6,25,13.9292,1,12.98878,-0.1409283,-0.1409283,1,0,7,0,14.15547,14.15547,1,1,151.3902,0,0,0,127,30,0,0,30,1,-63.54355,
51.33659,2765.997,91.41492,36.73047,0,91.04266,24.08658,14.37688,96.62128,402.4991,296.4542,0,2,10.57994,220.76,300,0.7,0,0,78.76161,78.76161,1,1,0.9936181,0.9929801,300,3.695344,0,0,267.0395,1,0,1,1,25.92705,1.905779,0,1,270,244,0,0,0,1,1.018173,0,1,1,2,30,22.38806,1,1000,6,25,13.66796,1,12.98863,2.111887,2.111887,1,0,7,0,11.66463,11.66463,1,1,151.4834,0,0,0,127,30,0,0,30,1,-60.0685,
51.4376,3051.572,91.43903,42.91768,0,90.85454,24.04739,14.35445,96.5095,413.0617,294.9474,0,2,11.13824,218.73,300,0.7,0,0,77.90971,77.90971,1,1,0.9951884,0.993111,300,3.499673,0,0,75.51483,1,0,1,1,27.27283,1.911387,0,1,271.0314,260,0,0,0,1,1.018095,0,1,1,2,20,25.21008,1,1000,6,25,13.65749,0.9563668,12.98924,0.5745754,0.5745754,1,0,16,0,13.21841,13.21841,1,1,154.2136,0,0,0,126,30,0,0,30,1,-62.77457,
51.54259,2906.132,94.11519,41.84402,0,90.86499,24.08658,14.15346,96.63144,402.8043,297.9801,0,2,11.14017,222.15,300,0.7,0,0,79.20812,79.20812,1,1,1.009258,0.9929801,300,3.691502,0,0,75.51483,1,0,1,1,26.09732,1.961634,0,1,270,236,0,0,0,1,1.018173,0,1,1,2,30,24.39024,1,1000,6,25,13.40444,0.9462271,12.98817,0.4581509,0.4581509,1,0,16,0,13.09692,13.09692,1,1,152.9572,0,0,0,126,30,0,0,30,1,-58.84201,
51.64409,3080.715,95.29053,51.04747,0,90.70822,24.10618,14.28486,96.40788,399.7016,298.5905,0,2,13.55515,201.86,300,0.7,0,0,78.808,89.57034,1,1,1.00006,0.9929146,300,4.268306,10.76234,0.1361376,57.13501,1,0,1,1,26.61829,1.928785,0,1,271.6143,292,0,0,0,1,1.018212,0,1,1,2,30,24.79339,1,1000,6,25,13.27299,0.9462271,12.99001,-0.7696152,-0.7696152,1,0,16,0,14.039,14.039,1,1,156.0099,0,0,0,126,30,0,0,30,1,-60.71937,
51.74739,3165.225,97.58698,53.83279,0,90.76048,24.10455,14.33064,96.53999,404.0589,301.6422,0,2,12.74003,208.12,300,0.7,0,0,79.11275,79.11275,1,1,0.996855,0.99292,300,3.990978,0,0,57.13501,1,0,1,1,26.45943,1.917339,0,1,273.3045,336,0,0,0,1,1.018209,0,1,1,2,20,26.54867,1,1000,6,25,13.0413,0.96105,12.99092,-0.4594421,-0.4594421,1,0,16,0,13.68639,13.68639,1,1,157.5021,0,0,0,126,30,0,0,30,1,-59.91516,
51.8517,3187.42,100.0944,58.20359,0,90.83363,24.13068,14.23404,96.43837,412.4514,304.3889,0,2,13.30748,205.31,300,0.7,0,0,79.72858,79.72858,1,1,1.003617,0.9928328,300,4.203831,0,0,57.13501,1,0,1,1,26.03432,1.94149,0,1,273.7484,276,0,0,0,1,1.018261,0,1,1,2,20,26.54867,1,1000,6,25,12.79748,0.96105,12.98711,-0.5771923,-0.5771923,1,0,16,0,13.5757,13.5757,1,1,158.754,0,0,0,126,30,0,0,30,1,-58.65959,
51.9529,3311.624,102.1437,66.07389,0,90.85454,24.10618,14.37643,96.55014,408.3314,308.0892,0,2,14.40556,194.15,300,0.7,0,0,79.73386,79.73386,1,1,0.9936501,0.9929146,300,4.395428,0,0,57.13501,1,0,1,1,26.10295,1.905893,0,1,276.2325,300,0,0,0,1,1.018212,0,1,1,2,40,27.60736,1,1000,6,25,12.74284,0.9803877,12.9897,-0.962328,-0.962328,1,0,16,0,13.79147,13.79147,1,1,162.5648,0,0,0,126,30,0,0,30,1,-60.42115,
52.05509,3345.601,100.1908,42.21302,0,91.05312,24.08658,14.17498,96.58063,411.1628,303.5496,0,2,15.22248,187.94,300,0.7,0,0,79.22007,79.22007,1,1,1.007751,0.9929801,300,4.266292,0,0,57.13501,1,0,1,1,26.60462,1.956255,0,1,276.912,292,0,0,0,1,1.018173,0,1,1,2,40,27.69231,1,1000,6,25,12.79491,0.9803877,12.98619,-0.7604637,-0.7604637,1,0,16,0,13.46858,13.46858,1,1,156.2611,0,0,0,126,30,0,0,30,1,-56.07029,
52.15729,3414.523,93.34368,21.25649,0,91.00085,24.17804,14.25922,96.64159,424.6416,299.8303,0,2,13.14591,204.84,300,0.7,0,0,77.04267,77.04267,1,1,1.001854,0.9926746,300,3.688459,0,0,57.13501,1,0,1,1,28.16903,1.935194,0,1,278.2905,292,0,0,0,1,1.018356,0,1,1,2,20,28.21317,1,1000,6,25,13.46563,0.9846551,12.98741,0.4831142,0.4831142,1,0,16,0,13.06208,13.06208,1,1,150.383,0,0,0,125,30,0,0,30,1,-57.03936,
52.26109,3494.06,89.94422,21.13746,0,90.88589,24.13558,14.20428,96.5603,422.8105,296.1681,0,2,13.10273,204.5,300,0.7,0,0,76.49379,76.49379,1,1,1.0057,0.9928164,300,3.442677,0,0,57.13501,1,0,1,1,29.11517,1.948929,0,1,279.8812,300,0,0,0,1,1.018271,0,1,1,2,30,29.03226,1,1000,6,25,13.80335,0.9846551,12.98878,0.9005165,0.9005165,1,0,16,0,12.83514,12.83514,1,1,150.3769,0,0,0,125,30,0,0,30,1,-60.43267,
52.36209,3597.554,71.31351,9.151074,0,90.80228,24.09965,14.30317,96.49934,421.9289,272.8218,0,2,10.10313,228.18,300,0.7,0,0,69.72933,69.72933,1,1,0.9987778,0.9929364,300,2.296906,0,0,57.13501,1,0,1,1,36.00178,1.924206,0,1,283.9022,284,0,0,0,1,1.018199,0,1,1,2,30,29.90033,1,1000,6,25,14.66059,0.965358,12.99046,1.200762,1.200762,1,0,16,0,13.41553,13.41553,1,1,150,0,0,0,125,30,0,0,30,1,-78.68649,
52.4622,3479.068,52.88774,7.558444,0,90.76048,24.14375,14.15484,96.42821,416.2491,250.9441,0,2,6.958135,251.58,300,0.7,0,0,59.20536,59.20536,1,1,1.009161,0.9927891,300,1.354347,0,0,57.13501,1,0,1,1,40.5505,1.961291,0,1,279.5814,240,0,0,0,1,1.018287,0,1,1,2,40,29.12621,1,1000,6,25,14.97112,0.9231582,12.98985,2.22774,2.22774,1,0,16,0,12.73428,12.73428,1,1,150,0,0,0,125,30,0,0,30,1,-97.11226,
52.56269,3617.945,42.71951,3.911867,0,90.71867,24.15844,14.21527,96.38756,418.9449,243.7152,0,2,5.93946,256.82,300,0.7,0,0,50.33538,50.33538,1,1,1.004931,0.99274,300,0.9282556,0,0,57.13501,1,0,1,1,41.63462,1.946183,0,1,284.7178,284,0,0,0,1,1.018317,0,1,1,2,20,30,1,1000,6,25,15,0.9231582,12.98604,2.5783,2.5783,1,0,16,0,12.4217,12.4217,1,1,150,0,0,0,125,30,0,0,30,1,-107.2805,
52.66559,3587.658,26.20441,0.007426695,0,90.72912,24.13721,14.15667,96.46885,424.0313,225.557,0,2,4.185602,269.94,300,0.7,0,0,35.06881,35.06881,1,1,1.009033,0.992811,300,0.379076,0,0,57.13501,1,0,1,1,40.3402,1.960833,0,1,283.5063,240,0,0,0,1,1.018274,0,1,1,2,40,29.90033,1,1000,6,25,15,0.8821166,12.98924,1.767079,1.767079,1,0,16,0,13.23292,13.23292,1,1,150,0,0,0,125,30,0,0,30,1,-123.7956,
52.76629,3458.213,20.17701,0.02864648,0,90.78138,24.10618,14.22672,96.38756,411.824,218.3852,0,2,3.602305,274.58,300,0.7,0,0,29.14709,29.14709,1,1,1.00413,0.9929146,300,0.2426061,0,0,57.13501,1,0,1,1,39.62495,1.943321,0,1,279.1643,240,0,0,0,1,1.018212,0,1,1,2,30,29.60526,1,1000,6,25,15,0.8821166,12.99092,1.836143,1.836143,1,0,16,0,13.16386,13.16386,1,1,150,0,0,0,126,30,0,0,30,1,-129.823,
52.8686,3584.229,19.35728,0.04279301,0,90.63506,24.05882,14.40207,96.36724,418.538,216.8593,0,2,3.614098,273.62,300,0.7,0,0,29.16371,29.16371,1,1,0.9918554,0.9930729,300,0.2224252,0,0,57.13501,1,0,1,1,39.56411,1.899656,0,1,283.3692,244,0,0,0,1,1.018118,0,1,1,2,30,29.31596,1,1000,6,25,15,0.8424504,12.99107,2.156606,2.156606,1,0,16,0,12.84339,12.84339,1,1,150,0,0,0,125,30,0,0,30,1,-130.6427,
52.9721,3580.38,19.0318,0.0640128,0,90.87544,24.13231,14.13469,96.44853,414.1638,216.2489,0,2,3.759399,272.98,300,0.7,0,0,28.86274,28.86274,1,1,1.010572,0.9928273,300,0.2568771,0,0,57.13501,1,0,1,1,39.52782,1.966327,0,1,283.2152,240,0,0,0,1,1.018265,0,1,1,2,30,30.10033,1,1000,6,25,15,1,12.98787,2.584727,2.584727,1,0,6,0,12.41527,12.41527,1,1,150,0,0,0,125,30,0,0,30,1,-130.9682,
53.07549,3455.027,18.54961,0,0,90.9277,24.15191,14.27754,96.52982,415.2827,215.0473,0,2,3.570195,274.17,300,0.7,0,0,27.76027,27.76027,1,1,1.000573,0.9927619,300,0.2407988,0,0,57.13501,1,0,1,1,39.45823,1.930616,0,1,279.1006,256,0,0,0,1,1.018304,0,1,1,2,20,29.03226,1,1000,6,25,15,1,12.99001,3.000735,3.000735,1,0,6,0,11.99926,11.99926,1,1,150,0,0,0,125,30,0,0,30,1,-131.4504,
53.17679,3544.842,18.38687,0,0,90.93815,24.17968,14.03214,96.61111,414.4689,216.2108,0,2,3.692544,272.82,300,0.7,0,0,28.11473,28.11473,1,1,1.017751,0.9926691,300,0.2417245,0,0,57.13501,1,0,1,1,39.46165,1.991966,0,1,281.7937,244,0,0,0,1,1.018359,0,1,1,2,30,29.12621,1,1000,6,25,15,1,12.99077,2.052994,2.052994,1,0,6,0,12.94701,12.94701,1,1,150,0,0,0,125,30,0,0,30,1,-131.6131,
53.28059,3488.778,18.33865,0,0,90.75002,24.20744,14.08021,96.34692,411.5189,216.1154,0,2,3.634144,274.25,300,0.7,0,0,27.76726,27.76726,1,1,1.014385,0.9925765,300,0.2381018,0,0,57.13501,1,0,1,1,39.4579,1.979948,0,1,279.7755,272,0,0,0,1,1.018415,0,1,1,2,40,29.03226,1,1000,6,25,15,1,12.99107,-1.001673,-1.001673,1,0,6,0,16.00167,16.00167,1,1,150,0,0,0,126,30,0,0,30,1,-131.6613,
53.38129,3430.924,18.20605,0.0121422,0,90.73957,24.12578,14.3691,96.32659,416.9104,215.5051,0,2,3.516697,275,300,0.7,0,0,27.3401,27.3401,1,1,0.9941629,0.9928491,300,0.2327702,0,0,57.13501,1,0,1,1,39.40915,1.907724,0,1,278.6185,304,0,0,0,1,1.018252,0,1,1,2,30,28.48101,1,1000,6,25,15,1,12.98955,-8.266775,-8.266775,1,0,6,0,23.26678,23.26678,1,1,150,0,0,0,126,30,0,0,30,1,-131.794,
53.48179,3455.027,18.17591,0.002711187,0,90.66641,24.14375,14.13286,96.46885,411.4341,212.9683,0,2,3.570195,274.15,300,0.7,0,0,27.446,27.446,1,1,1.0107,0.9927891,300,0.2332792,0,0,57.13501,1,0,1,1,39.42059,1.966785,0,1,279.1006,288,0,0,0,1,1.018287,0,1,1,2,40,28.66242,1,1000,6,25,15,1,12.99107,-17.02028,-17.02028,1,0,6,0,32.02028,32.02028,1,1,150,0,0,0,126,30,0,0,30,1,-131.8241,
53.5859,3420.753,17.8444,0.02628873,0,90.66641,24.15191,14.19238,96.35708,412.6887,215.0282,0,2,3.506272,274.08,300,0.7,0,0,26.98229,26.98229,1,1,1.006534,0.9927619,300,0.2251525,0,0,57.13501,1,0,1,1,39.36838,1.951905,0,1,278.415,292,0,0,0,1,1.018304,0,1,1,2,40,28.66242,1,1000,6,25,15,1,12.99367,-26.56148,-26.56148,1,0,6,0,41.56148,41.56148,1,1,150,0,0,0,126,30,0,0,30,1,-132.1556,
53.686,3396.739,17.90468,0.06637054,0,90.75002,24.14538,14.22992,96.43837,408.9418,215.0664,0,2,3.425045,275.13,300,0.7,0,0,26.94283,26.94283,1,1,1.003906,0.9927837,300,0.2255846,0,0,57.13501,1,0,1,1,39.36076,1.94252,0,1,277.9348,276,0,0,0,1,1.018291,0,1,1,2,10,28.30189,1,1000,6,25,15,1,12.99123,-41.69412,-41.69412,1,0,6,0,56.69412,56.69412,1,1,150,0,0,0,126,30,0,0,30,1,-132.0953,
53.7863,3379.139,17.66358,0.01921546,0,90.80228,24.12578,14.28852,96.26563,416.0627,214.8756,0,2,3.435458,274.86,300,0.7,0,0,26.86034,26.86034,1,1,0.9998034,0.9928491,300,0.2218718,0,0,57.13501,1,0,1,1,39.32927,1.927869,0,1,277.5828,276,0,0,0,1,1.018252,0,1,1,2,10,28.125,1,1000,6,25,15,1,12.99092,-49.48887,-49.48887,1,0,6,0,64.48887,64.48887,1,1,150,0,0,0,126,30,0,0,30,1,-132.3364,
53.8896,3345.974,17.69974,0.02393097,0,90.83363,24.09312,14.22626,96.45869,401.9735,214.9901,0,2,3.373857,275.67,300,0.7,0,0,27.11482,27.11482,1,1,1.004162,0.9929582,300,0.2244427,0,0,57.13501,1,0,1,1,39.31499,1.943436,0,1,276.9195,232,0,0,0,1,1.018186,0,1,1,2,20,27.77778,1,1000,6,25,15,1,12.98894,-60.56876,-60.56876,1,0,6,0,75.56876,75.56876,1,1,150,0,0,0,126,30,0,0,30,1,-132.3003,
53.9921,3337.041,17.18741,0,0,90.93815,24.15191,14.31645,96.5603,406.9242,213.3688,0,2,3.392659,275.19,300,0.7,0,0,26.7372,26.7372,1,1,0.9978485,0.9927619,300,0.2148931,0,0,57.13501,1,0,1,1,39.2673,1.920887,0,1,276.7408,236,0,0,0,1,1.018304,0,1,1,2,30,27.77778,1,1000,6,25,15,1,12.98985,-65.3535,-65.3535,1,0,6,0,80.3535,80.3535,1,1,150,0,0,0,126,30,0,0,30,1,-132.8126,
54.0953,3322.627,17.00056,0.002711187,0,90.95905,24.08658,14.20062,96.55014,416.1983,213.3116,0,2,3.350316,276.03,300,0.7,0,0,26.67142,26.67142,1,1,1.005957,0.9929801,300,0.2120533,0,0,57.13501,1,0,1,1,39.24546,1.949845,0,1,276.4525,248,0,0,0,1,1.018173,0,1,1,2,20,27.77778,1,1000,6,25,15,1,12.99107,-70.17546,-70.17546,1,0,6,0,85.17546,85.17546,1,1,150,0,0,0,126,30,0,0,30,1,-132.9994,
54.1958,3294.531,16.8981,0,0,91.04266,24.20417,14.3105,96.5095,409.23,213.0446,0,2,3.294531,276.43,300,0.7,0,0,26.76545,26.76545,1,1,0.9982651,0.9925874,300,0.2114835,0,0,57.13501,1,0,1,1,39.22544,1.922375,0,1,275.8906,280,0,0,0,1,1.018408,0,1,1,2,20,27.27273,1,1000,6,25,15,1,12.99107,-79.24457,-79.24457,1,0,6,0,94.24457,94.24457,1,1,150,0,0,0,126,30,0,0,30,1,-133.1019,
54.2973,3281.199,17.0307,0,0,91.01131,24.15354,14.19375,96.48917,411.2815,214.7993,0,2,3.308542,276,300,0.7,0,0,26.96777,26.96777,1,1,1.006437,0.9927564,300,0.2147694,0,0,57.13501,1,0,1,1,39.22998,1.951562,0,1,275.624,260,0,0,0,1,1.018307,0,1,1,2,20,27.27273,1,1000,6,25,15,1,12.99001,-84.2262,-84.2262,1,0,6,0,99.2262,99.2262,1,1,150,0,0,0,126,30,0,0,30,1,-132.9693,
54.39849,3262.288,16.9644,0,0,90.9486,24.20417,14.10905,96.67208,407.4667,215.0854,0,2,3.289474,275.62,300,0.7,0,0,27.03284,27.03284,1,1,1.012366,0.9925874,300,0.2144343,0,0,57.13501,1,0,1,1,39.21695,1.972737,0,1,275.2458,268,0,0,0,1,1.018408,0,1,1,2,30,27.27273,1,1000,6,25,15,1,12.99062,-90.61285,-90.61285,1,0,6,0,105.6128,105.6128,1,1,150,0,0,0,126,30,0,0,30,1,-133.0356,
54.50219,3177.629,16.87399,0.007426695,0,90.69777,24.13721,14.33522,96.51966,412.1631,214.3988,0,2,3.20411,276.99,300,0.7,0,0,27.50134,27.50134,1,1,0.9965345,0.992811,300,0.2170083,0,0,57.13501,1,0,1,1,39.17557,1.916194,0,1,273.5526,240,0,0,0,1,1.018274,0,1,1,2,30,26.62722,1,1000,6,25,15,1,12.98985,-95.57639,-95.57639,1,0,6,0,110.5764,110.5764,1,1,150,0,0,0,126,30,0,0,30,1,-133.126,
54.60239,3149.276,16.77152,0.0380775,0,90.70822,24.15354,14.37368,96.38756,408.2805,212.5868,0,2,3.17552,277.32,300,0.7,0,0,27.59073,27.59073,1,1,0.9938424,0.9927564,300,0.2163867,0,0,57.13501,1,0,1,1,39.15808,1.90658,0,1,272.9855,228,0,0,0,1,1.018307,0,1,1,2,30,26.23907,1,1000,6,25,15,1,12.99199,-101.1392,-101.1392,1,0,6,0,116.1392,116.1392,1,1,150,0,0,0,127,30,0,0,30,1,-133.2285,
54.70329,3132.505,16.65097,0.007426695,0,90.83363,24.17478,14.15209,96.49934,401.8887,213.8647,0,2,3.184714,277.05,300,0.7,0,0,27.58724,27.58724,1,1,1.009354,0.9926855,300,0.2147978,0,0,57.13501,1,0,1,1,39.14486,1.961978,0,1,272.6501,236,0,0,0,1,1.01835,0,1,1,2,50,26.01156,1,1000,6,25,15,1,12.9926,-105.5184,-105.5184,1,0,6,0,120.5184,120.5184,1,1,150,0,0,0,126,30,0,0,30,1,-133.349,
54.80549,3048.161,16.82577,0.009784449,0,90.72912,24.09965,14.191,96.40788,408.4501,212.8157,0,2,3.098964,277.88,300,0.7,0,0,28.29356,28.29356,1,1,1.00663,0.9929364,300,0.2226333,0,0,57.13501,1,0,1,1,39.12036,1.952249,0,1,270.9632,236,0,0,0,1,1.018199,0,1,1,2,40,25.64103,1,1000,6,25,15,1,12.99229,-113.5668,-113.5668,1,0,6,0,128.5668,128.5668,1,1,150,0,0,0,126,30,0,0,30,1,-133.1742,
54.90609,3022.365,16.81974,0.01921546,0,90.70822,24.09965,14.18505,96.35708,411.3493,213.0446,0,2,3.097924,278.01,300,0.7,0,0,28.45434,28.45434,1,1,1.007046,0.9929364,300,0.2238183,0,0,57.13501,1,0,1,1,39.10971,1.953737,0,1,270.4473,232,0,0,0,1,1.018199,0,1,1,2,50,25.13967,1,1000,6,25,15,1,12.99168,-107.1755,-107.1755,1,0,6,0,122.1755,122.1755,1,1,150,0,0,0,126,30,0,0,30,1,-133.1803,
55.01059,3006.615,17.0307,0.02393097,0,90.67686,24.13558,14.29402,96.45869,406.8903,215.2571,0,2,3.056725,278.26,300,0.7,0,0,28.7602,28.7602,1,1,0.9994188,0.9928164,300,0.22905,0,0,57.13501,1,0,1,1,39.1111,1.926496,0,1,270.1323,256,0,0,0,1,1.018271,0,1,1,2,30,24.93075,1,1000,6,25,15,1,12.99336,-111.4364,-111.4364,1,0,6,0,126.4364,126.4364,1,1,150,0,0,0,127,30,0,0,30,1,-132.9693,
55.1111,2987.453,17.097,0.03336199,0,90.71867,24.12415,14.18597,96.42821,405.8561,215.1045,0,2,3.062139,277.99,300,0.7,0,0,28.94989,28.94989,1,1,1.006982,0.9928546,300,0.2314621,0,0,57.13501,1,0,1,1,38.98863,1.953508,0,1,270,244,0,0,0,1,1.018248,0,1,1,2,30,24.86188,1,1000,6,25,15,1,12.99275,-116.8808,-116.8808,1,0,6,0,131.8808,131.8808,1,1,150,0,0,0,127,30,0,0,30,1,-132.903,
55.21239,2964.427,17.15125,0,0,90.78138,24.18294,14.18963,96.38756,404.0419,215.1808,0,2,3.013834,277.89,300,0.7,0,0,29.15401,29.15401,1,1,1.006726,0.9926582,300,0.2338143,0,0,57.13501,1,0,1,1,38.76659,1.952592,0,1,270,252,0,0,0,1,1.018366,0,1,1,2,40,24.79339,1,1000,6,25,15,1,12.98955,-122.5028,-122.5028,1,0,6,0,137.5028,137.5028,1,1,150,0,0,0,127,30,0,0,30,1,-132.8488,
55.3145,2934.846,17.14522,0.02393097,0,90.69777,24.13231,14.20657,96.42821,403.652,215.3525,0,2,3.008218,278.38,300,0.7,0,0,29.34234,29.34234,1,1,1.00554,0.9928273,300,0.2352587,0,0,57.13501,1,0,1,1,38.47873,1.948357,0,1,270,228,0,0,0,1,1.018265,0,1,1,2,20,24.45652,1,1000,6,25,15,1,12.99245,-124.1006,-124.1006,1,0,6,0,139.1006,139.1006,1,1,150,0,0,0,127,30,0,0,30,1,-132.8548,
55.41639,2908.386,17.04878,0,0,90.91724,24.21071,14.30867,96.57047,403.652,213.3497,0,2,2.956859,278.72,300,0.7,0,0,29.41953,29.41953,1,1,0.9983933,0.9925656,300,0.2345251,0,0,57.13501,1,0,1,1,38.2186,1.922833,0,1,270,240,0,0,0,1,1.018421,0,1,1,2,20,24.32432,1,1000,6,25,15,1,12.99092,-119.248,-119.248,1,0,6,0,134.248,134.248,1,1,150,0,0,0,127,30,0,0,30,1,-132.9512,
55.5164,2891.566,17.12111,0,0,90.87544,24.20907,14.09486,96.5603,405.0253,212.4342,0,2,2.987952,278.74,300,0.7,0,0,29.60228,29.60228,1,1,1.01336,0.992571,300,0.2369836,0,0,57.13501,1,0,1,1,38.05717,1.976285,0,1,270,244,0,0,0,1,1.018418,0,1,1,2,20,24.12869,1,1000,6,25,15,1,12.99107,-121.1417,-121.1417,1,0,6,0,136.1417,136.1417,1,1,150,0,0,0,127,30,0,0,30,1,-132.8789,
55.61639,2876.042,17.41043,0,0,90.87544,24.20417,14.32652,96.55014,395.446,214.3416,0,2,2.947943,279.26,300,0.7,0,0,29.99704,29.99704,1,1,0.9971434,0.9925874,300,0.2442035,0,0,57.13501,1,0,1,1,37.91401,1.918369,0,1,270,224,0,0,0,1,1.018408,0,1,1,2,20,24.06417,1,1000,6,25,15,1,12.99367,-122.1478,-122.1478,1,0,6,0,137.1478,137.1478,1,1,150,0,0,0,127,30,0,0,30,1,-132.5896,
55.72009,2851.169,17.15125,0.005068941,0,90.95905,24.15191,14.13927,96.65176,397.9553,215.3525,0,2,2.946208,279.19,300,0.7,0,0,29.89801,29.89801,1,1,1.010251,0.9927619,300,0.2397915,0,0,57.13501,1,0,1,1,37.66515,1.965183,0,1,270,244,0,0,0,1,1.018304,0,1,1,2,40,23.7467,1,1000,6,25,15,1,12.9926,-113.33,-113.33,1,0,6,0,128.33,128.33,1,1,150,0,0,0,127,30,0,0,30,1,-132.8488,
55.82019,2825.125,17.35618,0,0,90.85454,24.22867,14.06922,96.61111,397.0058,212.4533,0,2,2.942838,279.16,300,0.7,0,0,30.28016,30.28016,1,1,1.015155,0.9925056,300,0.2457319,0,0,57.13501,1,0,1,1,37.41663,1.982695,0,1,270,240,0,0,0,1,1.018457,0,1,1,2,30,23.62205,1,1000,6,25,15,1,12.99107,-121.8519,-121.8519,1,0,6,0,136.8519,136.8519,1,1,150,0,0,0,127,30,0,0,30,1,-132.6438,
55.9227,2809.515,17.44057,0,0,90.90679,24.20907,14.18597,96.67208,397.9553,216.9547,0,2,2.903166,279.34,300,0.7,0,0,30.47116,30.47116,1,1,1.006982,0.992571,300,0.248491,0,0,57.13501,1,0,1,1,37.26646,1.953508,0,1,270,256,0,0,0,1,1.018418,0,1,1,2,30,23.4987,1,1000,6,25,15,1,12.99107,-109.1284,-109.1284,1,0,6,0,124.1284,124.1284,1,1,150,0,0,0,127,30,0,0,30,1,-132.5594,
56.0247,2793.296,17.45262,0.01449996,0,90.69777,24.15191,14.46387,96.51966,401.2105,213.9029,0,2,2.886406,279.15,300,0.7,0,0,30.50249,30.50249,1,1,0.9875289,0.9927619,300,0.2489383,0,0,57.13501,1,0,1,1,37.10864,1.889354,0,1,270,224,0,0,0,1,1.018304,0,1,1,2,40,23.31606,1,1000,6,25,15,1,12.99367,-114.0994,-114.0994,1,0,6,0,129.0994,129.0994,1,1,150,0,0,0,127,30,0,0,30,1,-132.5474,
56.12709,2767.272,17.6455,0,0,90.75002,24.09965,14.39474,96.55014,394.0897,216.4778,0,2,2.859515,279.12,300,0.7,0,0,30.52877,30.52877,1,1,0.9923682,0.9929364,300,0.2519248,0,0,57.13501,1,0,1,1,36.85868,1.901315,0,1,270,224,0,0,0,1,1.018199,0,1,1,2,20,23.13625,1,1000,6,25,15,1,12.99229,-109.7793,-109.7793,1,0,6,0,124.7793,124.7793,1,1,150,0,0,0,127,30,0,0,30,1,-132.3545,
56.2291,2760.397,17.7781,0.05222402,0,90.541,24.16008,14.21252,96.39772,390.0206,212.1481,0,2,2.875414,278.77,300,0.7,0,0,30.61992,30.61992,1,1,1.005123,0.9927346,300,0.2545542,0,0,57.13501,1,0,1,1,36.79405,1.946869,0,1,270,212,0,0,0,1,1.01832,0,1,1,2,10,22.90076,1,1000,6,25,15,1,12.99229,-119.248,-119.248,1,0,6,0,134.248,134.248,1,1,150,0,0,0,127,30,0,0,30,1,-132.2219,
56.3312,2735.479,17.65152,0.0121422,0,90.78138,24.2303,14.20062,96.41805,399.9898,216.7067,0,2,2.849458,279.78,300,0.7,0,0,30.32257,30.32257,1,1,1.005957,0.9925001,300,0.2502628,0,0,57.13501,1,0,1,1,36.54847,1.949845,0,1,270,240,0,0,0,1,1.018461,0,1,1,2,20,22.84264,1,1000,6,25,15,1,12.99382,-100.7841,-100.7841,1,0,6,0,115.7841,115.7841,1,1,150,0,0,0,127,30,0,0,30,1,-132.3485,
56.435,2717.391,17.94084,0.03100424,0,90.81274,24.15191,14.22855,96.58063,393.615,218.4234,0,2,2.830616,280.3,300,0.7,0,0,30.4993,30.4993,1,1,1.004002,0.9927619,300,0.2558754,0,0,57.13501,1,0,1,1,36.37641,1.942863,0,1,270,244,0,0,0,1,1.018304,0,1,1,2,20,22.72727,1,1000,6,25,15,1,12.99367,-96.04986,-96.04986,1,0,6,0,111.0499,111.0499,1,1,150,0,0,0,127,30,0,0,30,1,-132.0592,
56.5366,2702.946,18.00111,0.0640128,0,90.79183,24.16498,14.26746,96.62128,385.6294,212.8157,0,2,2.838094,279.57,300,0.7,0,0,30.46417,30.46417,1,1,1.001278,0.9927182,300,0.2564346,0,0,57.13501,1,0,1,1,36.23599,1.933134,0,1,270,232,0,0,0,1,1.01833,0,1,1,2,30,22.38806,1,1000,6,25,15,1,12.99168,-99.36385,-99.36385,1,0,6,0,114.3638,114.3638,1,1,150,0,0,0,127,30,0,0,30,1,-131.9989,
56.6372,2680.726,18.71235,0.2620641,0,90.83363,24.14538,13.99917,96.58063,384.1713,213.8075,0,2,2.841672,279.32,300,0.7,0,0,31.04321,31.04321,1,1,1.020083,0.9927837,300,0.2716407,0,0,57.13501,1,0,1,1,36.02773,2.000207,0,1,270,272,0,0,0,1,1.018291,0,1,1,2,30,22.33251,1,1000,6,25,15,1,12.99352,-99.18636,-99.18636,1,0,6,0,114.1864,114.1864,1,1,150,0,0,0,127,30,0,0,30,1,-131.2877,
56.7391,2665.009,23.74523,4.838464,0,90.79183,24.19437,14.12645,96.53999,385.8837,220.2545,0,2,3.775429,272.61,300,0.7,0,0,36.08144,50.33714,1,1,1.011149,0.9926201,300,0.5589012,14.25569,0.4492626,607.8087,1,0,1,1,35.93244,1.968387,0,1,270,256,0,0,0,1,1.018389,0,1,1,2,20,22.27723,1,1000,6,25,15,1,12.99443,-89.65485,-89.65485,1,0,6,0,104.6548,104.6548,1,1,150,0,0,0,127,30,0,0,30,1,-126.2548,
56.8404,2730.997,31.71346,5.326519,0,90.72912,24.17804,14.13652,96.55014,393.4115,229.0665,0,2,3.641329,273.8,300,0.7,0,0,40.10004,40.10004,1,1,1.010443,0.9926746,300,0.5946597,0,0,607.8087,1,0,1,1,36.72666,1.965869,0,1,270,228,0,0,0,1,1.018356,0,1,1,2,20,22.38806,1,1000,6,25,15,1,12.99428,-93.42299,-93.42299,1,0,6,0,108.423,108.423,1,1,150,0,0,0,127,30,0,0,30,1,-118.2865,
56.9425,2699.055,34.53429,5.500994,0,90.65596,24.20417,14.27341,96.49934,390.4953,234.8459,0,2,4.116059,270.53,300,0.7,0,0,42.0833,42.0833,1,1,1.000861,0.9925874,300,0.8154657,0,0,607.8087,1,0,1,1,36.38543,1.931646,0,1,270,220,0,0,0,1,1.018408,0,1,1,2,20,22.33251,1,1000,6,25,15,1.2,12.99245,-70.17546,-70.17546,1,0,16,0,85.17546,85.17546,1,1,150,0,0,0,127,30,0,0,30,1,-115.4657,
57.0437,2681.924,36.70415,5.647174,0,90.70822,24.12905,14.39062,96.5095,396.0733,236.1429,0,2,4.268729,269.58,300,0.7,0,0,44.61722,44.61722,1,1,0.9926566,0.9928382,300,0.9189858,0,0,607.8087,1,0,1,1,36.18866,1.902345,0,1,270,252,0,0,0,1,1.018258,0,1,1,2,20,22.44389,1,1000,6,25,15,1.2,12.99397,-11.2481,-11.2481,1,0,16,0,26.2481,26.2481,1,1,150,0,0,0,127,30,0,0,30,1,-113.2958,
57.1447,2688.413,37.7047,5.590588,0,90.71867,24.15191,14.35308,96.5095,386.4432,236.8296,0,2,4.368671,268.52,300,0.7,0,0,46.0025,46.0025,1,1,0.9952846,0.9927619,300,0.9733166,0,0,607.8087,1,0,1,1,36.27356,1.911731,0,1,270,224,0,0,0,1,1.018304,0,1,1,2,20,22.16749,1,1000,6,25,15,1.2,12.99229,-4.976137,-4.976137,1,0,16,0,19.97614,19.97614,1,1,150,0,0,0,127,30,0,0,30,1,-112.2953,
57.2491,2692.515,40.54361,7.832215,0,90.60371,24.18947,14.46479,96.46885,396.4633,241.7697,0,2,5.250404,262.29,300,0.7,0,0,49.71464,61.98497,1,1,0.9874648,0.9926364,300,1.410143,12.27033,0.2646674,102.3888,1,0,1,1,36.34089,1.889202,0,1,270,232,0,0,0,1,1.018379,0,1,1,2,30,22.44389,1,1000,6,25,15,1.2,12.9929,-2.307808,-2.307808,1,0,16,0,17.30781,17.30781,1,1,150,0,0,0,127,30,0,0,30,1,-109.4564,
57.3514,2735.729,48.45157,9.286769,0,90.68732,24.21561,14.41351,96.55014,386.8332,245.3937,0,2,6.0414,256.37,300,0.7,0,0,59.05433,73.4682,1,1,0.9910542,0.9925492,300,1.664426,14.41388,0.2719799,105.3241,1,0,1,1,35.57467,1.897748,0,1,270,228,0,0,0,1,1.018431,0,1,1,2,30,22.38806,1,1000,6,25,15,1,12.9929,-1.382713,-1.382713,1,0,8,0,16.38271,16.38271,1,1,150,0,0,0,127,30,0,0,30,1,-101.5484,
57.4515,2735.729,51.70636,9.417703,0,90.66641,24.20417,14.3366,96.53999,382.3572,250.4292,0,2,5.790625,256.69,300,0.7,0,0,62.44944,62.44944,1,1,0.9964383,0.9925874,300,1.51158,0,0,105.3241,1,0,1,1,34.88972,1.915851,0,1,270,200,0,0,0,1,1.018408,0,1,1,2,20,22.78481,1,1000,6,25,14.98294,1,12.9955,0.1016636,0.1016636,1,0,8,0,14.87422,14.87422,1,1,150,0,0,0,127,30,0,0,30,1,-98.29364,
57.5526,2737.726,52.62856,9.391516,0,90.77093,24.19111,14.2258,96.52982,395.6325,250.1812,0,2,5.817667,258.65,300,0.7,0,0,63.43322,63.43322,1,1,1.004194,0.992631,300,1.541399,0,0,105.3241,1,0,1,1,34.72099,1.94355,0,1,270,224,0,0,0,1,1.018382,0,1,1,2,20,22.84264,1,1000,6,25,14.97371,0.9856963,12.99199,0.4990368,0.4990368,1,0,16,0,14.47245,14.47245,1,1,150,0,0,0,127,30,0,0,30,1,-97.37144,
57.6566,2786.033,52.725,9.324859,0,90.73957,24.10618,14.15438,96.5603,389.3594,251.0395,0,2,5.850669,257.29,300,0.7,0,0,64.06141,64.06141,1,1,1.009194,0.9929146,300,1.559802,0,0,105.3241,1,0,1,1,35.31297,1.961405,0,1,270,276,0,0,0,1,1.018212,0,1,1,2,40,23.0179,1,1000,6,25,14.97275,0.9856963,12.99352,-1.147532,-1.147532,1,0,16,0,16.12553,16.12553,1,1,150,0,0,0,127,30,0,0,30,1,-97.275,
57.7581,2782.673,46.15512,5.604735,0,90.69777,24.20581,14.09669,96.58063,391.716,245.7561,0,2,5.287079,261.97,300,0.7,0,0,57.18583,57.18583,1,1,1.013232,0.9925819,300,1.244027,0,0,105.3241,1,0,1,1,36.67668,1.975827,0,1,270,220,0,0,0,1,1.018412,0,1,1,2,30,23.19588,1,1000,6,25,15,1.007995,12.99474,-1.040598,-1.040598,1,0,16,0,16.0406,16.0406,1,1,150,0,0,0,127,30,0,0,30,1,-103.8449,
57.861,2790.957,39.48882,5.086029,0,90.79183,24.19111,14.31187,96.71273,394.9035,240.816,0,2,4.395758,268.65,300,0.7,0,0,49.65814,49.65814,1,1,0.9981689,0.992631,300,0.9242613,0,0,105.3241,1,0,1,1,37.61104,1.922032,0,1,270,212,0,0,0,1,1.018382,0,1,1,2,20,23.37662,1,1000,6,25,15,1.007995,12.99474,-0.7822714,-0.7822714,1,0,16,0,15.78227,15.78227,1,1,150,0,0,0,127,30,0,0,30,1,-110.5112,
57.9616,2810.568,35.78196,5.109606,0,90.75002,24.21724,14.19879,96.59079,394.717,233.4726,0,2,4.145587,270.75,300,0.7,0,0,45.20128,45.20128,1,1,1.006085,0.9925437,300,0.7623058,0,0,105.3241,1,0,1,1,37.75092,1.950303,0,1,270,224,0,0,0,1,1.018434,0,1,1,2,30,23.25581,1,1000,6,25,15,1.007995,12.99474,0.2411032,0.2411032,1,0,16,0,14.7589,14.7589,1,1,150,0,0,0,127,30,0,0,30,1,-114.218,
58.0634,2817.96,32.35237,3.364868,0,90.66641,24.17478,14.3105,96.65176,395.1748,232.023,0,2,3.804246,273.29,300,0.7,0,0,41.45676,41.45676,1,1,0.9982651,0.9926855,300,0.6286575,0,0,105.3241,1,0,1,1,37.72968,1.922375,0,1,270,224,0,0,0,1,1.01835,0,1,1,2,20,23.31606,1,1000,6,25,15,1.002376,12.99489,0.2252512,0.2252512,1,0,16,0,14.77475,14.77475,1,1,150,0,0,0,127,30,0,0,30,1,-117.6476,
58.1634,2787.327,28.38633,3.008847,0,90.66641,24.18947,14.33843,96.55014,390.9022,223.1727,0,2,3.57707,274.58,300,0.7,0,0,39.36242,39.36242,1,1,0.9963101,0.9926364,300,0.5237148,0,0,105.3241,1,0,1,1,37.27692,1.915393,0,1,270,216,0,0,0,1,1.018379,0,1,1,2,40,23.37662,1,1000,6,25,15,1.002376,12.99565,-0.55933,-0.55933,1,0,16,0,15.55933,15.55933,1,1,150,0,0,0,127,30,0,0,30,1,-121.6137,
58.2649,2756.086,26.77099,2.999417,0,90.5201,24.19764,14.14934,96.47901,401.4818,224.7177,0,2,3.445108,274.82,300,0.7,0,0,38.26447,38.26447,1,1,1.009546,0.9926092,300,0.4873755,0,0,105.3241,1,0,1,1,36.91643,1.962664,0,1,270,216,0,0,0,1,1.018395,0,1,1,2,40,23.07692,1,1000,6,25,15,1.017503,12.99352,-1.389069,-1.389069,1,0,16,0,16.38907,16.38907,1,1,150,0,0,0,127,30,0,0,30,1,-123.229,
58.3669,2856.599,26.06578,3.011205,0,90.46783,24.15844,14.45655,96.43837,395.4291,224.4698,0,2,3.47586,274.87,300,0.7,0,0,37.97525,37.97525,1,1,0.9880417,0.99274,300,0.4709761,0,0,105.3241,1,0,1,1,37.94502,1.890575,0,1,270,252,0,0,0,1,1.018317,0,1,1,2,40,23.62205,1,1000,6,25,15,1.017503,12.99565,-2.061232,-2.061232,1,0,16,0,17.06123,17.06123,1,1,150,0,0,0,127,30,0,0,30,1,-123.9342,
58.4715,2781.383,24.14907,1.207523,0,90.53055,24.15844,14.30317,96.51966,396.0564,225.6905,0,2,3.360838,275.88,300,0.7,0,0,37.279,37.279,1,1,0.9987778,0.99274,300,0.4485371,0,0,105.3241,1,0,1,1,37.12712,1.924206,0,1,270,232,0,0,0,1,1.018317,0,1,1,2,30,23.4987,1,1000,6,25,15,1.065472,12.99458,-3.065641,-3.065641,1,0,16,0,18.06564,18.06564,1,1,150,0,0,0,127,30,0,0,30,1,-125.8509,
58.5717,2761.668,20.77372,0.8184941,0,90.63506,24.21724,14.23954,96.59079,387.2062,217.2408,0,2,3.12989,277.62,300,0.7,0,0,33.72569,33.72569,1,1,1.003232,0.9925437,300,0.3490384,0,0,105.3241,1,0,1,1,36.86245,1.940116,0,1,270,232,0,0,0,1,1.018434,0,1,1,2,30,22.95918,1,1000,6,25,15,1.065472,12.99474,-4.472853,-4.472853,1,0,16,0,19.47285,19.47285,1,1,150,0,0,0,127,30,0,0,30,1,-129.2263,
58.6739,2763.703,19.49591,0.6534513,0,90.70822,24.21234,14.17498,96.57047,400.5324,217.0119,0,2,3.086135,277.59,300,0.7,0,0,32.41858,32.41858,1,1,1.007751,0.9925601,300,0.3427408,0,0,105.3241,1,0,1,1,36.8587,1.956255,0,1,270,228,0,0,0,1,1.018425,0,1,1,2,30,22.95918,1,1000,6,25,15,1.159763,12.99413,-5.408236,-5.408236,1,0,16,0,20.40824,20.40824,1,1,150,0,0,0,127,30,0,0,30,1,-130.5041,
58.7756,2761.922,19.06796,0.4223914,0,90.70822,24.22867,14.24457,96.59079,392.3264,217.7367,0,2,3.038115,278.37,300,0.7,0,0,31.9638,31.9638,1,1,1.00288,0.9925056,300,0.3305074,0,0,105.3241,1,0,1,1,36.83308,1.938857,0,1,270,220,0,0,0,1,1.018457,0,1,1,2,20,23.0179,1,1000,6,25,15,1.159763,12.99382,-6.50869,-6.50869,1,0,16,0,21.50869,21.50869,1,1,150,0,0,0,127,30,0,0,30,1,-130.932,
58.8764,2730.003,18.89317,0.2714951,0,90.66641,24.22704,14.24457,96.72289,385.6803,214.971,0,2,2.912003,278.94,300,0.7,0,0,31.56503,31.56503,1,1,1.00288,0.992511,300,0.2788439,0,0,105.3241,1,0,1,1,36.51542,1.938857,0,1,270,228,0,0,0,1,1.018454,0,1,1,2,30,22.67002,1,1000,6,25,15,1,12.9929,-5.479424,-5.479424,1,0,6,0,20.47942,20.47942,1,1,150,0,0,0,127,30,0,0,30,1,-131.1068,
58.9772,2714.195,18.68824,0.2432021,0,90.70822,24.21724,14.27204,96.60095,389.4272,215.3334,0,2,2.872524,279.05,300,0.7,0,0,31.24633,31.24633,1,1,1.000957,0.9925437,300,0.2730383,0,0,105.3241,1,0,1,1,36.35658,1.93199,0,1,270,228,0,0,0,1,1.018434,0,1,1,2,30,22.78481,1,1000,6,25,15,1,12.99611,-5.227781,-5.227781,1,0,6,0,20.22778,20.22778,1,1,150,0,0,0,127,30,0,0,30,1,-131.3118,
59.0788,2703.921,18.68221,0.2432021,0,90.65596,24.18947,14.28852,96.73305,390.224,213.5786,0,2,2.86165,279.82,300,0.7,0,0,31.17021,31.17021,1,1,0.9998034,0.9926364,300,0.2722959,0,0,105.3241,1,0,1,1,36.25545,1.927869,0,1,270,224,0,0,0,1,1.018379,0,1,1,2,30,22.55639,1,1000,6,25,15,1,12.99397,-6.287201,-6.287201,1,0,6,0,21.2872,21.2872,1,1,150,0,0,0,127,30,0,0,30,1,-131.3178,
59.1795,2675.227,18.84495,0.1842583,0,90.73957,24.245,14.05045,96.73305,393.8862,215.0473,0,2,2.853576,279.36,300,0.7,0,0,31.1415,31.1415,1,1,1.016469,0.9924511,300,0.2743936,0,0,105.3241,1,0,1,1,35.9753,1.987388,0,1,270,244,0,0,0,1,1.01849,0,1,1,2,20,22.38806,1,1000,6,25,15,1,12.9955,-8.128342,-8.128342,1,0,6,0,23.12834,23.12834,1,1,150,0,0,0,127,30,0,0,30,1,-131.155,
59.2805,2665.009,18.98961,0.2432021,0,90.62461,24.17804,14.33064,96.68224,387.1892,214.4179,0,2,2.820467,279.15,300,0.7,0,0,31.21964,31.21964,1,1,0.996855,0.9926746,300,0.2772196,0,0,105.3241,1,0,1,1,35.87639,1.917339,0,1,270,240,0,0,0,1,1.018356,0,1,1,2,30,22.38806,1,1000,6,25,15,1,12.9955,-10.12429,-10.12429,1,0,6,0,25.12429,25.12429,1,1,150,0,0,0,127,30,0,0,30,1,-131.0104,
59.38131,2643.638,20.34577,1.313622,0,90.72912,24.16824,14.30684,96.71273,387.1044,215.8103,0,2,3.106274,277.55,300,0.7,0,0,32.45638,44.80686,1,1,0.9985214,0.9927073,300,0.4262896,12.35048,0.3908998,149.8488,1,0,1,1,35.67966,1.923291,0,1,270,240,0,0,0,1,1.018336,0,1,1,2,20,21.95122,1,1000,6,25,15,1,12.99535,-13.70256,-13.70256,1,0,6,0,28.70256,28.70256,1,1,150,0,0,0,127,30,0,0,30,1,-129.6542,
59.4815,2661.698,22.75674,2.961692,0,90.62461,24.14865,14.29493,96.71273,382.8997,217.565,0,2,3.282761,276.24,300,0.7,0,0,35.04673,47.32811,1,1,0.9993547,0.9927728,300,0.5036479,12.28138,0.3647607,140.7258,1,0,1,1,35.88727,1.926267,0,1,270,232,0,0,0,1,1.018297,0,1,1,2,20,22.22222,1,1000,6,25,15,1,12.99611,-23.85154,-23.85154,1,0,6,0,38.85154,38.85154,1,1,150,0,0,0,127,30,0,0,30,1,-127.2433,
59.58281,2604.167,28.80825,4.095772,0,90.53055,24.22214,14.23496,96.64159,390.9022,231.0883,0,2,3.602431,273.66,300,0.7,0,0,37.30299,50.52637,1,1,1.003553,0.9925274,300,0.6805942,13.22338,0.3643965,138.5969,1,0,1,1,35.33293,1.941261,0,1,270,228,0,0,0,1,1.018444,0,1,1,2,20,21.84466,1,1000,6,25,15,1,12.9955,-35.87045,-35.87045,1,0,7,0,50.87045,50.87045,1,1,150,0,0,0,127,30,0,0,30,1,-121.1917,
59.6851,2634.583,31.41209,4.326832,0,90.541,24.21397,14.20062,96.60095,393.3437,232.3472,0,2,3.403003,275.29,300,0.7,0,0,38.52526,38.52526,1,1,1.005957,0.9925547,300,0.565849,0,0,138.5969,1,0,1,1,35.63967,1.949845,0,1,270,236,0,0,0,1,1.018428,0,1,1,2,30,21.79177,1,1000,6,25,15,1,12.9958,-32.72043,-32.72043,1,0,7,0,47.72043,47.72043,1,1,150,0,0,0,127,30,0,0,30,1,-118.5879,
59.79,2576.213,33.50963,4.390491,0,90.68732,24.17478,14.15621,96.59079,386.2906,236.696,0,2,3.692572,272.74,300,0.7,0,0,38.75793,38.75793,1,1,1.009065,0.9926855,300,0.728775,0,0,138.5969,1,0,1,1,34.94344,1.960948,0,1,270,200,0,0,0,1,1.01835,0,1,1,2,30,21.5311,1,1000,6,25,15,1.2,12.99657,-11.30058,-11.30058,1,0,16,0,26.30058,26.30058,1,1,150,0,0,0,127,30,0,0,30,1,-116.4904,
59.8917,2677.137,33.93757,4.572038,0,90.43649,24.13885,14.41809,96.57047,394.6492,236.3909,0,2,3.881849,272.5,300,0.7,0,0,40.96359,40.96359,1,1,0.9907337,0.9928055,300,0.7801245,0,0,138.5969,1,0,1,1,36.12326,1.896985,0,1,270,220,0,0,0,1,1.018278,0,1,1,2,20,22.00489,1,1000,6,25,15,1.2,12.99596,-5.328768,-5.328768,1,0,16,0,20.32877,20.32877,1,1,150,0,0,0,127,30,0,0,30,1,-116.0624,
59.9929,2673.32,34.47401,4.645129,0,90.50964,24.20907,14.23038,96.65176,391.7499,236.2383,0,2,3.943148,271.36,300,0.7,0,0,41.59789,41.59789,1,1,1.003873,0.992571,300,0.8046472,0,0,138.5969,1,0,1,1,36.07909,1.942405,0,1,270,204,0,0,0,1,1.018418,0,1,1,2,30,21.95122,1,1000,6,25,15,1.2,12.99657,-5.731064,-5.731064,1,0,16,0,20.73106,20.73106,1,1,150,0,0,0,127,30,0,0,30,1,-115.526,
60.0931,2575.771,34.95018,4.791309,0,90.48874,24.19111,14.27754,96.52982,391.716,235.4562,0,2,3.885121,272.99,300,0.7,0,0,40.69334,40.69334,1,1,1.000573,0.992631,300,0.7980427,0,0,138.5969,1,0,1,1,34.91021,1.930616,0,1,270,196,0,0,0,1,1.018382,0,1,1,2,30,21.5311,1,1000,6,25,15,1.2,12.99702,-3.625216,-3.625216,1,0,16,0,18.62522,18.62522,1,1,150,0,0,0,127,30,0,0,30,1,-115.0498,
60.1936,2613.696,36.28223,5.3053,0,90.39468,24.11271,14.49867,96.49934,382.5267,232.1756,0,2,4.09479,269.78,300,0.7,0,0,43.05492,43.05492,1,1,0.9850932,0.9928928,300,0.876633,0,0,138.5969,1,0,1,1,35.34979,1.883555,0,1,270,204,0,0,0,1,1.018225,0,1,1,2,40,21.5311,1,1000,6,25,15,1.2,12.99596,-2.280859,-2.280859,1,0,16,0,17.28086,17.28086,1,1,150,0,0,0,127,30,0,0,30,1,-113.7178,
60.2951,2681.444,37.79511,5.67311,0,90.30061,24.16008,14.3984,96.5095,386.2906,236.9059,0,2,4.424383,268.51,300,0.7,0,0,46.02075,46.02075,1,1,0.9921118,0.9927346,300,0.9760263,0,0,51.13701,1,0,1,1,36.18618,1.900399,0,1,270,228,0,0,0,1,1.01832,0,1,1,2,20,22.16749,1,1000,6,25,15,1.2,12.99702,-1.844301,-1.844301,1,0,16,0,16.8443,16.8443,1,1,150,0,0,0,127,30,0,0,30,1,-112.2049,
60.3974,2632.503,40.91128,6.701424,0,90.541,24.17804,14.30775,96.68224,384.0526,238.508,0,2,4.69463,265.36,300,0.7,0,0,49.43956,49.43956,1,1,0.9984573,0.9926746,300,1.134956,0,0,76.32889,1,0,1,1,35.54676,1.923062,0,1,270,216,0,0,0,1,1.018356,0,1,1,2,10,22.11302,1,1000,6,25,15,1.2,12.99336,-1.446285,-1.446285,1,0,16,0,16.44629,16.44629,1,1,150,0,0,0,127,30,0,0,30,1,-109.0887,
60.4994,2659.339,42.75567,6.722849,0,90.55145,24.15844,14.07426,96.79402,384.3917,237.9358,0,2,5.030582,263.21,300,0.7,0,0,52.18036,52.18036,1,1,1.014802,0.99274,300,1.251912,0,0,76.32889,1,0,1,1,35.74649,1.981436,0,1,270,216,0,0,0,1,1.018317,0,1,1,2,40,22.05882,1,1000,6,25,15,1.2,12.99474,-0.4177675,-0.4177675,1,0,16,0,15.41777,15.41777,1,1,150,0,0,0,127,30,0,0,30,1,-107.2443,
60.6011,2705.872,42.71951,6.87997,0,90.66641,24.21724,14.16765,96.72289,386.1211,239.4999,0,2,5.163705,262.17,300,0.7,0,0,52.66916,52.66916,1,1,1.008264,0.9925437,300,1.262467,0,0,76.32889,1,0,1,1,36.37951,1.958086,0,1,270,228,0,0,0,1,1.018434,0,1,1,2,20,22.61307,1,1000,6,25,15,1.2,12.99672,0.1390352,0.1390352,1,0,16,0,14.86096,14.86096,1,1,150,0,0,0,127,30,0,0,30,1,-107.2805,
60.7034,2656.983,43.81046,6.929963,0,90.41558,24.12578,14.08708,96.68224,396.1242,243.0285,0,2,5.136835,263.26,300,0.7,0,0,53.32068,53.32068,1,1,1.013905,0.9928491,300,1.31075,0,0,76.32889,1,0,1,1,35.49924,1.978231,0,1,270,228,0,0,0,1,1.018252,0,1,1,2,30,22.27723,1,1000,6,25,15,1.199871,12.99687,-0.0112133,-0.0112133,1,0,16,0,15.01121,15.01121,1,1,150,0,0,0,127,30,0,0,30,1,-106.1895,
60.804,2707.093,45.04608,10.12474,0,90.57235,24.20417,14.36178,96.66192,395.4291,245.1839,0,2,6.903086,249.73,300,0.7,0,0,55.17911,81.65384,1,1,0.9946756,0.9925874,300,2.063632,26.47474,0.4869632,215.9091,1,0,1,1,35.91144,1.909556,0,1,270,224,0,0,0,1,1.018408,0,1,1,2,30,22.33251,1,1000,6,25,15,1.199871,12.99733,0.1489782,0.1489782,1,0,16,0,14.85102,14.85102,1,1,150,0,0,0,127,30,0,0,30,1,-104.9539,
60.9064,2785.515,59.9157,13.04099,0,90.67686,24.20581,14.26655,96.91595,398.0909,261.2631,0,2,8.077994,241.58,300,0.7,0,0,68.11418,90.00998,1,1,1.001342,0.9925819,300,2.538486,21.89579,0.3340083,131.1168,1,0,1,1,33.74088,1.933363,0,1,270,240,0,0,0,1,1.018412,0,1,1,2,10,23.19588,1,1000,6,25,14.90084,1,12.99565,0.2549801,0.2549801,1,0,7,0,14.6543,14.6543,1,1,150,0,0,0,127,30,0,0,30,1,-90.0843,
61.0085,2780.094,65.79241,13.71947,0,90.53055,24.21724,14.3398,96.79402,393.1572,268.6446,0,2,7.320915,247.84,300,0.7,0,0,70.93758,70.93758,1,1,0.996214,0.9925437,300,2.214131,0,0,131.1168,1,0,1,1,32.40728,1.91505,0,1,270,236,0,0,0,1,1.018434,0,1,1,2,30,23.25581,1,1000,6,25,14.78415,1,12.99672,1.908048,1.908048,1,0,7,0,12.89383,12.89383,1,1,150,0,0,0,127,30,0,0,30,1,-84.20759,
61.1107,2791.737,60.37378,6.682379,0,90.50964,24.08332,14.21527,96.80418,393.0894,261.244,0,2,6.769961,249.78,300,0.7,0,0,68.43191,68.43191,1,1,1.004931,0.992991,300,1.869681,0,0,131.1168,1,0,1,1,33.70505,1.946183,0,1,270,208,0,0,0,1,1.018167,0,1,1,2,20,23.25581,1,1000,6,25,14.89252,0.9607272,12.99565,1.642746,1.642746,1,0,16,0,13.23037,13.23037,1,1,150,0,0,0,127,30,0,0,30,1,-89.62622,
61.2142,2784.223,34.78141,0.04279301,0,90.16475,24.2254,14.0065,96.79402,396.7515,236.3718,0,2,3.921113,271.47,300,0.7,0,0,43.73711,43.73711,1,1,1.019545,0.9925165,300,0.6833584,0,0,131.1168,1,0,1,1,37.40517,1.998376,0,1,270,240,0,0,0,1,1.018451,0,1,1,2,30,23.37662,1,1000,6,25,15,0.9607272,12.99626,0.3898621,0.3898621,1,0,16,0,14.61014,14.61014,1,1,150,0,0,0,127,30,0,0,30,1,-115.2186,
61.3166,2755.58,23.01592,0.05458177,0,90.34242,24.11925,14.19238,96.52982,397.684,220.2354,0,2,3.168917,276.91,300,0.7,0,0,35.99936,35.99936,1,1,1.006534,0.992871,300,0.3642959,0,0,131.1168,1,0,1,1,36.8426,1.951905,0,1,270,228,0,0,0,1,1.018238,0,1,1,2,50,23.0179,1,1000,6,25,15,0.9401895,12.99718,1.243731,1.243731,1,0,16,0,13.75627,13.75627,1,1,150,0,0,0,127,30,0,0,30,1,-126.9841,
61.4175,2689.859,19.02577,0.05222402,0,90.37377,24.13885,14.33248,96.62128,389.139,218.3089,0,2,2.824352,280.35,300,0.7,0,0,31.42677,31.42677,1,1,0.9967267,0.9928055,300,0.2628822,0,0,131.1168,1,0,1,1,36.12182,1.916881,0,1,270,212,0,0,0,1,1.018278,0,1,1,2,20,23.80952,1,1000,6,25,15,0.9401895,12.99657,2.612577,2.612577,1,0,16,0,12.38742,12.38742,1,1,150,0,0,0,127,30,0,0,30,1,-130.9742,
61.5178,2477.087,19.55618,0.04043525,0,90.1961,24.12578,14.38925,96.46885,377.5591,213.8075,0,2,2.646837,280.95,300,0.7,0,0,30.50022,30.50022,1,1,0.9927527,0.9928491,300,0.2622493,0,0,131.1168,1,0,1,1,33.91339,1.902688,0,1,270,200,0,0,0,1,1.018252,0,1,1,2,20,24,1,1000,6,25,15,0.9401895,12.99947,3.153741,3.153741,1,0,16,0,11.84626,11.84626,1,1,150,0,0,0,127,30,0,0,30,1,-130.4438,
61.6199,2294.806,19.99016,0.0121422,0,90.37377,24.17804,14.28532,96.61111,369.6413,218.9193,0,2,2.496879,282.17,300,0.7,0,0,29.66493,29.66493,1,1,1.000028,0.9926746,300,0.2772934,0,0,131.1168,1,0,1,1,31.2165,1.92867,0,1,270,228,0,0,0,1,1.018356,0,1,1,2,20,23.62205,1,1000,6,25,15,1,12.9984,3.371922,3.371922,1,0,6,0,11.62808,11.62808,1,1,150,0,0,0,128,30,0,0,30,1,-130.0098,
61.7204,2148.997,20.09262,0.02628873,0,90.30061,24.12578,14.34392,96.47901,367.8442,216.8593,0,2,2.310172,283.7,300,0.7,0,0,31.4777,31.4777,1,1,0.9959255,0.9928491,300,0.2957681,0,0,131.1168,1,0,1,1,29.05321,1.91402,0,1,270,220,0,0,0,1,1.018252,0,1,1,2,30,23.56021,1,1000,6,25,15,1,12.99718,3.354362,3.354362,1,0,6,0,11.64564,11.64564,1,1,150,0,0,0,127,30,0,0,30,1,-129.9074,
61.8216,1946.914,20.03838,0.04986627,0,90.37377,24.11271,14.42633,96.55014,347.1088,215.1999,0,2,2.092933,284.95,300,0.7,0,0,35.46842,35.46842,1,1,0.9901569,0.9928928,300,0.3106833,0,0,131.1168,1,0,1,1,26.23161,1.895612,0,1,270,224,0,0,0,1,1.018225,0,1,1,2,40,23.87268,1,1000,6,25,14.97346,0.9330921,12.99611,3.228919,3.228919,1,0,16,0,11.77015,11.77015,1,1,150,0,0,0,128,30,0,0,30,1,-129.9616,
61.9216,1782.637,21.24989,0.02628873,0,90.35287,24.15191,14.45014,96.51966,332.1211,217.1454,0,2,2.020322,285.84,300,0.7,0,0,39.62639,39.62639,1,1,0.9884903,0.9927619,300,0.3701004,0,0,131.1168,1,0,1,1,24.23519,1.891644,0,1,270,216,0,0,0,1,1.018304,0,1,1,2,40,23.4987,1,1000,6,25,14.89132,0.9330921,12.9984,2.005288,2.005288,1,0,16,0,12.88603,12.88603,1,1,150,0,0,0,127,30,0,0,30,1,-128.7501,
62.024,1679.637,22.97975,0,0,90.46783,24.16171,14.11455,96.70257,315.7939,221.418,0,2,2.015565,285.65,300,0.7,0,0,42.72362,42.72362,1,1,1.011982,0.9927291,300,0.4330025,0,0,131.1168,1,0,1,1,22.98962,1.971363,0,1,270,196,0,0,0,1,1.018323,0,1,1,2,40,23.4987,1,1000,5,27.1,14.83982,0.9330921,12.99596,0.5053177,0.5053177,1,0,16,0,14.3345,14.3345,1,1,150,0,0,0,127,30,0,0,30,1,-127.0202,
62.1254,1613.077,24.39016,0.01685771,0,90.23791,24.19601,14.27021,96.51966,319.6256,225.0229,0,2,1.962577,285.93,300,0.7,0,0,44.69514,44.69514,1,1,1.001085,0.9926146,300,0.4818438,0,0,131.1168,1,0,1,1,22.21824,1.932448,0,1,270,212,0,0,0,1,1.018392,0,1,1,2,0,23.56021,1,1000,5,27.1,14.80654,0.9330921,12.9984,-2.53563,-2.53563,1,0,16,0,17.34217,17.34217,1,1,150,0,0,0,127,30,0,0,30,1,-125.6098,
62.2276,1660.578,24.64331,0.1017369,0,90.34242,24.16008,14.34392,96.66192,328.5946,223.6496,0,2,2.089561,284.14,300,0.7,0,0,44.32957,44.32957,1,1,0.9959255,0.9927346,300,0.5208089,0,0,131.1168,1,0,1,1,22.72128,1.91402,0,1,270,212,0,0,0,1,1.01832,0,1,1,2,30,22.78481,1,1000,5,27.1,14.83029,1.007983,12.99977,-7.580513,-7.580513,1,0,16,0,22.4108,22.4108,1,1,150,0,0,0,127,30,0,0,30,1,-125.3567,
62.3285,1989.126,23.46797,0.4412534,0,90.42603,24.15681,14.33064,96.60095,369.014,221.5896,0,2,2.320647,282.59,300,0.7,0,0,38.40648,38.40648,1,1,0.996855,0.9927455,300,0.4249949,0,0,131.1168,1,0,1,1,26.36628,1.917339,0,1,270,236,0,0,0,1,1.018314,0,1,1,2,20,23.19588,1,1000,6,25,14.99456,1.007983,12.99718,-13.52275,-13.52275,1,0,16,0,28.51732,28.51732,1,1,150,0,0,0,127,30,0,0,30,1,-126.532,
62.43299,2034.45,23.01592,0.6157272,0,90.41558,24.13721,14.01016,96.63144,361.215,223.7831,0,2,2.407433,283.06,300,0.7,0,0,36.93274,36.93274,1,1,1.019289,0.992811,300,0.4006803,0,0,131.1168,1,0,1,1,27.06564,1.99746,0,1,270,216,0,0,0,1,1.018274,0,1,1,2,20,23.37662,1,1000,6,25,15,1.007983,12.99657,-18.381,-18.381,1,0,16,0,33.381,33.381,1,1,150,0,0,0,128,30,0,0,30,1,-126.9841,
62.53419,1909.612,23.57044,0.6605245,0,90.30061,24.15191,14.46982,96.5603,353.4498,222.0283,0,2,2.387015,282.48,300,0.7,0,0,40.25222,40.25222,1,1,0.9871123,0.9927619,300,0.5340046,0,0,131.1168,1,0,1,1,25.48492,1.888362,0,1,270,212,0,0,0,1,1.018304,0,1,1,2,30,22.55639,1,1000,6,25,14.95481,1.2,12.9984,-12.96973,-12.96973,1,0,16,0,27.92454,27.92454,1,1,150,0,0,0,127,30,0,0,30,1,-126.4296,
62.63639,2052.405,22.63016,0.7053218,0,90.27971,24.07352,14.34713,96.51966,364.0803,219.3771,0,2,2.479989,282,300,0.7,0,0,36.13316,36.13316,1,1,0.9957012,0.9930237,300,0.4589005,0,0,131.1168,1,0,1,1,27.37972,1.913218,0,1,270,220,0,0,0,1,1.018147,0,1,1,2,20,23.13625,1,1000,6,25,15,1.2,12.99825,-9.664934,-9.664934,1,0,16,0,24.66493,24.66493,1,1,150,0,0,0,127,30,0,0,30,1,-127.3698,
62.73829,1952.108,23.10633,0.7147529,0,90.33197,24.09965,14.17681,96.61111,349.2281,225.3853,0,2,2.440135,282.81,300,0.7,0,0,38.8056,38.8056,1,1,1.007623,0.9929364,300,0.5039973,0,0,131.1168,1,0,1,1,25.99518,1.955797,0,1,270,220,0,0,0,1,1.018199,0,1,1,2,30,22.67002,1,1000,6,25,14.97605,1.2,12.99947,-7.044835,-7.044835,1,0,16,0,22.02089,22.02089,1,1,150,0,0,0,128,30,0,0,30,1,-126.8937,
62.83969,1996.406,23.4077,0.7831277,0,90.23791,24.09312,14.35491,96.51966,361.0793,224.7559,0,2,2.495508,281.55,300,0.7,0,0,38.18194,38.18194,1,1,0.9951564,0.9929582,300,0.5016278,0,0,131.1168,1,0,1,1,26.45256,1.911273,0,1,270,196,0,0,0,1,1.018186,0,1,1,2,30,22.90076,1,1000,6,25,14.9982,1.2,12.99809,-6.02367,-6.02367,1,0,16,0,21.02187,21.02187,1,1,150,0,0,0,127,30,0,0,30,1,-126.5923,
62.94099,1956.054,23.20277,0.9128042,0,90.36333,24.21724,14.20428,96.58063,354.7892,218.6141,0,2,2.445067,282.86,300,0.7,0,0,38.82852,38.82852,1,1,1.0057,0.9925437,300,0.5062496,0,0,131.1168,1,0,1,1,26.02935,1.948929,0,1,270,224,0,0,0,1,1.018434,0,1,1,2,20,22.5,1,1000,6,25,14.97803,1.2,12.99718,-5.731516,-5.731516,1,0,16,0,20.70954,20.70954,1,1,150,0,0,0,127,30,0,0,30,1,-126.7972,
63.04249,1964.637,24.19126,0.9953256,0,90.30061,24.07352,14.21206,96.58063,356.2812,225.7095,0,2,2.504911,281.37,300,0.7,0,0,39.60907,39.60907,1,1,1.005155,0.9930237,300,0.5383817,0,0,131.1168,1,0,1,1,26.02558,1.946984,0,1,270,216,0,0,0,1,1.018147,0,1,1,2,0,22.61307,1,1000,6,25,14.98232,1.2,12.99779,-4.901111,-4.901111,1,0,16,0,19.88343,19.88343,1,1,150,0,0,0,128,30,0,0,30,1,-125.8087,
63.14369,1977.457,24.4866,1.042481,0,90.55145,24.13885,14.29264,96.62128,351.3813,224.5842,0,2,2.537737,281.93,300,0.7,0,0,39.43525,39.43525,1,1,0.9995149,0.9928055,300,0.5422813,0,0,131.1168,1,0,1,1,26.13404,1.926839,0,1,270,216,0,0,0,1,1.018278,0,1,1,2,40,22.44389,1,1000,6,25,14.98873,1.2,12.9984,-4.007327,-4.007327,1,0,16,0,18.99606,18.99606,1,1,150,0,0,0,127,30,0,0,30,1,-125.5134,
63.24529,1944.138,24.32989,1.089636,0,90.42603,24.12578,14.33248,96.79402,348.8721,218.7667,0,2,2.511179,281.84,300,0.7,0,0,40.12692,40.12692,1,1,0.9967267,0.9928491,300,0.5488813,0,0,131.1168,1,0,1,1,25.79068,1.916881,0,1,270,208,0,0,0,1,1.018252,0,1,1,2,40,22.33251,1,1000,6,25,14.97207,1.2,12.99855,-3.628702,-3.628702,1,0,16,0,18.59707,18.59707,1,1,150,0,0,0,127,30,0,0,30,1,-125.6701,
63.34919,1969.021,24.71564,1.216954,0,90.48874,24.13885,14.34758,96.83466,351.1779,225.9575,0,2,2.52691,281.83,300,0.7,0,0,39.71794,39.71794,1,1,0.9956691,0.9928055,300,0.5514327,0,0,131.1168,1,0,1,1,26.0203,1.913104,0,1,270,200,0,0,0,1,1.018278,0,1,1,2,30,22.61307,1,1000,6,25,14.98451,1.2,12.9984,-2.981796,-2.981796,1,0,16,0,17.96631,17.96631,1,1,150,0,0,0,127,30,0,0,30,1,-125.2844,
63.45079,1932.118,25.28222,1.443299,0,90.41558,24.11271,14.11271,96.65176,352.1443,226.9684,0,2,2.688865,280.99,300,0.7,0,0,40.83112,47.50586,1,1,1.01211,0.9928928,300,0.675534,6.674739,0.1642106,54.73686,1,0,1,1,25.57284,1.971821,0,1,270,216,0,0,0,1,1.018225,0,1,1,2,30,22.27723,1,1000,6,25,14.96606,1.2,13.00084,-2.654239,-2.654239,1,0,16,0,17.6203,17.6203,1,1,150,0,0,0,127,30,0,0,30,1,-124.7178,
63.55239,1973.165,25.89099,1.804035,0,90.37377,24.12578,14.3398,96.66192,349.296,220.8076,0,2,2.795317,280.05,300,0.7,0,0,40.07722,46.75196,1,1,0.996214,0.9928491,300,0.6798766,6.674739,0.1642106,54.73686,1,0,1,1,25.94549,1.91505,0,1,270,216,0,0,0,1,1.018252,0,1,1,2,30,22.55639,1,1000,6,25,14.98658,1.2,13.00099,-2.320411,-2.320411,1,0,16,0,17.29837,17.29837,1,1,150,0,0,0,127,30,0,0,30,1,-124.109,
63.657,1948.305,27.37976,1.912492,0,90.24836,24.10455,14.20794,96.64159,352.28,226.3008,0,2,2.646447,280.73,300,0.7,0,0,41.33911,41.33911,1,1,1.005444,0.99292,300,0.6362761,0,0,54.73686,1,0,1,1,25.54263,1.948014,0,1,270,200,0,0,0,1,1.018209,0,1,1,2,20,22.44389,1,1000,6,25,14.97415,1.2,12.9984,-1.882274,-1.882274,1,0,16,0,16.85643,16.85643,1,1,150,0,0,0,127,30,0,0,30,1,-122.6202,
63.7593,1909.976,28.52496,1.964362,0,90.45738,24.07352,14.45746,96.69241,350.1606,227.369,0,2,2.658051,281.02,300,0.7,0,0,42.95797,42.95797,1,1,0.9879775,0.9930237,300,0.6897615,0,0,54.73686,1,0,1,1,25.06227,1.890423,0,1,270,200,0,0,0,1,1.018147,0,1,1,2,30,22.44389,1,1000,6,25,14.95499,1.2,12.99977,-1.547239,-1.547239,1,0,16,0,16.50223,16.50223,1,1,150,0,0,0,127,30,0,0,30,1,-121.475,
63.8605,1967.084,28.1151,1.96672,0,90.41558,24.11598,14.28852,96.74321,345.3625,224.2218,0,2,2.753918,279.9,300,0.7,0,0,41.1138,41.1138,1,1,0.9998034,0.9928818,300,0.649386,0,0,54.73686,1,0,1,1,25.66262,1.927869,0,1,270,220,0,0,0,1,1.018232,0,1,1,2,30,22.5,1,1000,6,25,14.98354,1.2,12.99657,-1.272491,-1.272491,1,0,16,0,16.2543,16.2543,1,1,150,0,0,0,127,30,0,0,30,1,-121.8849,
63.9617,1924.434,27.44003,1.219312,0,90.53055,24.10618,14.32881,96.79402,344.1079,228.8949,0,2,2.63006,281.62,300,0.7,0,0,42.02515,42.02515,1,1,0.9969831,0.9929146,300,0.6487751,0,0,54.73686,1,0,1,1,25.29527,1.917797,0,1,270,208,0,0,0,1,1.018212,0,1,1,2,20,22.22222,1,1000,6,25,14.96222,1.2,13.00023,-0.9167776,-0.9167776,1,0,16,0,15.87899,15.87899,1,1,150,0,0,0,127,30,0,0,30,1,-122.56,
64.0638,1927.649,25.69811,1.158011,0,90.39468,24.04575,14.09806,96.76353,344.3453,221.685,0,2,2.586262,281.21,300,0.7,0,0,41.13111,41.13111,1,1,1.013135,0.9931165,300,0.5946508,0,0,54.73686,1,0,1,1,25.48743,1.975484,0,1,270,204,0,0,0,1,1.018091,0,1,1,2,30,22.22222,1,1000,6,25,14.96382,1.2,12.99962,-1.024872,-1.024872,1,0,16,0,15.9887,15.9887,1,1,150,0,0,0,127,30,0,0,30,1,-124.3019,
64.1681,1940.492,25.28222,1.155653,0,90.55145,24.15354,14.27754,96.8245,351.8222,226.3962,0,2,2.53881,281.95,300,0.7,0,0,40.62922,40.62922,1,1,1.000573,0.9927564,300,0.5775535,0,0,54.73686,1,0,1,1,25.66145,1.930616,0,1,270,216,0,0,0,1,1.018307,0,1,1,2,20,22.33251,1,1000,6,25,14.97025,1.2,12.9984,-1.058557,-1.058557,1,0,16,0,16.0288,16.0288,1,1,150,0,0,0,128,30,0,0,30,1,-124.7178,
64.2691,1918.036,24.98085,1.191019,0,90.32152,24.09965,14.38558,96.74321,351.9917,220.7313,0,2,2.50943,282.18,300,0.7,0,0,41.02663,41.02663,1,1,0.9930092,0.9929364,300,0.576727,0,0,54.73686,1,0,1,1,25.45081,1.903604,0,1,270,220,0,0,0,1,1.018199,0,1,1,2,30,22.11302,1,1000,6,25,14.95902,1.2,13.00145,-1.140559,-1.140559,1,0,16,0,16.09958,16.09958,1,1,150,0,0,0,127,30,0,0,30,1,-125.0191,
64.3733,1926.535,25.14962,1.172157,0,90.37377,24.09312,14.34713,96.75337,350.0928,225.9194,0,2,2.536604,281.45,300,0.7,0,0,40.90422,40.90422,1,1,0.9957012,0.9929582,300,0.5787317,0,0,54.73686,1,0,1,1,25.52588,1.913218,0,1,270,200,0,0,0,1,1.018186,0,1,1,2,30,22.27723,1,1000,6,25,14.96327,1.2,13.0013,-1.185851,-1.185851,1,0,16,0,16.14912,16.14912,1,1,150,0,0,0,127,30,0,0,30,1,-124.8504,
64.4744,1916.81,25.13153,1.207523,0,90.22746,24.11108,14.49958,96.63144,349.0247,225.5379,0,2,2.47588,282.25,300,0.7,0,0,41.12791,41.12791,1,1,0.9850291,0.9928982,300,0.5816524,0,0,54.73686,1,0,1,1,25.4243,1.883403,0,1,270,208,0,0,0,1,1.018222,0,1,1,2,40,22.05882,1,1000,6,25,14.95841,1.2,13.00069,-1.099885,-1.099885,1,0,16,0,16.05829,16.05829,1,1,150,0,0,0,127,30,0,0,30,1,-124.8685,
64.5762,1930.254,25.11948,1.153295,0,90.26926,24.15681,14.23679,96.73305,346.7697,224.1646,0,2,2.5415,281.59,300,0.7,0,0,40.80156,40.80156,1,1,1.003425,0.9927455,300,0.5764644,0,0,54.73686,1,0,1,1,25.56811,1.940803,0,1,270,200,0,0,0,1,1.018314,0,1,1,2,40,22.00489,1,1000,6,25,14.96513,1.2,13.00145,-0.9103298,-0.9103298,1,0,16,0,15.87546,15.87546,1,1,150,0,0,0,128,30,0,0,30,1,-124.8805,
64.6771,1907.426,25.13756,1.198092,0,90.26926,24.12088,14.45334,96.69241,352.0426,222.0283,0,2,2.479654,281.87,300,0.7,0,0,41.35485,41.35485,1,1,0.988266,0.9928655,300,0.5851778,0,0,54.73686,1,0,1,1,25.32417,1.891109,0,1,270,208,0,0,0,1,1.018242,0,1,1,2,30,22.05882,1,1000,6,25,14.95371,1.2,12.99962,-0.8710213,-0.8710213,1,0,16,0,15.82473,15.82473,1,1,150,0,0,0,127,30,0,0,30,1,-124.8624,
64.7792,1912.899,25.31838,1.158011,0,90.31107,24.15681,14.16399,96.79402,347.7192,225.8621,0,2,2.534591,281.98,300,0.7,0,0,41.31214,41.31214,1,1,1.008521,0.9927455,300,0.5886411,0,0,54.73686,1,0,1,1,25.36626,1.959002,0,1,270,208,0,0,0,1,1.018314,0,1,1,2,30,22.00489,1,1000,6,25,14.95645,1.2,12.9984,-0.6984272,-0.6984272,1,0,16,0,15.65488,15.65488,1,1,150,0,0,0,127,30,0,0,30,1,-124.6816,
64.8803,1905.488,24.75784,0.8915845,0,90.36333,24.12741,14.12004,96.71273,348.0074,221.2654,0,2,2.493013,281.69,300,0.7,0,0,41.21179,41.21179,1,1,1.011597,0.9928437,300,0.5743764,0,0,54.73686,1,0,1,1,25.33659,1.96999,0,1,270,208,0,0,0,1,1.018255,0,1,1,2,30,21.84466,1,1000,6,25,14.95274,1.2,12.99962,-0.7363386,-0.7363386,1,0,16,0,15.68908,15.68908,1,1,150,0,0,0,127,30,0,0,30,1,-125.2422,
64.9841,1907.547,24.14907,0.761908,0,90.36333,24.17641,14.19879,96.83466,344.6674,225.4807,0,2,2.479812,282.05,300,0.7,0,0,40.86243,40.86243,1,1,1.006085,0.99268,300,0.5554273,0,0,54.73686,1,0,1,1,25.41178,1.950303,0,1,270,196,0,0,0,1,1.018353,0,1,1,2,40,21.95122,1,1000,6,25,14.95377,1.2,12.99809,-0.7270546,-0.7270546,1,0,16,0,15.68083,15.68083,1,1,150,0,0,0,127,30,0,0,30,1,-125.8509,
65.0844,1896.573,23.43181,0.6723133,0,90.49919,24.12088,14.33156,96.9566,346.295,218.3089,0,2,2.418131,282.66,300,0.7,0,0,40.37699,40.37699,1,1,0.9967909,0.9928655,300,0.5327648,0,0,54.73686,1,0,1,1,25.35394,1.91711,0,1,270,216,0,0,0,1,1.018242,0,1,1,2,40,21.68675,1,1000,6,25,14.94829,1.2,13.00282,-0.6794596,-0.6794596,1,0,16,0,15.62775,15.62775,1,1,150,0,0,0,127,30,0,0,30,1,-126.5682,
65.1853,1899.335,23.48002,0.5190593,0,90.541,24.15028,14.07517,96.87531,344.8708,224.012,0,2,2.421652,282.83,300,0.7,0,0,40.37235,40.37235,1,1,1.014738,0.9927673,300,0.5337286,0,0,54.73686,1,0,1,1,25.38013,1.981207,0,1,270,216,0,0,0,1,1.018301,0,1,1,2,40,21.84466,1,1000,6,25,14.94967,1.2,13.00053,-0.6438704,-0.6438704,1,0,16,0,15.59354,15.59354,1,1,150,0,0,0,128,30,0,0,30,1,-126.52,
65.2866,1878.405,23.14852,0.3280813,0,90.33197,24.04575,14.28074,96.76353,343.8197,223.497,0,2,2.379313,282.67,300,0.7,0,0,40.44344,40.44344,1,1,1.000348,0.9931165,300,0.527566,0,0,54.73686,1,0,1,1,25.17744,1.929815,0,1,270,216,0,0,0,1,1.018091,0,1,1,2,20,21.42857,1,1000,6,25,14.9392,1.2,12.99977,-0.5210428,-0.5210428,1,0,16,0,15.46025,15.46025,1,1,150,0,0,0,127,30,0,0,30,1,-126.8515,
65.3871,1885.37,22.14797,0.2714951,0,90.45738,24.15191,14.20794,96.86515,344.1927,217.7749,0,2,2.325289,283.33,300,0.7,0,0,39.13743,39.13743,1,1,1.005444,0.9927619,300,0.4882767,0,0,54.73686,1,0,1,1,25.33695,1.948014,0,1,270,192,0,0,0,1,1.018304,0,1,1,2,20,21.58273,1,1000,6,25,14.94269,1.2,13.00069,-0.3867016,-0.3867016,1,0,16,0,15.32939,15.32939,1,1,150,0,0,0,128,30,0,0,30,1,-127.852,
65.4878,1868.81,22.56989,0.2502753,0,90.47829,24.10291,14.39016,96.83466,345.7186,222.9629,0,2,2.304865,283.49,300,0.7,0,0,39.97734,39.97734,1,1,0.9926887,0.9929255,300,0.5085732,0,0,54.73686,1,0,1,1,25.11724,1.902459,0,1,270,204,0,0,0,1,1.018206,0,1,1,2,30,21.5311,1,1000,6,25,14.93441,1.2,12.99779,-0.2966576,-0.2966576,1,0,16,0,15.23106,15.23106,1,1,150,0,0,0,127,30,0,0,30,1,-127.4301,
65.59081,1863.007,22.74468,0.9316663,0,90.48874,24.16661,14.23496,96.87531,340.344,222.1809,0,2,2.359809,282.96,300,0.7,0,0,40.30474,40.30474,1,1,1.003553,0.9927129,300,0.5167637,0,0,54.73686,1,0,1,1,25.03886,1.941261,0,1,270,208,0,0,0,1,1.018333,0,1,1,2,30,21.42857,1,1000,6,25,14.9315,1.2,12.99947,-0.1769295,-0.1769295,1,0,16,0,15.10843,15.10843,1,1,150,0,0,0,127,30,0,0,30,1,-127.2553,
65.6917,1882.176,27.19291,3.999104,0,90.49919,24.09965,14.31096,96.99725,341.7004,220.6169,0,2,3.246753,277.39,300,0.7,0,0,43.06125,70.87579,1,1,0.998233,0.9929364,300,1.085854,27.81454,0.6926636,286.4983,1,0,1,1,24.88785,1.922261,0,1,270,224,0,0,0,1,1.018199,0,1,1,2,40,21.63462,1,1000,6,25,14.94109,1.2,12.99916,-0.02372456,-0.02372456,1,0,16,0,14.96481,14.96481,1,1,150,0,0,0,127,30,0,0,30,1,-122.8071,
65.7933,1914.853,41.068,6.968052,0,90.59325,24.13721,14.14797,97.06837,348.2957,244.8787,0,2,4.930746,264.36,300,0.7,0,0,55.1695,90.43279,1,1,1.009642,0.992811,300,2.089806,35.26329,0.8015611,347.7531,1,0,1,1,24.2151,1.963008,0,1,270,208,0,0,0,1,1.018274,0,1,1,2,40,21.2766,1,1000,6,25,14.95894,1.2,13.00038,0.003961563,0.003961563,1,0,16,0,14.95487,14.95487,1,1,150,0,0,0,127,30,0,0,30,1,-108.932,
65.8951,1881.94,47.82472,4.333905,0,90.37377,24.07678,14.33248,96.84483,328.4759,245.8515,0,2,4.218681,270.63,300,0.7,0,0,60.53364,60.53364,1,1,0.9967267,0.9930128,300,1.629436,0,0,347.7531,1,0,1,1,23.4118,1.916881,0,1,270,212,0,0,0,1,1.018154,0,1,1,2,40,21.5311,1,1000,6,25,14.95637,1.2,13.00069,-0.367239,-0.367239,1,0,16,0,15.32607,15.32607,1,1,150,0,0,0,127,30,0,0,30,1,-102.1753,
65.99631,1861.389,37.08991,0.2243401,0,90.38422,24.02942,14.24549,96.84483,345.7525,236.7914,0,2,3.241918,275.95,300,0.7,0,0,51.94355,51.94355,1,1,1.002816,0.993171,300,1.086301,0,0,347.7531,1,0,1,1,23.96461,1.938628,0,1,270,208,0,0,0,1,1.018059,0,1,1,2,30,21.42857,1,1000,6,25,14.93069,1.2,12.99962,1.555969,1.555969,1,0,16,0,13.37473,13.37473,1,1,150,0,0,0,127,30,0,0,30,1,-112.9101,
66.09721,1880.524,28.89264,0.06165504,0,90.41558,24.06045,14.09074,96.93628,341.1239,229.6578,0,2,2.711089,280.93,300,0.7,0,0,44.02348,44.02348,1,1,1.013648,0.9930673,300,0.7167,0,0,347.7531,1,0,1,1,24.74148,1.977315,0,1,270,204,0,0,0,1,1.018121,0,1,1,2,30,21.47971,1,1000,6,25,14.94026,1.2,13.0013,2.854056,2.854056,1,0,16,0,12.08621,12.08621,1,1,150,0,0,0,127,30,0,0,30,1,-121.1074,
66.2005,1853.339,24.69153,0.06165504,0,90.31107,24.07189,14.39108,96.79402,330.9851,218.843,0,2,2.455674,282.26,300,0.7,0,0,42.38558,42.38558,1,1,0.9926245,0.9930291,300,0.5902287,0,0,347.7531,1,0,1,1,24.78389,1.90223,0,1,270,212,0,0,0,1,1.018144,0,1,1,2,30,21.42857,1,1000,6,25,14.92667,1.2,13.00175,2.809613,2.809613,1,0,16,0,12.11706,12.11706,1,1,150,0,0,0,128,30,0,0,30,1,-125.3085,
66.3006,1811.375,23.2992,0.06637054,0,90.30061,24.09965,14.23175,96.79402,330.1713,219.3008,0,2,2.294409,283.31,300,0.7,0,0,41.64972,41.64972,1,1,1.003777,0.9929364,300,0.5225782,0,0,347.7531,1,0,1,1,24.42741,1.942062,0,1,270,212,0,0,0,1,1.018199,0,1,1,2,10,21.68675,1,1000,6,25,14.90569,1.144277,13.00145,2.572667,2.572667,1,0,16,0,12.34158,12.34158,1,1,150,0,0,0,127,30,0,0,30,1,-126.7008,
66.4008,1767.409,22.87729,0.03100424,0,90.39468,24.09965,14.07884,96.85499,320.7107,217.9465,0,2,2.253446,284.01,300,0.7,0,0,41.64681,41.64681,1,1,1.014482,0.9929364,300,0.513837,0,0,347.7531,1,0,1,1,23.96763,1.980291,0,1,270,212,0,0,0,1,1.018199,0,1,1,2,20,21.68675,1,1000,6,25,14.88371,1.144277,13.00328,2.591404,2.591404,1,0,16,0,12.2923,12.2923,1,1,150,0,0,0,127,30,0,0,30,1,-127.1227,
66.50551,1685.393,23.4077,0.02157322,0,90.37377,24.09965,14.28852,96.80418,319.0492,222.0283,0,2,2.162921,284.58,300,0.7,0,0,43.12671,43.12671,1,1,0.9998034,0.9929364,300,0.5459368,0,0,347.7531,1,0,1,1,23.03637,1.927869,0,1,270,204,0,0,0,1,1.018199,0,1,1,2,50,21.68675,1,1000,5,27.1,14.8427,1.144277,13.00084,2.660513,2.660513,1,0,16,0,12.18218,12.18218,1,1,150,0,0,0,127,30,0,0,30,1,-126.5923,
66.60671,1607.028,24.02852,0.01921546,0,90.57235,24.15518,14.20245,97.02773,310.6228,225.4044,0,2,2.062353,285.29,300,0.7,0,0,44.60144,44.60144,1,1,1.005828,0.9927509,300,0.5536549,0,0,347.7531,1,0,1,1,22.16137,1.949387,0,1,270,208,0,0,0,1,1.01831,0,1,1,2,40,21.79177,1,1000,5,27.1,14.80351,1.090292,12.99962,2.584054,2.584054,1,0,16,0,12.21946,12.21946,1,1,150,0,0,0,128,30,0,0,30,1,-125.9715,
66.70792,1540.436,24.6614,0.02628873,0,90.46783,24.11271,14.27387,96.87531,310.2329,224.3935,0,2,2.015404,285.95,300,0.7,0,0,45.30656,45.30656,1,1,1.000829,0.9928928,300,0.5785565,0,0,347.7531,1,0,1,1,21.43329,1.931532,0,1,270,220,0,0,0,1,1.018225,0,1,1,2,30,21.22641,1,1000,5,27.1,14.77022,1.090292,13.00038,2.402506,2.402506,1,0,16,0,12.36771,12.36771,1,1,150,0,0,0,128,30,0,0,30,1,-125.3386,
66.80862,1493.726,24.97482,0.02628873,0,90.55145,24.08658,14.29814,96.89563,305.4178,224.7368,0,2,1.96674,286.19,300,0.7,0,0,44.77558,44.77558,1,1,0.9991304,0.9929801,300,0.5799809,0,0,347.7531,1,0,1,1,20.94981,1.925465,0,1,270,208,0,0,0,1,1.018173,0,1,1,2,40,21.79177,1,1000,5,27.1,14.74686,1.090292,12.99977,2.175793,2.175793,1,0,16,0,12.57107,12.57107,1,1,150,0,0,0,127,30,0,0,30,1,-125.0252,
66.91002,1434.583,25.62578,0.03571974,0,90.29016,24.10291,14.36178,96.86515,301.9082,225.0038,0,2,1.876913,286.72,300,0.7,0,0,44.25371,44.25371,1,1,0.9946756,0.9929255,300,0.5893304,0,0,347.7531,1,0,1,1,20.47666,1.909556,0,1,270,208,0,0,0,1,1.018206,0,1,1,2,40,21.47971,1,1000,5,27.1,14.71729,1.090292,13.0016,1.911949,1.911949,1,0,16,0,12.80534,12.80534,1,1,150,0,0,0,128,30,0,0,30,1,-124.3742,
67.01031,1397.299,25.68003,0.02628873,0,90.43649,24.13721,14.44968,96.80418,289.2263,226.5679,0,2,1.804844,287.15,300,0.7,0,0,43.7747,43.7747,1,1,0.9885224,0.992811,300,0.5646862,0,0,347.7531,1,0,1,1,20.17839,1.89172,0,1,270,208,0,0,0,1,1.018274,0,1,1,2,50,21.58273,1,1000,5,27.1,14.7,1.052712,13.00084,1.740617,1.740617,1,0,16,0,12.95938,12.95938,1,1,150,0,0,0,127,30,0,0,30,1,-124.32,
67.11102,1432.254,29.39894,2.131763,0,90.29016,24.05719,14.28852,96.74321,303.858,224.3553,0,2,2.601929,280.81,300,0.7,0,0,46.01674,79.48087,1,1,0.9998034,0.9930783,300,1.172614,33.46413,0.7505237,319.0446,1,0,1,1,20.37165,1.927869,0,1,270,216,0,0,0,1,1.018114,0,1,1,2,30,21.5311,1,1000,6,25,14.71613,1.052712,13.00237,1.663677,1.663677,1,0,16,0,13.05245,13.05245,1,1,150,0,0,0,128,30,0,0,30,1,-120.6011,
67.21131,1433.897,34.29319,2.308595,0,90.46783,24.10618,14.26288,96.86515,302.4847,230.1537,0,2,2.879744,279.03,300,0.7,0,0,47.96375,81.42787,1,1,1.001598,0.9929146,300,1.401161,33.46413,0.7505237,319.0446,1,0,1,1,20.08109,1.934279,0,1,270,220,0,0,0,1,1.018212,0,1,1,2,30,21.42857,1,1000,6,25,14.71695,1.052712,13.00084,1.489825,1.489825,1,0,16,0,13.22712,13.22712,1,1,150,0,0,0,128,30,0,0,30,1,-115.7068,
67.31261,1464.987,36.98744,2.478353,0,90.43649,24.06699,14.37597,96.78386,302.1286,235.3036,0,2,2.307354,283.3,300,0.7,0,0,48.73227,48.73227,1,1,0.9936821,0.9930455,300,0.9035313,0,0,319.0446,1,0,1,1,20.12289,1.906007,0,1,270,228,0,0,0,1,1.018134,0,1,1,2,30,21.84466,1,1000,6,25,14.73249,1.052712,13.00084,1.291967,1.291967,1,0,16,0,13.44053,13.44053,1,1,150,0,0,0,127,30,0,0,30,1,-113.0126,
67.41381,1404.429,39.3984,2.530223,0,90.45738,24.09312,14.14293,96.80418,303.1798,242.2847,0,2,2.258789,283.61,300,0.7,0,0,48.51251,48.51251,1,1,1.009995,0.9929582,300,0.9405705,0,0,319.0446,1,0,1,1,19.57688,1.964267,0,1,270,240,0,0,0,1,1.018186,0,1,1,2,40,21.17647,1,1000,6,25,14.70222,1.03138,13.00496,0.9092188,0.9092188,1,0,16,0,13.793,13.793,1,1,150,0,0,0,128,30,0,0,30,1,-110.6016,
67.51571,1450.887,39.55511,2.52315,0,90.43649,24.13068,14.02847,96.87531,302.5016,243.162,0,2,2.357692,283.13,300,0.7,0,0,49.04788,49.04788,1,1,1.018007,0.9928328,300,0.9531766,0,0,319.0446,1,0,1,1,19.86281,1.992882,0,1,270,236,0,0,0,1,1.018261,0,1,1,2,40,21.89781,1,1000,6,25,14.72544,1.03138,13.00084,0.7942152,0.7942152,1,0,16,0,13.93123,13.93123,1,1,150,0,0,0,127,30,0,0,30,1,-110.4449,
67.61731,1422.61,39.82635,2.534939,0,90.5201,24.08658,14.10722,96.86515,287.446,240.3582,0,2,2.335452,282.89,300,0.7,0,0,48.78215,48.78215,1,1,1.012495,0.9929801,300,0.9554896,0,0,319.0446,1,0,1,1,19.66689,1.973195,0,1,270,228,0,0,0,1,1.018173,0,1,1,2,30,21.17647,1,1000,6,25,14.71131,1.03138,13.00389,1.52572,1.52572,1,0,16,0,13.1877,13.1877,1,1,150,0,0,0,127,30,0,0,30,1,-110.1736,
67.71851,1456.24,40.68224,2.610387,0,90.37377,24.06209,14.24457,96.71273,301.7048,236.677,0,2,2.414931,283.05,300,0.7,0,0,49.30922,49.30922,1,1,1.00288,0.993062,300,0.985063,0,0,319.0446,1,0,1,1,19.82333,1.938857,0,1,270,228,0,0,0,1,1.018124,0,1,1,2,30,21.95122,1,1000,6,25,14.7343,1.03138,13.00298,1.782586,1.782586,1,0,16,0,12.95663,12.95663,1,1,150,0,0,0,127,30,0,0,30,1,-109.3178,
67.82312,1423.96,41.31512,2.553801,0,90.541,24.09312,14.19329,96.90579,301.3487,237.2301,0,2,2.361401,282.38,300,0.7,0,0,49.04501,49.04501,1,1,1.006469,0.9929582,300,0.9763802,0,0,319.0446,1,0,1,1,19.58524,1.951676,0,1,270,220,0,0,0,1,1.018186,0,1,1,2,40,21.68675,1,1000,6,25,14.72461,1.01143,13.00481,0.8607578,0.8607578,1,0,16,0,13.869,13.869,1,1,150,0,0,0,127,30,0,0,30,1,-108.6849,
67.92832,1437.401,40.50142,2.648111,0,90.38422,24.10455,14.27982,96.67208,288.2599,239.1184,0,2,2.371712,282.85,300,0.7,0,0,49.06243,49.06243,1,1,1.000412,0.99292,300,0.9575533,0,0,319.0446,1,0,1,1,19.71805,1.930044,0,1,270,212,0,0,0,1,1.018209,0,1,1,2,20,21.73913,1,1000,6,25,14.7234,1.01143,13.00298,-0.3900919,-0.3900919,1,0,16,0,15.12169,15.12169,1,1,150,0,0,0,127,30,0,0,30,1,-109.4986,
68.03252,1438.228,40.78471,2.61746,0,90.5619,24.02126,14.1205,96.83466,291.0404,236.0857,0,2,2.373076,282.68,300,0.7,0,0,49.12066,49.12066,1,1,1.011565,0.9931983,300,0.9653072,0,0,319.0446,1,0,1,1,19.70545,1.969875,0,1,270,204,0,0,0,1,1.018042,0,1,1,2,40,21.79177,1,1000,6,25,14.72646,1.01143,13.00114,-1.274546,-1.274546,1,0,16,0,16.01111,16.01111,1,1,150,0,0,0,127,30,0,0,30,1,-109.2153,
68.13622,1439.747,41.21868,2.633965,0,90.47829,24.01962,14.23358,96.74321,300.6705,236.677,0,2,2.375582,282.59,300,0.7,0,0,49.21316,49.21316,1,1,1.003649,0.9932038,300,0.9771002,0,0,319.0446,1,0,1,1,19.68756,1.941604,0,1,270,212,0,0,0,1,1.018039,0,1,1,2,30,21.58273,1,1000,6,25,14.73125,1.01143,12.99977,-1.6586,-1.6586,1,0,16,0,16.39543,16.39543,1,1,150,0,0,0,127,30,0,0,30,1,-108.7813,
68.23872,1446.62,47.94526,8.996334,0,90.45738,24.08822,14.17269,96.84483,302.2812,244.0013,0,2,3.990259,270.93,300,0.7,0,0,56.49388,102.7012,1,1,1.007912,0.9929746,300,2.334455,46.20735,0.9350181,481.2726,1,0,1,1,20.08822,1.956827,0,1,270,216,0,0,0,1,1.018176,0,1,1,2,20,21.68675,1,1000,6,25,14.79659,1,13.00298,-1.629255,-1.629255,1,0,7,0,16.4234,16.4234,1,1,150,0,0,0,127,30,0,0,30,1,-102.0547,
68.34133,1506.024,79.65545,18.1974,0,90.49919,24.02126,14.27021,96.79402,303.4511,274.958,0,2,6.802209,251.22,300,0.7,0,0,73.31065,113.1593,1,1,1.001085,0.9931983,300,4.413722,39.84863,0.5657896,215.1317,1,0,1,1,20.96541,1.932448,0,1,270,240,0,0,0,1,1.018042,0,1,1,2,30,22.33251,1,1000,6,25,14.3274,1,13.00206,-2.423802,-2.423802,1,0,7,0,16.74729,16.74729,1,1,150,0,0,0,128,30,0,0,30,1,-70.34455,
68.44193,1455.675,94.72396,29.89573,0,90.5828,24.04575,14.31966,96.85499,307.2658,290.6748,0,2,8.503566,236.96,300,0.7,0,0,78.23277,118.0814,1,1,0.997624,0.9931165,300,5.869038,39.84863,0.5657896,215.1317,1,0,1,1,19.41879,1.920086,0,1,270,308,0,0,0,1,1.018091,0,1,1,2,30,21.84466,1,1000,6,25,13.36983,1,13.00572,-3.265875,-3.265875,1,0,7,0,16.53783,16.53783,1,1,150,0,0,0,128,30,0,0,30,1,-55.27604,
68.54393,1501.276,96.33931,47.39799,0,90.44694,24.08495,14.25922,96.76353,307.7067,289.2252,0,2,9.458039,232.02,300,0.7,0,0,77.65257,125.8773,1,1,1.001854,0.9929855,300,6.419577,48.22475,0.6176161,244.2841,1,0,1,1,19.55251,1.935194,0,1,270,292,0,0,0,1,1.01817,0,1,1,2,30,22.78481,1,1000,6,25,13.25173,1,13.00481,-1.040004,-1.040004,1,0,7,0,14.20018,14.20018,1,1,150,0,0,0,127,30,0,0,30,1,-53.66069,
68.64473,1484.414,97.10479,49.38104,0,90.43649,24.04739,14.32515,96.7737,309.2495,288.2143,0,2,6.308758,252.44,300,0.7,0,0,78.16795,78.16795,1,1,0.9972395,0.993111,300,4.03509,0,0,244.2841,1,0,1,1,19.35486,1.918712,0,1,270,280,0,0,0,1,1.018095,0,1,1,2,40,22.72727,1,1000,6,25,13.19674,1,13.00114,1.132749,1.132749,1,0,8,0,11.99377,11.99377,1,1,150,0,0,0,128,30,0,0,30,1,-52.89521,
68.74512,1516.99,97.51465,53.37095,0,90.43649,24.04739,14.37643,96.61111,299.4837,302.5006,0,2,6.358717,254.06,300,0.7,0,0,77.59718,77.59718,1,1,0.9936501,0.993111,300,4.032488,0,0,244.2841,1,0,1,1,19.27825,1.905893,0,1,270,304,0,0,0,1,1.018095,0,1,1,2,30,22.95918,1,1000,6,25,13.16417,1,13.00237,3.080783,3.080783,1,0,8,0,10.08517,10.08517,1,1,150,0,0,0,128,30,0,0,30,1,-52.48535,
68.84612,1548.867,100.2873,64.32176,0,90.34242,24.05229,14.38375,96.57047,314.8954,316.4054,0,2,6.595591,251.58,300,0.7,0,0,77.58008,77.58008,1,1,0.9931373,0.9930947,300,4.20954,0,0,244.2841,1,0,1,1,17.89735,1.904062,0,1,270,284,0,0,0,1,1.018105,0,1,1,2,40,23.4375,1,1000,6,25,12.96609,1,13.00389,3.175274,3.175274,1,0,8,0,9.86694,9.86694,1,1,150,0,0,0,127,30,0,0,30,1,-49.71275,
68.94672,1565.517,99.94972,65.28591,0,90.62461,24.09965,14.28807,96.71273,314.658,311.2554,0,2,6.849136,249,300,0.7,0,0,77.4884,77.4884,1,1,0.9998354,0.9929364,300,4.186869,0,0,244.2841,1,0,1,1,18.17314,1.927983,0,1,270,272,0,0,0,1,1.018199,0,1,1,2,50,23.7467,1,1000,6,25,12.97621,1,13.0042,1.377648,1.377648,1,0,8,0,11.56787,11.56787,1,1,150,0,0,0,128,30,0,0,30,1,-50.05028,
69.04803,1588.31,99.10588,67.5213,0,90.44694,24.08495,14.18597,96.68224,319.2866,296.6068,0,2,6.816497,250.76,300,0.7,0,0,77.29366,77.29366,1,1,1.006982,0.9929855,300,4.049397,0,0,244.2841,1,0,1,1,18.74286,1.953508,0,1,270,328,0,0,0,1,1.01817,0,1,1,2,40,23.7467,1,1000,6,25,13.03682,0.9824055,13.00435,0.3803825,0.3803825,1,0,16,0,12.57474,12.57474,1,1,150,0,0,0,127,30,0,0,30,1,-50.89412,
69.14973,1619.696,101.9207,67.48322,0,90.59325,24.12578,14.24091,96.63144,323.1013,316.9203,0,2,6.951193,249.43,300,0.7,0,0,77.86926,77.86926,1,1,1.003136,0.9928491,300,4.238343,0,0,244.2841,1,0,1,1,17.46145,1.939773,0,1,270,320,0,0,0,1,1.018252,0,1,1,2,40,24.39024,1,1000,6,25,12.90405,0.9824055,13.00084,0.008938789,0.008938789,1,0,16,0,12.93738,12.93738,1,1,150,0,0,0,127,30,0,0,30,1,-48.07932,
69.25223,1633.453,99.93767,67.63557,0,90.37377,24.06372,14.23358,96.59079,315.6753,299.4678,0,2,7.064684,248.69,300,0.7,0,0,77.48562,77.48562,1,1,1.003649,0.9930564,300,4.116023,0,0,244.2841,1,0,1,1,18.55117,1.941604,0,1,270,304,0,0,0,1,1.018127,0,1,1,2,40,24.65753,1,1000,6,25,12.96594,0.9824055,13.00328,-0.2051592,-0.2051592,1,0,16,0,13.13222,13.13222,1,1,150,0,0,0,127,30,0,0,30,1,-50.06233,
69.35383,1654.077,102.3607,75.43922,0,90.81274,24.06699,14.21527,96.79402,327.8485,315.6043,0,2,7.319293,246.42,300,0.7,0,0,77.94484,77.94484,1,1,1.004931,0.9930455,300,4.267214,0,0,244.2841,1,0,1,1,17.46604,1.946183,0,1,270,332,0,0,0,1,1.018134,0,1,1,2,30,24.93075,1,1000,6,25,12.88563,0.9824055,13.00084,-0.3197451,-0.3197451,1,0,16,0,13.17944,13.17944,1,1,150,0,0,0,127,30,0,0,30,1,-47.63931,
69.45643,1683.502,103.1382,76.47003,0,90.63506,24.04575,14.08204,96.71273,320.5412,311.6751,0,2,7.323233,245.43,300,0.7,0,0,78.08109,78.08109,1,1,1.014257,0.9931165,300,4.335771,0,0,244.2841,1,0,1,1,17.28964,1.97949,0,1,270,328,0,0,0,1,1.018091,0,1,1,2,40,25.21008,1,1000,6,25,12.85803,0.986787,13.00389,-0.2301683,-0.2301683,1,0,16,0,13.14368,13.14368,1,1,150,0,0,0,128,30,0,0,30,1,-46.86178,
69.55663,1705.999,101.2516,76.96281,0,90.5828,24.06045,14.2226,96.58063,328.9506,301.1082,0,2,7.563264,245.45,300,0.7,0,0,77.72863,77.72863,1,1,1.004418,0.9930673,300,4.219601,0,0,244.2841,1,0,1,1,18.33241,1.944351,0,1,270,304,0,0,0,1,1.018121,0,1,1,2,50,25.9366,1,1000,6,25,12.91154,0.986787,13.00404,-0.2185135,-0.2185135,1,0,16,0,13.08133,13.08133,1,1,150,0,0,0,127,30,0,0,30,1,-48.74836,
69.66134,1718.705,102.0412,77.3699,0,90.61416,24.05229,14.18231,96.69241,329.2049,305.7813,0,2,7.662561,244.41,300,0.7,0,0,77.86998,77.86998,1,1,1.007239,0.9930947,300,4.268708,0,0,244.2841,1,0,1,1,18.04539,1.954424,0,1,270,304,0,0,0,1,1.018105,0,1,1,2,40,26.08696,1,1000,6,25,12.88607,0.986787,13.00404,-0.2535315,-0.2535315,1,0,16,0,13.09417,13.09417,1,1,150,0,0,0,127,30,0,0,30,1,-47.95877,
69.76624,1757.057,101.981,77.64843,0,90.541,24.05392,14.22488,96.49934,318.2184,300.4025,0,2,7.84819,245.7,300,0.7,0,0,77.85062,77.85062,1,1,1.004258,0.9930892,300,4.289247,0,0,244.2841,1,0,1,1,18.32216,1.943779,0,1,270,288,0,0,0,1,1.018108,0,1,1,2,30,26.23907,1,1000,6,25,12.88232,0.992081,13.00328,-0.1780167,-0.1780167,1,0,16,0,13.02724,13.02724,1,1,150,0,0,0,127,30,0,0,30,1,-48.01904,
69.86834,1777.356,103.0177,77.87697,0,90.59325,24.05229,14.1237,96.60095,318.5575,297.8275,0,2,7.953671,242.54,300,0.7,0,0,78.0273,78.0273,1,1,1.011341,0.9930947,300,4.353896,0,0,244.2841,1,0,1,1,18.00528,1.969074,0,1,270,296,0,0,0,1,1.018105,0,1,1,2,30,26.86567,1,1000,6,25,12.84917,0.992081,13.00084,-0.1647253,-0.1647253,1,0,16,0,13.00248,13.00248,1,1,150,0,0,0,127,30,0,0,30,1,-46.98233,
69.96873,1789.656,102.8248,77.89363,0,90.64551,24.09965,14.26746,96.57047,325.068,298.991,0,2,8.113106,242.86,300,0.7,0,0,77.98974,77.98974,1,1,1.001278,0.9929364,300,4.342027,0,0,244.2841,1,0,1,1,18.17376,1.933134,0,1,270,344,0,0,0,1,1.018199,0,1,1,2,40,27.02703,1,1000,6,25,12.85313,0.992081,13.00221,-0.1060543,-0.1060543,1,0,16,0,12.9195,12.9195,1,1,150,0,0,0,127,30,0,0,30,1,-47.17521,
70.07124,1825.928,105.4648,77.91506,0,90.76048,24.04739,14.2226,96.63144,338.1569,308.1083,0,2,8.216677,240.45,300,0.7,0,0,78.42542,78.42542,1,1,1.004418,0.993111,300,4.507886,0,0,244.2841,1,0,1,1,17.34615,1.944351,0,1,270,304,0,0,0,1,1.018095,0,1,1,2,30,27.52294,1,1000,6,25,12.77271,0.9922958,13.00374,0.02496719,0.02496719,1,0,16,0,12.79067,12.79067,1,1,150,1,65,0,127,30,0,0,30,1,-44.53521,
70.17163,1846.154,107.0138,77.87221,0,90.83363,24.06045,14.05182,96.71273,344.3961,319.2092,0,2,8.461538,237.33,300,0.7,0,0,78.67197,78.67197,1,1,1.016372,0.9930673,300,4.605014,0,0,244.2841,1,0,1,1,16.89559,1.987044,0,1,270,296,0,0,0,1,1.018121,0,1,1,2,40,27.69231,1,1000,6,25,12.72662,0.9922958,13.00328,-0.05794811,-0.05794811,1,0,16,0,12.83331,12.83331,1,1,150,1,65,0,127,30,0,0,30,1,-42.98617,
70.27184,1858.621,106.4895,78.54354,0,90.79183,24.02452,14.18643,96.62128,340.0897,322.1847,0,2,8.735518,236.74,300,0.7,0,0,78.58624,78.58624,1,1,1.00695,0.9931874,300,4.572762,0,0,244.2841,1,0,1,1,17.2135,1.953393,0,1,270,356,0,0,0,1,1.018049,0,1,1,2,40,27.86378,1,1000,6,25,12.74032,0.9922958,13.00298,-0.08898163,-0.08898163,1,0,16,0,12.80122,12.80122,1,1,150,1,65,0,127,30,0,0,30,1,-43.51054,
70.37244,1901.382,106.1037,87.32086,0,90.5619,23.99349,14.20062,96.45869,344.6674,315.1656,0,2,8.888959,236.18,300,0.7,0,0,78.54342,78.54342,1,1,1.005957,0.9932911,300,4.551531,0,0,244.2841,1,0,1,1,17.73044,1.949845,0,1,270,304,0,0,0,1,1.017987,0,1,1,2,30,28.66242,1,1000,6,25,12.74698,0.9922958,13.00328,0.01277351,0.01277351,1,0,16,0,12.70861,12.70861,1,1,150,1,65,0,127,30,0,0,30,1,-43.8963,
70.47343,1921.23,108.9245,90.94177,0,90.85454,24.00819,14.33248,96.65176,355.9082,316.4435,0,2,8.933717,234,300,0.7,0,0,79.04039,79.04039,1,1,0.9967267,0.993242,300,4.727627,0,0,244.2841,1,0,1,1,16.88239,1.916881,0,1,270,368,0,0,0,1,1.018016,0,1,1,2,30,28.75399,1,1000,6,25,12.66733,0.9914687,13.00267,0.0101614,0.0101614,1,0,16,0,12.71411,12.71411,1,1,150,1,65,0,127,30,0,0,30,1,-41.07548,
70.57533,1934.61,107.2369,91.01557,0,90.64551,24.00166,14.47486,96.47901,354.4332,318.904,0,2,9.189399,233.94,300,0.7,0,0,78.75717,78.75717,1,1,0.9867597,0.9932639,300,4.621206,0,0,244.2841,1,0,1,1,17.61333,1.887523,0,1,270,320,0,0,0,1,1.018003,0,1,1,2,40,29.12621,1,1000,6,25,12.71266,0.9914687,13.0042,-0.05338478,-0.05338478,1,0,16,0,12.72328,12.72328,1,1,150,1,65,0,127,30,0,0,30,1,-42.76315,
70.67644,1969.409,109.684,90.95844,0,90.88589,24.04739,14.20794,96.74321,357.1459,322.6234,0,2,9.436749,231.88,300,0.7,0,0,79.21036,79.21036,1,1,1.005444,0.993111,300,4.77953,0,0,244.2841,1,0,1,1,17.10663,1.948014,0,1,270,308,0,0,0,1,1.018095,0,1,1,2,30,29.70297,1,1000,6,25,12.64357,0.9914687,13.00267,-0.1335058,-0.1335058,1,0,16,0,12.787,12.787,1,1,150,1,65,0,127,30,0,0,30,1,-40.31602,
70.77754,1995.212,108.358,88.06599,0,90.87544,24.00819,14.33019,96.66192,355.1792,307.269,0,2,9.277733,230.85,300,0.7,0,0,78.99413,78.99413,1,1,0.996887,0.993242,300,4.712594,0,0,244.2841,1,0,1,1,17.80288,1.917453,0,1,270,372,0,0,0,1,1.018016,0,1,1,2,30,29.70297,1,1000,6,25,12.67747,0.9948614,13.00267,-0.02660561,-0.02660561,1,0,16,0,12.75079,12.75079,1,1,150,1,65,0,127,30,0,0,30,1,-41.64204,
70.87914,2014.504,108.5147,86.14008,0,90.50964,23.99512,14.50462,96.44853,361.1811,321.0212,0,2,9.770347,229.54,300,0.7,0,0,79.03584,79.03584,1,1,0.9846766,0.9932857,300,4.723676,0,0,244.2841,1,0,1,1,17.87477,1.882563,0,1,270,360,0,0,0,1,1.01799,0,1,1,2,40,30.30303,1,1000,6,25,12.67294,0.9948614,13.00511,-0.1707363,-0.1707363,1,0,16,0,12.79755,12.79755,1,1,150,1,65,0,127,30,0,0,30,1,-41.48534,
70.98014,2036.798,110.347,83.5333,0,90.65596,23.96899,14.49455,96.48917,362.317,322.7188,0,2,10.01426,227.23,300,0.7,0,0,79.38556,79.38556,1,1,0.9853817,0.993373,300,4.843544,0,0,244.2841,1,0,1,1,17.40971,1.884242,0,1,270,320,0,0,0,1,1.017938,0,1,1,2,30,30.61225,1,1000,6,25,12.62408,0.9948614,13.0045,-0.1427813,-0.1427813,1,0,16,0,12.7352,12.7352,1,1,150,1,65,0,127,30,0,0,30,1,-39.65301,
71.08374,2073.828,110.0336,83.28334,0,90.70822,23.99512,14.20611,96.5603,366.5726,310.9503,0,2,10.24817,225.95,300,0.7,0,0,79.35941,79.35941,1,1,1.005572,0.9932857,300,4.830931,0,0,244.2841,1,0,1,1,17.70905,1.948472,0,1,270,332,0,0,0,1,1.01799,0,1,1,2,10,31.46853,1,1000,6,25,12.63244,0.9961206,13.00328,-0.122715,-0.122715,1,0,16,0,12.70677,12.70677,1,1,150,1,65,0,127,30,0,0,30,1,-39.96643,
71.18464,2082.032,110.3711,83.32143,0,90.75002,23.97553,14.27433,96.5603,353.5346,313.6588,0,2,10.35811,224.59,300,0.7,0,0,79.42905,79.42905,1,1,1.000797,0.9933512,300,4.853594,0,0,244.2841,1,0,1,1,17.64779,1.931417,0,1,270,352,0,0,0,1,1.017951,0,1,1,2,20,31.57895,1,1000,6,25,12.62344,0.9961206,13.00511,-0.09786701,-0.09786701,1,0,16,0,12.66826,12.66826,1,1,150,1,65,0,127,30,0,0,30,1,-39.6289,
71.28574,2123.292,109.6056,83.42856,0,90.70822,23.97063,14.1031,96.52982,357.5528,312.0375,0,2,10.52799,227.06,300,0.7,0,0,79.3197,79.3197,1,1,1.012783,0.9933676,300,4.800095,0,0,244.2841,1,0,1,1,18.10788,1.974225,0,1,270,356,0,0,0,1,1.017941,0,1,1,2,20,32.02847,1,1000,6,25,12.64385,0.994988,13.00496,0.04750919,0.04750919,1,0,16,0,12.53623,12.53623,1,1,150,1,65,0,127,30,0,0,30,1,-40.39438,
71.38654,2152.544,111.5043,83.44046,0,90.89635,23.99512,14.34713,96.60095,365.9792,312.3236,0,2,10.4219,224.33,300,0.7,0,0,79.70742,79.70742,1,1,0.9957012,0.9932857,300,4.926674,0,0,244.2841,1,0,1,1,17.71689,1.913218,0,1,270,336,0,0,0,1,1.01799,0,1,1,2,30,32.49097,1,1000,6,25,12.59322,0.994988,13.00511,0.1976719,0.1976719,1,0,16,0,12.44184,12.44184,1,1,150,1,65,0,127,30,0,0,30,1,-38.49574,
71.48704,2167.317,115.0062,83.8166,0,91.01131,23.99512,14.29264,96.73305,369.8956,321.6697,0,2,10.85465,219.2,300,0.7,0,0,80.39767,80.39767,1,1,0.9995149,0.9932857,300,5.16368,0,0,244.2841,1,0,1,1,16.96713,1.926839,0,1,270,300,0,0,0,1,1.01799,0,1,1,2,30,32.49097,1,1000,6,25,12.49988,0.994988,13.00328,0.1987162,0.1987162,1,0,16,0,12.35914,12.35914,1,1,150,1,65,0,127,30,0,0,30,1,-34.99382,
71.58914,2208.156,113.2643,83.56902,0,90.79183,23.9298,14.26929,96.57047,362.0288,317.359,0,2,11.3168,217.91,300,0.7,0,0,80.1066,80.1066,1,1,1.001149,0.993504,300,5.024577,0,0,244.2841,1,0,1,1,17.63258,1.932676,0,1,270,336,0,0,0,1,1.01786,0,1,1,2,30,33.08823,1,1000,6,25,12.54629,0.9902191,13.00725,0.1884804,0.1884804,1,0,16,0,12.3073,12.3073,1,1,150,1,65,0,127,30,0,0,30,1,-36.73573,
71.68944,2223.21,115.187,56.58001,0,90.95905,23.96736,14.41488,96.64159,377.6269,317.5117,0,2,10.96784,218.42,300,0.7,0,0,80.49768,80.49768,1,1,0.9909581,0.9933785,300,5.155104,0,0,244.2841,1,0,1,1,17.29839,1.897519,0,1,270,352,0,0,0,1,1.017935,0,1,1,2,40,33.21033,1,1000,6,25,12.49626,0.9902191,13.00618,0.3390493,0.3390493,1,0,16,0,12.24388,12.24388,1,1,150,1,65,0,127,30,0,0,30,1,-34.813,
71.79144,2251.914,112.7821,32.02399,0,90.76048,23.96899,14.27387,96.55014,362.2661,317.2065,0,2,11.30165,216.89,300,0.7,0,0,80.07008,80.07008,1,1,1.000829,0.993373,300,4.995511,0,0,244.2841,1,0,1,1,18.00463,1.931532,0,1,270,324,0,0,0,1,1.017938,0,1,1,2,30,33.45725,1,1000,6,25,12.55914,0.9902191,13.00511,0.4132652,0.4132652,1,0,16,0,12.12048,12.12048,1,1,150,1,65,0,127,30,0,0,30,1,-37.21794,
71.89164,2261.761,96.74314,8.484503,0,90.91724,23.90367,14.37643,96.63144,374.1682,305.7622,0,2,9.084742,232.99,300,0.7,0,0,76.57809,76.57809,1,1,0.9936501,0.9935915,300,3.854534,0,0,244.2841,1,0,1,1,22.5975,1.905893,0,1,270,296,0,0,0,1,1.017807,0,1,1,2,20,34.09091,1,1000,6,25,13.19312,0.9782649,13.00648,1.229238,1.229238,1,0,16,0,11.99534,11.99534,1,1,150,0,0,0,127,30,0,0,30,1,-53.25686,
71.99264,2257.506,62.79679,0.5638566,0,90.72912,23.95103,14.24503,96.41805,368.5393,261.5301,0,2,5.624953,258.81,300,0.7,0,0,63.92559,63.92559,1,1,1.002848,0.9934331,300,1.8582,0,0,244.2841,1,0,1,1,27.93893,1.938743,0,1,270,284,0,0,0,1,1.017902,0,1,1,2,20,34.09091,1,1000,6,25,14.8281,0.9782649,13.00481,3.290215,3.290215,1,0,16,0,11.46754,11.46754,1,1,150,0,0,0,127,30,0,0,30,1,-87.2032,
72.09594,2263.809,41.60443,0.03571974,0,90.48874,23.87754,14.30684,96.58063,377.5421,243.9822,0,2,3.546635,274.11,300,0.7,0,0,45.89067,45.89067,1,1,0.9985214,0.9936789,300,0.7995635,0,0,244.2841,1,0,1,1,29.63746,1.923291,0,1,270,208,0,0,0,1,1.017755,0,1,1,2,30,34.22053,1,1000,6,25,15,0.8952127,13.0071,4.152612,4.152612,1,0,16,0,10.84739,10.84739,1,1,150,0,0,0,127,30,0,0,30,1,-108.3956,
72.20004,2303.794,31.16497,0.05458177,0,90.64551,23.95919,14.38741,96.46885,373.5239,233.2246,0,2,2.726156,280.44,300,0.7,0,0,33.56328,33.56328,1,1,0.9928809,0.9934058,300,0.4379961,0,0,244.2841,1,0,1,1,30.85521,1.903146,0,1,270,224,0,0,0,1,1.017918,0,1,1,2,20,34.74903,1,1000,6,25,15,0.8952127,13.00694,4.788221,4.788221,1,0,16,0,10.21178,10.21178,1,1,150,0,0,0,127,30,0,0,30,1,-118.835,
72.30093,2263.468,26.114,0.03336199,0,90.88589,23.94286,14.14751,96.63144,374.982,226.8158,0,2,2.565263,281.52,300,0.7,0,0,33.23932,33.23932,1,1,1.009674,0.9934604,300,0.3634752,0,0,244.2841,1,0,1,1,30.44281,1.963122,0,1,270,208,0,0,0,1,1.017886,0,1,1,2,50,34.35114,1,1000,6,25,15,0.8952127,13.00526,5.225245,5.225245,1,0,16,0,9.774755,9.774755,1,1,150,0,0,0,127,30,0,0,30,1,-123.886,
72.40183,2239.307,23.38359,0.0640128,0,90.87544,23.97879,14.31508,96.38756,371.8624,219.4534,0,2,2.407255,282.27,300,0.7,0,0,32.8851,32.8851,1,1,0.9979447,0.9933403,300,0.2877408,0,0,244.2841,1,0,1,1,30.20646,1.921231,0,1,270,224,0,0,0,1,1.017958,0,1,1,2,20,33.58209,1,1000,6,25,15,0.8,13.00572,5.424978,5.424978,1,0,16,0,9.575022,9.575022,1,1,150,0,0,0,127,30,0,0,30,1,-126.6164,
72.50454,2306.982,22.82304,0.05458177,0,90.65596,23.8906,14.12233,96.45869,370.7264,224.1264,0,2,2.441556,282.64,300,0.7,0,0,32.52408,32.52408,1,1,1.011437,0.9936352,300,0.2777943,0,0,244.2841,1,0,1,1,31.27933,1.969418,0,1,270,220,0,0,0,1,1.017781,0,1,1,2,30,34.09091,1,1000,6,25,15,0.8,13.00389,5.178583,5.178583,1,0,16,0,9.821417,9.821417,1,1,150,0,0,0,127,30,0,0,30,1,-127.177,
72.60694,2254.792,22.22632,0.007426695,0,90.91724,23.91673,14.06739,96.61111,375.9823,220.8076,0,2,2.367531,282.51,300,0.7,0,0,31.56229,31.56229,1,1,1.015283,0.9935479,300,0.2625217,0,0,244.2841,1,0,1,1,30.50744,1.983153,0,1,270,224,0,0,0,1,1.017833,0,1,1,2,40,33.83459,1,1000,6,25,15,0.8,13.0045,4.806147,4.806147,1,0,16,0,10.19385,10.19385,1,1,150,0,0,0,127,30,0,0,30,1,-127.7737,
72.70694,2244.669,21.62358,0.002711187,0,90.89635,23.92327,14.33248,96.63144,368.4037,217.3171,0,2,2.338197,283.05,300,0.7,0,0,31.05245,31.05245,1,1,0.9967267,0.9935259,300,0.2512746,0,0,244.2841,1,0,1,1,30.38592,1.916881,0,1,270,204,0,0,0,1,1.017846,0,1,1,2,40,33.83459,1,1000,6,25,15,0.8,13.00328,4.237778,4.237778,1,0,16,0,10.76222,10.76222,1,1,150,0,0,0,127,30,0,0,30,1,-128.3764,
72.81114,2269.976,21.76824,0.02393097,0,91.00085,23.96899,14.12279,96.66192,377.2708,222.7531,0,2,2.364558,283.08,300,0.7,0,0,31.22551,31.22551,1,1,1.011405,0.993373,300,0.254349,0,0,244.2841,1,0,1,1,30.76177,1.969303,0,1,270,240,0,0,0,1,1.017938,0,1,1,2,50,34.22053,1,1000,6,25,15,0.8,13.00572,3.004658,3.004658,1,0,16,0,11.99534,11.99534,1,1,150,0,0,0,127,30,0,0,30,1,-128.2318,
72.91274,2205.072,21.54523,0.05222402,0,90.73957,23.9053,14.20657,96.55014,377.8812,219.1291,0,2,2.29695,283.31,300,0.7,0,0,31.79875,31.79875,1,1,1.00554,0.993586,300,0.2563877,0,0,244.2841,1,0,1,1,29.79162,1.948357,0,1,270,232,0,0,0,1,1.017811,0,1,1,2,30,33.45725,1,1000,6,25,15,0.8,13.0103,0.6428509,0.6428509,1,0,16,0,14.35715,14.35715,1,1,150,0,0,0,127,30,0,0,30,1,-128.4548,
73.01434,2218.443,21.61153,0,0,90.84409,23.9543,14.0303,96.67208,368.8784,222.6768,0,2,2.329365,283.05,300,0.7,0,0,31.58648,31.58648,1,1,1.017879,0.9934222,300,0.2554423,0,0,244.2841,1,0,1,1,29.98974,1.992424,0,1,270,232,0,0,0,1,1.017909,0,1,1,2,20,33.21033,1,1000,6,25,15,0.8,13.00542,-4.870184,-4.870184,1,0,16,0,19.87018,19.87018,1,1,150,0,0,0,127,30,0,0,30,1,-128.3885,
73.11604,2175.49,21.0329,0.0687283,0,90.70822,23.86447,14.28486,96.42821,373.5578,216.0964,0,2,2.266135,283.32,300,0.7,0,0,31.89603,31.89603,1,1,1.00006,0.9937226,300,0.251071,0,0,244.2841,1,0,1,1,29.38005,1.928785,0,1,270,224,0,0,0,1,1.017729,0,1,1,2,30,32.84671,1,1000,6,25,15,0.8,13.01198,-12.00142,-12.00142,1,0,16,0,27.00142,27.00142,1,1,150,0,0,0,128,30,0,0,30,1,-128.9671,
73.22155,2143.163,21.36441,0.03336199,0,90.79183,23.8906,14.4158,96.5603,370.7264,222.5242,0,2,2.428918,282.83,300,0.7,0,0,32.89951,32.89951,1,1,0.990894,0.9936352,300,0.3766846,0,0,244.2841,1,0,1,1,28.86959,1.897366,0,1,270,228,0,0,0,1,1.017781,0,1,1,2,30,32.3741,1,1000,6,25,15,1.145626,13.00816,-20.11399,-20.11399,1,0,16,0,35.11399,35.11399,1,1,150,0,0,0,127,30,0,0,30,1,-128.6356,
73.32345,2132.045,20.76769,0.04515076,0,90.91724,23.89713,14.27525,96.66192,362.4526,216.5541,0,2,2.434084,282.31,300,0.7,0,0,32.51396,32.51396,1,1,1.000733,0.9936134,300,0.3618694,0,0,244.2841,1,0,1,1,28.74899,1.931188,0,1,270,224,0,0,0,1,1.017794,0,1,1,2,40,32.14286,1,1000,6,25,15,1.145626,13.00648,-30.69326,-30.69326,1,0,16,0,45.69326,45.69326,1,1,150,0,0,0,127,30,0,0,30,1,-129.2323,
73.42535,2080.588,20.25536,0.02628873,0,90.90679,23.8906,14.32515,96.71273,360.5537,217.3552,0,2,2.358,282.72,300,0.7,0,0,33.02135,33.02135,1,1,0.9972395,0.9936352,300,0.3584532,0,0,244.2841,1,0,1,1,28.02575,1.918712,0,1,270,220,0,0,0,1,1.017781,0,1,1,2,40,31.25,1,1000,6,25,15,1.145626,13.00572,-46.24852,-46.24852,1,0,16,0,61.24852,61.24852,1,1,150,0,0,0,127,30,0,0,30,1,-129.7446,
73.52705,2077.418,20.12276,0.02864648,0,90.77093,23.9151,14.29402,96.74321,366.1826,216.8784,0,2,2.389031,282.7,300,0.7,0,0,32.94474,32.94474,1,1,0.9994188,0.9935533,300,0.3721301,0,0,244.2841,1,0,1,1,27.99071,1.926496,0,1,270,216,0,0,0,1,1.01783,0,1,1,2,40,31.46853,1,1000,6,25,15,1.2,13.00572,-49.60832,-49.60832,1,0,16,0,64.60832,64.60832,1,1,150,0,0,0,128,30,0,0,30,1,-129.8772,
73.62885,2030.594,20.26742,0.06165504,0,90.84409,23.83017,14.05274,96.65176,360.1299,216.001,0,2,2.369027,282.61,300,0.7,0,0,34.04084,34.04084,1,1,1.016308,0.9938374,300,0.3873215,0,0,244.2841,1,0,1,1,27.2826,1.986815,0,1,270,220,0,0,0,1,1.01766,0,1,1,2,30,30.71672,1,1000,6,25,15,1.2,13.00832,-51.45996,-51.45996,1,0,16,0,66.45996,66.45996,1,1,150,0,0,0,128,30,0,0,30,1,-129.7326,
73.73105,2015.181,20.17098,0.05458177,0,90.66641,23.83834,14.2551,96.58063,352.9412,216.4206,0,2,2.334251,283.16,300,0.7,0,0,34.24609,34.24609,1,1,1.002143,0.9938101,300,0.3877983,0,0,244.2841,1,0,1,1,27.06384,1.936225,0,1,270,228,0,0,0,1,1.017677,0,1,1,2,30,30.10033,1,1000,6,25,15,1.2,13.00938,-54.98402,-54.98402,1,0,16,0,69.98402,69.98402,1,1,150,0,0,0,127,30,0,0,30,1,-129.829,
73.83555,1981.768,20.22523,0.05693953,0,90.83363,23.8906,14.22809,96.5603,347.9905,217.4697,0,2,2.328577,282.65,300,0.7,0,0,34.97737,34.97737,1,1,1.004034,0.9936352,300,0.3973568,0,0,244.2841,1,0,1,1,26.62031,1.942978,0,1,270,240,0,0,0,1,1.017781,0,1,1,2,20,30.10033,1,1000,6,25,14.99088,1.2,13.00603,-36.49181,-36.49181,1,0,16,0,51.48269,51.48269,1,1,150,0,0,0,128,30,0,0,30,1,-129.7748,
73.93655,1973.165,20.5266,0.02628873,0,90.87544,23.90203,14.21481,96.73305,351.0423,221.0365,0,2,2.285583,283.9,300,0.7,0,0,35.48528,35.48528,1,1,1.004963,0.993597,300,0.4092445,0,0,244.2841,1,0,1,1,26.4894,1.946297,0,1,270,232,0,0,0,1,1.017804,0,1,1,2,40,29.5082,1,1000,6,25,14.98658,1.2,13.00389,-19.96053,-19.96053,1,0,16,0,34.94711,34.94711,1,1,150,0,0,0,127,30,0,0,30,1,-129.4734,
74.03735,1945.021,20.36988,0.03571974,0,90.89635,23.8906,14.34026,96.61111,346.0237,213.6549,0,2,2.285399,283.64,300,0.7,0,0,35.87934,35.87934,1,1,0.996182,0.9936352,300,0.4110227,0,0,244.2841,1,0,1,1,26.17783,1.914935,0,1,270,212,0,0,0,1,1.017781,0,1,1,2,40,29.41176,1,1000,6,25,14.97251,1.2,13.00511,-15.01423,-15.01423,1,0,16,0,29.98347,29.98347,1,1,150,0,0,0,127,30,0,0,30,1,-129.6301,
74.13805,1897.773,20.9003,0.04986627,0,90.84409,23.90203,14.41168,96.63144,339.5132,220.5978,0,2,2.245698,283.91,300,0.7,0,0,37.44258,37.44258,1,1,0.9911824,0.993597,300,0.4407879,0,0,244.2841,1,0,1,1,25.58289,1.898053,0,1,270,212,0,0,0,1,1.017804,0,1,1,2,30,28.57143,1,1000,6,25,14.94889,1.2,13.00557,-12.65765,-12.65765,1,0,16,0,27.60654,27.60654,1,1,150,0,0,0,127,30,0,0,30,1,-129.0997,
74.23945,1881.94,21.35235,0.02628873,0,90.71867,23.84161,14.35811,96.71273,342.226,222.4098,0,2,2.27401,283.56,300,0.7,0,0,38.28937,38.28937,1,1,0.9949321,0.9937991,300,0.4607892,0,0,244.2841,1,0,1,1,25.36347,1.910472,0,1,270,208,0,0,0,1,1.017683,0,1,1,2,40,28.30189,1,1000,6,25,14.94097,1.2,13.00816,-9.46325,-9.46325,1,0,16,0,24.40422,24.40422,1,1,150,0,0,0,128,30,0,0,30,1,-128.6476,
74.34005,1847.86,21.29208,0.05222402,0,90.96951,23.85794,14.2226,96.67208,335.3085,218.2517,0,2,2.263628,283.55,300,0.7,0,0,38.90448,38.90448,1,1,1.004418,0.9937445,300,0.4673924,0,0,244.2841,1,0,1,1,24.97861,1.944351,0,1,270,196,0,0,0,1,1.017716,0,1,1,2,30,27.86378,1,1000,6,25,14.92393,1.2,13.00771,-7.512254,-7.512254,1,0,16,0,22.43618,22.43618,1,1,150,0,0,0,127,30,0,0,30,1,-128.7079,
74.44075,1828.599,21.61756,0.0640128,0,90.9277,23.83834,14.28303,96.66192,340.0558,218.5378,0,2,2.240034,283.62,300,0.7,0,0,39.51003,39.51003,1,1,1.000188,0.9938101,300,0.4822478,0,0,244.2841,1,0,1,1,24.73541,1.929242,0,1,270,208,0,0,0,1,1.017677,0,1,1,2,30,27.60736,1,1000,6,25,14.9143,1.2,13.00893,-6.081653,-6.081653,1,0,16,0,20.99595,20.99595,1,1,150,0,0,0,127,30,0,0,30,1,-128.3824,
74.54115,1818.623,21.98523,0.007426695,0,90.91724,23.8514,14.18093,96.63144,339.1742,221.7613,0,2,2.258123,283.69,300,0.7,0,0,40.05149,40.05149,1,1,1.007335,0.9937663,300,0.4973285,0,0,244.2841,1,0,1,1,24.59689,1.954767,0,1,270,208,0,0,0,1,1.017703,0,1,1,2,30,27.43903,1,1000,6,25,14.90931,1.2,13.00694,-5.126427,-5.126427,1,0,16,0,20.03574,20.03574,1,1,150,0,0,0,127,30,0,0,30,1,-128.0148,
74.64155,1793.937,22.60003,0.04986627,0,90.73957,23.81221,14.33064,96.55014,335.5798,220.7504,0,2,2.242421,283.94,300,0.7,0,0,41.03773,41.03773,1,1,0.996855,0.9938976,300,0.5242875,0,0,244.2841,1,0,1,1,24.27949,1.917339,0,1,270,204,0,0,0,1,1.017624,0,1,1,2,30,26.86567,1,1000,6,25,14.89697,1.2,13.00664,-4.019621,-4.019621,1,0,16,0,18.91659,18.91659,1,1,150,0,0,0,127,30,0,0,30,1,-127.4,
74.74184,1775.253,22.49153,0.05458177,0,90.90679,23.79261,14.36864,96.65176,337.0718,219.4915,0,2,2.248654,283.51,300,0.7,0,0,41.12276,41.12276,1,1,0.9941949,0.9939631,300,0.5231941,0,0,244.2841,1,0,1,1,24.07743,1.907839,0,1,270,208,0,0,0,1,1.017585,0,1,1,2,20,26.62722,1,1000,6,25,14.88763,1.2,13.00633,-3.000872,-3.000872,1,0,16,0,17.8885,17.8885,1,1,150,0,0,0,127,30,0,0,30,1,-127.5085,
74.84194,1782.002,22.75674,0.04043525,0,90.73957,23.79914,14.44236,96.5603,335.7832,218.08,0,2,2.257202,283.88,300,0.7,0,0,41.34908,41.34908,1,1,0.9890351,0.9939412,300,0.5321511,0,0,244.2841,1,0,1,1,24.13686,1.892941,0,1,270,204,0,0,0,1,1.017598,0,1,1,2,30,26.86567,1,1000,6,25,14.891,1.2,13.00816,-2.323837,-2.323837,1,0,16,0,17.21484,17.21484,1,1,150,0,0,0,128,30,0,0,30,1,-127.2433,
74.94205,1776.83,22.78687,0.04515076,0,90.76048,23.83834,14.3691,96.61111,330.3239,218.8621,0,2,2.250651,283.98,300,0.7,0,0,41.44051,41.44051,1,1,0.9941629,0.9938101,300,0.5340976,0,0,244.2841,1,0,1,1,24.07755,1.907724,0,1,270,212,0,0,0,1,1.017677,0,1,1,2,30,26.78572,1,1000,6,25,14.88842,1.2,13.00923,-1.659587,-1.659587,1,0,16,0,16.548,16.548,1,1,150,0,0,0,127,30,0,0,30,1,-127.2131,
75.04225,1775.463,22.90139,0.05458177,0,90.77093,23.79588,14.36178,96.66192,326.3905,217.4697,0,2,2.293307,283.65,300,0.7,0,0,41.58558,41.58558,1,1,0.9946756,0.9939522,300,0.5387176,0,0,244.2841,1,0,1,1,24.05559,1.909556,0,1,270,204,0,0,0,1,1.017592,0,1,1,2,30,26.54867,1,1000,6,25,14.88773,1.2,13.00816,-0.988905,-0.988905,1,0,16,0,15.87664,15.87664,1,1,150,0,0,0,127,30,0,0,30,1,-127.0986,
75.14435,1756.337,23.06413,0.02628873,0,90.79183,23.83834,14.20794,96.65176,326.187,217.0119,0,2,2.297875,283.55,300,0.7,0,0,41.97885,41.97885,1,1,1.005444,0.9938101,300,0.547996,0,0,244.2841,1,0,1,1,23.8345,1.948014,0,1,270,200,0,0,0,1,1.017677,0,1,1,2,20,26.47059,1,1000,6,25,14.87817,1.2,13.00999,-0.445694,-0.445694,1,0,16,0,15.32386,15.32386,1,1,150,0,0,0,127,30,0,0,30,1,-126.9359,
75.24435,1766.16,23.17866,0.02864648,0,90.78138,23.73381,14.11455,96.73305,335.0542,218.9956,0,2,2.296009,283.51,300,0.7,0,0,42.00116,42.00116,1,1,1.011982,0.9941599,300,0.5509086,0,0,244.2841,1,0,1,1,23.93659,1.971363,0,1,270,208,0,0,0,1,1.017468,0,1,1,2,30,26.70623,1,1000,6,25,14.88308,1.2,13.0074,0.07768059,0.07768059,1,0,16,0,14.8054,14.8054,1,1,150,0,0,0,128,30,0,0,30,1,-126.8213,
75.34705,1756.749,23.35948,0.02393097,0,90.75002,23.78444,14.04999,96.73305,331.5955,222.6577,0,2,2.298413,283.57,300,0.7,0,0,42.30675,42.30675,1,1,1.016501,0.9939904,300,0.559383,0,0,244.2841,1,0,1,1,23.8228,1.987502,0,1,270,212,0,0,0,1,1.017569,0,1,1,2,30,26.54867,1,1000,6,25,14.87838,1.2,13.0132,0.4711256,0.4711256,1,0,16,0,14.40725,14.40725,1,1,150,0,0,0,127,30,0,0,30,1,-126.6405,
75.44965,1753.463,23.38961,0.05222402,0,90.79183,23.81874,14.2226,96.67208,333.9521,225.0801,0,2,2.279502,283.71,300,0.7,0,0,42.37595,42.37595,1,1,1.004418,0.9938756,300,0.5551499,0,0,244.2841,1,0,1,1,23.78504,1.944351,0,1,270,200,0,0,0,1,1.017637,0,1,1,2,40,26.47059,1,1000,6,25,14.87673,1.187368,13.00816,0.8089085,0.8089085,1,0,16,0,14.06782,14.06782,1,1,150,0,0,0,127,30,0,0,30,1,-126.6104,
75.55456,1743.781,23.16057,0,0,91.04266,23.77954,14.24869,96.85499,321.8806,218.2326,0,2,2.266915,283.45,300,0.7,0,0,42.22369,42.22369,1,1,1.002592,0.9940069,300,0.5479467,0,0,244.2841,1,0,1,1,23.69061,1.937827,0,1,270,208,0,0,0,1,1.017559,0,1,1,2,40,26.08696,1,1000,6,25,14.87189,1.187368,13.0106,1.131944,1.131944,1,0,16,0,13.73995,13.73995,1,1,150,0,0,0,128,30,0,0,30,1,-126.8394,
75.65656,1713.307,23.56441,0.0380775,0,90.96951,23.84977,14.19329,96.80418,331.2395,223.0583,0,2,2.241576,283.72,300,0.7,0,0,43.00009,43.00009,1,1,1.006469,0.9937719,300,0.5682784,0,0,244.2841,1,0,1,1,23.33581,1.951676,0,1,270,220,0,0,0,1,1.017699,0,1,1,2,30,26.08696,1,1000,6,25,14.85665,1.187368,13.00786,1.270244,1.270244,1,0,16,0,13.58641,13.58641,1,1,150,0,0,0,127,30,0,0,30,1,-126.4356,
75.75845,1718.705,23.64879,0.02864648,0,90.87544,23.82527,14.17498,96.69241,327.4417,223.4207,0,2,2.219994,283.79,300,0.7,0,0,43.03593,43.03593,1,1,1.007751,0.9938537,300,0.5574876,0,0,244.2841,1,0,1,1,23.39097,1.956255,0,1,270,224,0,0,0,1,1.01765,0,1,1,2,50,25.64103,1,1000,6,25,14.85935,1.159869,13.0103,1.396893,1.396893,1,0,16,0,13.46246,13.46246,1,1,150,0,0,0,127,30,0,0,30,1,-126.3512,
75.86015,1690.712,23.93811,0.02628873,0,90.87544,23.78608,14.32835,96.72289,321.1346,224.5651,0,2,2.169748,284.53,300,0.7,0,0,43.64879,43.64879,1,1,0.9970152,0.993985,300,0.5729151,0,0,244.2841,1,0,1,1,23.07312,1.917911,0,1,270,212,0,0,0,1,1.017572,0,1,1,2,30,25.35211,1,1000,5,27.1,14.84536,1.159869,13.00755,1.450229,1.450229,1,0,16,0,13.39513,13.39513,1,1,150,0,0,0,127,30,0,0,30,1,-126.0619,
75.96236,1693.576,23.63674,0.04515076,0,90.91724,23.78608,14.10997,96.63144,323.5591,219.1672,0,2,2.229875,284.09,300,0.7,0,0,43.28934,43.28934,1,1,1.012302,0.993985,300,0.5609897,0,0,244.2841,1,0,1,1,23.11675,1.972508,0,1,270,212,0,0,0,1,1.017572,0,1,1,2,40,25.71428,1,1000,5,27.1,14.84679,1.159869,13.01076,1.557757,1.557757,1,0,16,0,13.28903,13.28903,1,1,150,0,0,0,127,30,0,0,30,1,-126.3633,
76.06466,1683.029,24.42633,0.03571974,0,90.86499,23.80731,14.16399,96.81434,326.3566,224.012,0,2,2.230014,283.87,300,0.7,0,0,44.00091,44.00091,1,1,1.008521,0.9939139,300,0.5894507,0,0,244.2841,1,0,1,1,22.97046,1.959002,0,1,270,220,0,0,0,1,1.017615,0,1,1,2,40,25.35211,1,1000,5,27.1,14.84152,1.159869,13.00816,1.637315,1.637315,1,0,16,0,13.2042,13.2042,1,1,150,0,0,0,127,30,0,0,30,1,-125.5737,
76.16636,1684.069,24.57701,0.03336199,0,90.95905,23.83834,14.3691,96.58063,324.2203,226.606,0,2,2.203323,284.39,300,0.7,0,0,44.06271,44.06271,1,1,0.9941629,0.9938101,300,0.5772065,0,0,244.2841,1,0,1,1,22.9757,1.907724,0,1,270,216,0,0,0,1,1.017677,0,1,1,2,40,25.2809,1,1000,5,27.1,14.84203,1.127318,13.00832,1.651129,1.651129,1,0,16,0,13.19091,13.19091,1,1,150,0,0,0,128,30,0,0,30,1,-125.423,
76.26856,1660.946,25.68003,6.849022,0,90.93815,23.78608,14.1237,96.67208,315.7261,224.1646,0,2,2.200753,283.94,300,0.7,0,0,44.80782,44.80782,1,1,1.011341,0.993985,300,0.6138334,0,0,244.2841,1,0,1,1,22.68947,1.969074,0,1,270,232,0,0,0,1,1.017572,0,1,1,2,20,25.21008,1,1000,6,25,14.83047,1.127318,13.00801,1.671659,1.671659,1,0,16,0,13.15881,13.15881,1,1,150,0,0,0,127,30,0,0,30,1,-124.32,
76.37246,1612.383,87.58148,54.77075,0,91.06357,23.8563,14.22672,96.93628,329.8153,300.9556,0,2,10.60142,220.25,300,0.7,0,0,74.63419,136.9652,1,1,1.00413,0.99375,300,6.836451,62.33102,1.391075,1466.529,1,0,1,1,20.8869,1.943321,0,1,270,216,0,0,0,1,1.017713,0,1,1,2,10,25.21008,1,1000,6,25,13.88051,1.127318,13.00755,0.7480211,0.7480211,1,0,16,0,13.09921,13.09921,1,1,150,0,0,0,128,30,0,0,30,1,-62.41852,
76.47526,2335.176,92.13821,38.28977,0,90.9486,23.74851,14.16033,96.80418,381.2043,293.5359,0,2,10.7689,212.75,300,0.7,0,0,75.71667,102.8731,1,1,1.008777,0.9941108,300,4.888706,27.15642,0.3636841,121.228,1,0,1,1,23.7957,1.959917,0,1,270,264,0,0,0,1,1.017497,0,1,1,2,30,25.21008,1,1000,6,25,13.60756,1,13.00938,-0.4801254,-0.4801254,1,0,8,0,13.96183,13.96183,1,1,150,0,0,0,127,30,0,0,30,1,-57.86179,
76.57576,2897.991,56.32938,0.09466359,0,90.96951,23.80078,14.37643,96.65176,397.1754,254.6826,0,2,6.882729,248.84,300,0.7,0,0,65.44249,65.44249,1,1,0.9936501,0.9939358,300,1.731972,0,0,121.228,1,0,1,1,35.8746,1.905893,0,1,270,240,0,0,0,1,1.017601,0,1,1,2,30,25.21008,1,1000,6,25,14.93671,1,13.00999,3.844533,3.844533,1,0,8,0,11.06475,11.06475,1,1,150,0,0,0,127,30,0,0,30,1,-93.67062,
76.67686,3101.416,29.55565,0.02628873,0,90.95905,23.76484,14.27937,96.75337,408.3484,229.3526,0,2,3.87677,272.11,300,0.7,0,0,39.01496,39.01496,1,1,1.000444,0.9940561,300,0.4932976,0,0,121.228,1,0,1,1,39.81395,1.930158,0,1,272.0283,240,0,0,0,1,1.01753,0,1,1,2,20,25.2809,1,1000,6,25,15,0.914336,13.00694,4.493591,4.493591,1,0,16,0,10.50641,10.50641,1,1,150,0,0,0,127,30,0,0,30,1,-120.4444,
76.77786,3120.449,20.99071,0.04043525,0,90.90679,23.78771,14.14431,96.62128,400.295,218.9956,0,2,3.354483,276.06,300,0.7,0,0,31.69571,31.69571,1,1,1.009899,0.9939795,300,0.2846105,0,0,121.228,1,0,1,1,39.36996,1.963924,0,1,272.409,288,0,0,0,1,1.017575,0,1,1,2,20,25.35211,1,1000,6,25,15,0.914336,13.01045,5.225245,5.225245,1,0,16,0,9.774755,9.774755,1,1,150,0,0,0,126,30,0,0,30,1,-129.0093,
76.87836,2959.456,18.63399,0.05222402,0,90.87544,23.74198,14.29585,96.68224,393.8862,216.268,0,2,3.082766,277.87,300,0.7,0,0,30.64568,30.64568,1,1,0.9992906,0.9941326,300,0.2671902,0,0,121.228,1,0,1,1,38.76691,1.926038,0,1,270,260,0,0,0,1,1.017484,0,1,1,2,20,25,1,1000,6,25,15,1,13.0106,5.445001,5.445001,1,0,6,0,9.554999,9.554999,1,1,150,0,0,0,127,30,0,0,30,1,-131.366,
76.98066,2756.34,18.29646,0.04515076,0,90.87544,23.78608,14.14614,96.65176,387.1383,216.4016,0,2,2.940095,279.48,300,0.7,0,0,31.12836,31.12836,1,1,1.00977,0.993985,300,0.2664659,0,0,121.228,1,0,1,1,36.76389,1.963466,0,1,270,252,0,0,0,1,1.017572,0,1,1,2,30,24.65753,1,1000,6,25,15,1,13.01442,5.332509,5.332509,1,0,6,0,9.667491,9.667491,1,1,150,0,0,0,127,30,0,0,30,1,-131.7035,
77.08166,2540.005,18.7907,0.07580156,0,90.79183,23.73871,14.37688,96.62128,388.3082,217.3934,0,2,2.667005,281.01,300,0.7,0,0,30.16394,30.16394,1,1,0.9936181,0.9941435,300,0.2652031,0,0,121.228,1,0,1,1,34.64374,1.905779,0,1,270,236,0,0,0,1,1.017477,0,1,1,2,30,24.93075,1,1000,6,25,15,1,13.0106,5.072742,5.072742,1,0,6,0,9.927258,9.927258,1,1,150,0,0,0,127,30,0,0,30,1,-131.2093,
77.18186,2356.268,20.2192,0.5473523,0,90.90679,23.76648,14.34346,96.73305,380.17,219.1482,0,2,2.513352,282.81,300,0.7,0,0,30.31853,30.31853,1,1,0.9959576,0.9940506,300,0.2868155,0,0,121.228,1,0,1,1,32.11806,1.914134,0,1,270,232,0,0,0,1,1.017533,0,1,1,2,30,24.79339,1,1000,6,25,15,1,13.00938,4.462048,4.462048,1,0,6,0,10.53795,10.53795,1,1,150,0,0,0,127,30,0,0,30,1,-129.7808,
77.28716,2162.63,21.87071,0.6770288,0,90.87544,23.76321,14.37276,96.65176,357.8919,219.1672,0,2,2.414937,283.13,300,0.7,0,0,33.01135,33.01135,1,1,0.9939065,0.9940615,300,0.3377992,0,0,121.228,1,0,1,1,29.1265,1.906809,0,1,270,228,0,0,0,1,1.017526,0,1,1,2,50,24.79339,1,1000,6,25,15,1,13.0106,3.287351,3.287351,1,0,6,0,11.71265,11.71265,1,1,150,0,0,0,127,30,0,0,30,1,-128.1293,
77.38926,2082.321,22.49756,0.6345893,0,91.04266,23.76648,14.29585,96.71273,365.9622,220.922,0,2,2.359964,282.01,300,0.7,0,0,35.35525,35.35525,1,1,0.9992906,0.9940506,300,0.3521224,0,0,121.228,1,0,1,1,27.85078,1.926038,0,1,270,224,0,0,0,1,1.017533,0,1,1,2,30,23.93617,1,1000,6,25,15,0.9461802,13.00969,0.8139362,0.8139362,1,0,16,0,14.18606,14.18606,1,1,150,0,0,0,128,30,0,0,30,1,-127.5024,
77.49106,2193.463,22.85317,0.6062962,0,90.97996,23.72075,14.24869,96.69241,374.5581,220.5215,0,2,2.394531,283.18,300,0.7,0,0,33.34895,33.34895,1,1,1.002592,0.9942037,300,0.3374123,0,0,121.228,1,0,1,1,29.53022,1.937827,0,1,270,208,0,0,0,1,1.017442,0,1,1,2,30,24.93075,1,1000,6,25,15,0.9461802,13.00755,-7.31621,-7.31621,1,0,16,0,22.31621,22.31621,1,1,150,0,0,0,127,30,0,0,30,1,-127.1468,
77.59335,2046.385,22.12989,0.05458177,0,91.03221,23.80078,14.08158,96.79402,363.6055,222.5052,0,2,2.28513,283.34,300,0.7,0,0,35.72399,35.72399,1,1,1.014289,0.9939358,300,0.3499633,0,0,121.228,1,0,1,1,27.33594,1.979604,0,1,270,216,0,0,0,1,1.017601,0,1,1,2,20,23.93617,1,1000,6,25,15,0.9461802,13.00755,-16.65656,-16.65656,1,0,16,0,31.65656,31.65656,1,1,150,0,0,0,128,30,0,0,30,1,-127.8701,
77.69635,2192.021,21.18961,0.0687283,0,90.91724,23.73381,14.39108,96.68224,376.5248,221.3035,0,2,2.484291,282.32,300,0.7,0,0,31.71375,31.71375,1,1,0.9926245,0.9941599,300,0.3773133,0,0,121.228,1,0,1,1,29.6178,1.90223,0,1,270,204,0,0,0,1,1.017468,0,1,1,2,30,24.79339,1,1000,6,25,15,1.2,13.00862,-22.13407,-22.13407,1,0,16,0,37.13407,37.13407,1,1,150,0,0,0,127,30,0,0,30,1,-128.8104,
77.79765,2075.263,20.06249,0.0640128,0,90.87544,23.74688,14.12462,96.71273,359.5873,215.7721,0,2,2.369259,282.92,300,0.7,0,0,32.9241,32.9241,1,1,1.011277,0.9941162,300,0.3708705,0,0,121.228,1,0,1,1,27.96427,1.968845,0,1,270,220,0,0,0,1,1.017494,0,1,1,2,20,24.32432,1,1000,6,25,15,1.2,13.01137,-28.18744,-28.18744,1,0,16,0,43.18744,43.18744,1,1,150,0,0,0,128,30,0,0,30,1,-129.9375,
77.89975,2040.677,20.45427,0.06165504,0,90.83363,23.70442,14.1846,96.63144,362.0966,218.5378,0,2,2.38079,282.35,300,0.7,0,0,34.03908,34.03908,1,1,1.007078,0.9942585,300,0.3909411,0,0,121.228,1,0,1,1,27.41388,1.953851,0,1,270,228,0,0,0,1,1.017409,0,1,1,2,20,23.62205,1,1000,6,25,15,1.2,13.01259,-27.00492,-27.00492,1,0,16,0,42.00492,42.00492,1,1,150,0,0,0,127,30,0,0,30,1,-129.5457,
78.00095,2134.472,19.92386,0.04986627,0,90.86499,23.74525,14.10722,96.68224,368.5393,216.0201,0,2,2.419068,282.84,300,0.7,0,0,31.59504,31.59504,1,1,1.012495,0.9941217,300,0.353441,0,0,121.228,1,0,1,1,28.85137,1.973195,0,1,270,220,0,0,0,1,1.017491,0,1,1,2,30,23.87268,1,1000,6,25,15,1.2,13.00938,-28.58162,-28.58162,1,0,16,0,43.58162,43.58162,1,1,150,0,0,0,127,30,0,0,30,1,-130.0761,
78.10155,2003.606,19.96605,0.04986627,0,90.70822,23.72075,14.23313,96.60095,351.3305,215.7149,0,2,2.304147,283.67,300,0.7,0,0,34.25403,34.25403,1,1,1.003681,0.9942037,300,0.3840108,0,0,121.228,1,0,1,1,26.91408,1.941718,0,1,270,228,0,0,0,1,1.017442,0,1,1,2,30,23.68421,1,1000,6,25,15,1.2,13.01137,-28.58162,-28.58162,1,0,16,0,43.58162,43.58162,1,1,150,0,0,0,127,30,0,0,30,1,-130.034,
78.20245,2120.591,20.09262,0.04515076,0,90.86499,23.73381,14.2606,96.65176,364.6058,217.4697,0,2,2.279212,283.04,300,0.7,0,0,32.04723,32.04723,1,1,1.001758,0.9941599,300,0.301285,0,0,121.228,1,0,1,1,28.63264,1.934851,0,1,270,200,0,0,0,1,1.017468,0,1,1,2,20,23.87268,1,1000,6,25,15,1,13.00816,-19.87436,-19.87436,1,0,6,0,34.87436,34.87436,1,1,150,0,0,0,127,30,0,0,30,1,-129.9074,
78.30356,2023.472,20.02632,0.05222402,0,91.06357,23.78608,13.94927,96.7737,355.8913,220.2163,0,2,2.242682,284.02,300,0.7,0,0,33.92244,33.92244,1,1,1.025073,0.993985,300,0.3178387,0,0,121.228,1,0,1,1,27.20151,2.012683,0,1,270,208,0,0,0,1,1.017572,0,1,1,2,20,23.62205,1,1000,6,25,15,1,13.00847,-13.49261,-13.49261,1,0,6,0,28.49261,28.49261,1,1,150,0,0,0,127,30,0,0,30,1,-129.9737,
78.40726,2036.522,20.40002,0.03336199,0,90.81274,23.75505,14.12096,96.67208,368.5393,221.1891,0,2,2.257145,283.28,300,0.7,0,0,34.0646,34.0646,1,1,1.011533,0.9940889,300,0.3251407,0,0,121.228,1,0,1,1,27.35741,1.969761,0,1,270,244,0,0,0,1,1.01751,0,1,1,2,50,23.4375,1,1000,6,25,15,1,13.01183,-10.13664,-10.13664,1,0,6,0,25.13664,25.13664,1,1,150,0,0,0,127,30,0,0,30,1,-129.6,
78.50866,2016.671,20.34577,0.04515076,0,90.81274,23.70932,14.2812,96.57047,360.079,219.2626,0,2,2.319172,283.37,300,0.7,0,0,34.40656,34.40656,1,1,1.000316,0.994242,300,0.3850487,0,0,121.228,1,0,1,1,27.06783,1.9297,0,1,270,208,0,0,0,1,1.017419,0,1,1,2,20,23.19588,1,1000,6,25,15,1.175533,13.01183,-8.239088,-8.239088,1,0,16,0,23.23909,23.23909,1,1,150,0,0,0,128,30,0,0,30,1,-129.6542,
78.60986,2017.756,20.76167,0.3280813,0,90.91724,23.74035,14.41122,96.67208,365.0128,220.5024,0,2,2.32042,282.64,300,0.7,0,0,34.83749,34.83749,1,1,0.9912145,0.9941381,300,0.3978234,0,0,121.228,1,0,1,1,27.04097,1.898129,0,1,270,204,0,0,0,1,1.017481,0,1,1,2,20,22.95918,1,1000,6,25,15,1.175533,13.01244,-7.263145,-7.263145,1,0,16,0,22.26315,22.26315,1,1,150,0,0,0,127,30,0,0,30,1,-129.2383,
78.71146,1985.44,22.05153,0.9175197,0,90.95905,23.70768,14.16216,96.69241,359.8586,219.7585,0,2,2.564527,281.21,300,0.7,0,0,36.9215,46.75339,1,1,1.008649,0.9942475,300,0.5673667,9.831885,0.2885276,97.26369,1,0,1,1,26.47318,1.95946,0,1,270,228,0,0,0,1,1.017415,0,1,1,2,20,23.19588,1,1000,6,25,14.99272,1.175533,13.00969,-8.186382,-8.186382,1,0,16,0,23.1791,23.1791,1,1,150,0,0,0,127,30,0,0,30,1,-127.9485,
78.81296,1993.753,23.08222,1.31598,0,90.89635,23.73381,14.28303,96.75337,354.0262,219.1482,0,2,2.475576,282.09,300,0.7,0,0,37.88126,37.88126,1,1,1.000188,0.9941599,300,0.4910479,0,0,97.26369,1,0,1,1,26.45785,1.929242,0,1,270,216,0,0,0,1,1.017468,0,1,1,2,20,22.90076,1,1000,6,25,14.99688,1.2,13.00938,-10.33736,-10.33736,1,0,16,0,25.33424,25.33424,1,1,150,0,0,0,127,30,0,0,30,1,-126.9178,
78.91546,2005.482,29.63401,3.900079,0,91.00085,23.73381,14.28486,96.73305,350.4319,226.5297,0,2,2.807674,279.35,300,0.7,0,0,40.51701,40.51701,1,1,1.00006,0.9941599,300,0.6741542,0,0,88.76251,1,0,1,1,25.97437,1.928785,0,1,270,208,0,0,0,1,1.017468,0,1,1,2,50,22.95918,1,1000,6,25,15,1.2,13.00877,-13.48335,-13.48335,1,0,16,0,28.48335,28.48335,1,1,150,0,0,0,127,30,0,0,30,1,-120.366,
79.01907,1999.6,34.13648,4.015609,0,90.95905,23.78608,14.24823,96.75337,358.3836,235.4753,0,2,3.032727,278.25,300,0.7,0,0,43.36821,43.36821,1,1,1.002624,0.993985,300,0.8311813,0,0,88.76251,1,0,1,1,25.55768,1.937941,0,1,270,200,0,0,0,1,1.017572,0,1,1,2,20,23.07692,1,1000,6,25,14.9998,1.2,13.00999,-12.23317,-12.23317,1,0,16,0,27.23297,27.23297,1,1,150,0,0,0,127,30,0,0,30,1,-115.8635,
79.12406,1998.934,36.37867,4.206587,0,90.78138,23.70768,14.30317,96.71273,354.1619,240.1484,0,2,3.248268,276.05,300,0.7,0,0,46.36911,46.36911,1,1,0.9987778,0.9942475,300,0.9471933,0,0,88.76251,1,0,1,1,25.39086,1.924206,0,1,270,208,0,0,0,1,1.017415,0,1,1,2,20,22.78481,1,1000,6,25,14.99947,1.2,13.01167,-7.72281,-7.72281,1,0,16,0,22.72228,22.72228,1,1,150,0,0,0,127,30,0,0,30,1,-113.6213,
79.22926,1985.966,37.96991,4.317401,0,90.75002,23.75015,14.29951,96.69241,355.0096,240.816,0,2,3.376142,276.05,300,0.7,0,0,48.90961,48.90961,1,1,0.9990342,0.9941052,300,1.043179,0,0,88.76251,1,0,1,1,25.14752,1.925122,0,1,270,228,0,0,0,1,1.0175,0,1,1,2,30,23.0179,1,1000,6,25,14.99298,1.2,13.01183,-4.042807,-4.042807,1,0,16,0,19.03579,19.03579,1,1,150,0,0,0,127,30,0,0,30,1,-112.0301,
79.33086,1985.834,39.48882,4.338621,0,90.86499,23.73871,14.18231,96.85499,355.247,240.6443,0,2,3.491759,274.92,300,0.7,0,0,50.91538,50.91538,1,1,1.007239,0.9941435,300,1.129423,0,0,88.76251,1,0,1,1,25.03771,1.954424,0,1,270,216,0,0,0,1,1.017477,0,1,1,2,20,22.90076,1,1000,6,25,14.99292,1.2,13.01167,-3.236621,-3.236621,1,0,16,0,18.22954,18.22954,1,1,150,0,0,0,127,30,0,0,30,1,-110.5112,
79.43287,2001.868,39.71183,4.506021,0,90.78138,23.69299,14.43869,96.70257,360.7402,238.2029,0,2,3.453223,275.02,300,0.7,0,0,50.70168,50.70168,1,1,0.9892915,0.9942967,300,1.130573,0,0,88.76251,1,0,1,1,25.19583,1.893551,0,1,270,224,0,0,0,1,1.017386,0,1,1,2,30,45.91837,1,1000,6,25,15,1.2,13.01076,-2.739498,-2.739498,1,0,16,0,17.7395,17.7395,1,1,150,0,0,0,127,30,0,0,30,1,-110.2882,
79.53297,1987.281,39.97101,4.607405,0,90.77093,23.70605,14.14934,96.75337,347.4818,233.9303,0,2,3.626789,273.86,300,0.7,0,0,51.50524,51.50524,1,1,1.009546,0.9942529,300,1.156456,0,0,88.76251,1,0,1,1,25.01774,1.962664,0,1,270,220,0,0,0,1,1.017412,0,1,1,2,30,22.84264,1,1000,6,25,14.99364,1.2,13.01183,-2.273608,-2.273608,1,0,16,0,17.26739,17.26739,1,1,150,0,0,0,127,30,0,0,30,1,-110.029,
79.63597,2013.153,40.86306,4.647487,0,90.91724,23.67502,14.07975,96.94644,354.9079,244.0013,0,2,3.69078,273.43,300,0.7,0,0,51.8855,51.8855,1,1,1.014417,0.9943569,300,1.190541,0,0,88.76251,1,0,1,1,25.31031,1.980062,0,1,270,204,0,0,0,1,1.01735,0,1,1,2,20,23.19588,1,1000,6,25,15,1.2,13.0106,-1.626831,-1.626831,1,0,16,0,16.62683,16.62683,1,1,150,0,0,0,127,30,0,0,30,1,-109.1369,
79.73618,2002.804,41.60443,4.675779,0,90.84409,23.62766,14.32881,96.8245,358.0275,243.6389,0,2,3.688497,273.46,300,0.7,0,0,53.19049,53.19049,1,1,0.9969831,0.9945156,300,1.24271,0,0,88.76251,1,0,1,1,25.07725,1.917797,0,1,270,228,0,0,0,1,1.017255,0,1,1,2,20,22.84264,1,1000,6,25,15,1.2,13.01289,-1.322952,-1.322952,1,0,16,0,16.32295,16.32295,1,1,150,0,0,0,127,30,0,0,30,1,-108.3956,
79.83667,2017.485,40.9595,4.722935,0,90.79183,23.64236,14.3137,96.70257,360.3503,239.9767,0,2,3.648285,273.34,300,0.7,0,0,51.8816,51.8816,1,1,0.9980407,0.9944663,300,1.193316,0,0,88.76251,1,0,1,1,25.37901,1.921574,0,1,270,204,0,0,0,1,1.017285,0,1,1,2,10,23.19588,1,1000,6,25,15,1.2,13.0106,-1.136145,-1.136145,1,0,16,0,16.13614,16.13614,1,1,150,0,0,0,127,30,0,0,30,1,-109.0405,
79.93727,2014.775,41.11019,4.713504,0,90.78138,23.70768,14.08433,96.79402,348.4652,238.0694,0,2,3.748829,272.22,300,0.7,0,0,52.16668,52.16668,1,1,1.014097,0.9942475,300,1.204176,0,0,88.76251,1,0,1,1,25.32118,1.978918,0,1,270,224,0,0,0,1,1.017415,0,1,1,2,20,23.0179,1,1000,6,25,15,1.2,13.01122,-0.9922352,-0.9922352,1,0,16,0,15.99224,15.99224,1,1,150,0,0,0,127,30,0,0,30,1,-108.8898,
80.04017,2031.557,41.22471,4.760659,0,90.5828,23.60316,14.2757,96.71273,347.5836,240.816,0,2,3.809169,272.05,300,0.7,0,0,51.80832,51.80832,1,1,1.000701,0.9945977,300,1.199412,0,0,88.76251,1,0,1,1,25.60588,1.931074,0,1,270,232,0,0,0,1,1.017206,0,1,1,2,30,23.25581,1,1000,6,25,15,1.2,13.01244,-0.8506851,-0.8506851,1,0,16,0,15.85069,15.85069,1,1,150,0,0,0,127,30,0,0,30,1,-108.7753,
80.14327,2016.4,41.65868,4.746512,0,90.83363,23.73381,14.0619,96.74321,361.215,245.1457,0,2,3.814357,272.08,300,0.7,0,0,52.85255,52.85255,1,1,1.015667,0.9941599,300,1.236241,0,0,88.76251,1,0,1,1,25.31098,1.984526,0,1,270,224,0,0,0,1,1.017468,0,1,1,2,30,23.19588,1,1000,6,25,15,1.2,13.01183,-0.7280102,-0.7280102,1,0,16,0,15.72801,15.72801,1,1,150,0,0,0,127,30,0,0,30,1,-108.3413,
80.24657,2030.182,41.97813,4.859684,0,90.73957,23.68155,14.31782,96.75337,362.0627,245.6035,0,2,3.82351,272.09,300,0.7,0,0,52.86859,52.86859,1,1,0.9977523,0.994335,300,1.24619,0,0,88.76251,1,0,1,1,25.5297,1.920544,0,1,270,228,0,0,0,1,1.017363,0,1,1,2,20,23.25581,1,1000,6,25,15,1.2,13.01228,-0.6902647,-0.6902647,1,0,16,0,15.69026,15.69026,1,1,150,0,0,0,127,30,0,0,30,1,-108.0219,
80.34978,2030.594,42.30964,4.928059,0,90.73957,23.67502,14.32515,96.74321,353.0598,243.4863,0,2,3.807364,272,300,0.7,0,0,53.30444,53.30444,1,1,0.9972395,0.9943569,300,1.266398,0,0,88.76251,1,0,1,1,25.49821,1.918712,0,1,270,240,0,0,0,1,1.01735,0,1,1,2,20,23.31606,1,1000,6,25,15,1.2,13.01366,-0.6525164,-0.6525164,1,0,16,0,15.65252,15.65252,1,1,150,0,0,0,127,30,0,0,30,1,-107.6904,
80.45307,2049.32,42.64717,5.034158,0,90.80228,23.70768,14.25922,96.86515,360.0621,243.5435,0,2,3.859553,272.17,300,0.7,0,0,53.21006,53.21006,1,1,1.001854,0.9942475,300,1.274182,0,0,88.76251,1,0,1,1,25.78352,1.935194,0,1,270,232,0,0,0,1,1.017415,0,1,1,2,40,23.56021,1,1000,6,25,15,1.2,13.0106,-0.6407213,-0.6407213,1,0,16,0,15.64072,15.64072,1,1,150,0,0,0,127,30,0,0,30,1,-107.3528,
80.55627,2040.816,42.95457,5.078956,0,90.73957,23.66195,14.00833,96.79402,364.2668,246.9387,0,2,3.979592,270.83,300,0.7,0,0,53.87814,53.87814,1,1,1.019417,0.9944006,300,1.299563,0,0,88.76251,1,0,1,1,25.59815,1.997918,0,1,270,224,0,0,0,1,1.017324,0,1,1,2,20,23.37662,1,1000,6,25,15,1.2,13.01244,-0.5204048,-0.5204048,1,0,16,0,15.5204,15.5204,1,1,150,0,0,0,127,30,0,0,30,1,-107.0454,
80.65968,2051.703,42.90635,5.246356,0,90.60371,23.66522,14.22626,96.72289,353.8567,240.816,0,2,3.983723,271.45,300,0.7,0,0,53.49457,53.49457,1,1,1.004162,0.9943897,300,1.288857,0,0,88.76251,1,0,1,1,25.79301,1.943436,0,1,270,220,0,0,0,1,1.01733,0,1,1,2,10,23.56021,1,1000,6,25,15,1.2,13.0132,-0.5829229,-0.5829229,1,0,16,0,15.58292,15.58292,1,1,150,0,0,0,127,30,0,0,30,1,-107.0936,
80.76017,2061.856,43.82252,5.286438,0,90.72912,23.70768,14.09257,96.85499,365.0128,246.0994,0,2,4.003437,270.96,300,0.7,0,0,53.92645,53.92645,1,1,1.01352,0.9942475,300,1.326926,0,0,88.76251,1,0,1,1,25.85484,1.976858,0,1,270,224,0,0,0,1,1.017415,0,1,1,2,30,23.80952,1,1000,6,25,15,1.2,13.01122,-0.5664082,-0.5664082,1,0,16,0,15.56641,15.56641,1,1,150,0,0,0,127,30,0,0,30,1,-106.1775,
80.86347,2057.896,44.00334,5.368959,0,90.80228,23.68155,14.28852,96.84483,353.755,241.5408,0,2,4.030046,270.93,300,0.7,0,0,54.16655,54.16655,1,1,0.9998034,0.994335,300,1.338383,0,0,88.76251,1,0,1,1,25.76417,1.927869,0,1,270,204,0,0,0,1,1.017363,0,1,1,2,30,23.62205,1,1000,6,25,15,1.2,13.01793,-0.5581512,-0.5581512,1,0,16,0,15.55815,15.55815,1,1,150,0,0,0,127,30,0,0,30,1,-105.9967,
80.96417,2071.394,44.28663,5.364244,0,90.64551,23.63582,14.31782,96.80418,367.8611,248.5599,0,2,4.039218,270.46,300,0.7,0,0,54.0088,54.0088,1,1,0.9977523,0.9944882,300,1.343162,0,0,88.76251,1,0,1,1,25.96044,1.920544,0,1,270,220,0,0,0,1,1.017272,0,1,1,2,20,23.7467,1,1000,6,25,15,1.2,13.01183,-0.3570061,-0.3570061,1,0,16,0,15.35701,15.35701,1,1,150,0,0,0,127,30,0,0,30,1,-105.7134,
81.06467,2075.694,44.55786,5.477416,0,90.63506,23.64072,14.33248,96.79402,368.0137,247.9305,0,2,4.0649,270.98,300,0.7,0,0,54.09785,54.09785,1,1,0.9967267,0.9944718,300,1.353607,0,0,88.76251,1,0,1,1,25.99971,1.916881,0,1,270,204,0,0,0,1,1.017281,0,1,1,2,20,23.93617,1,1000,6,25,15,1.2,13.01274,-0.3669491,-0.3669491,1,0,16,0,15.36695,15.36695,1,1,150,0,0,0,127,30,0,0,30,1,-105.4421,
81.16737,2094.533,44.11184,5.460911,0,90.76048,23.69625,14.24091,96.81434,358.1292,242.1702,0,2,4.066885,270.63,300,0.7,0,0,53.25018,53.25018,1,1,1.003136,0.9942858,300,1.318957,0,0,88.76251,1,0,1,1,26.37994,1.939773,0,1,270,200,0,0,0,1,1.017393,0,1,1,2,20,24.06417,1,1000,6,25,15,1.2,13.01259,-0.3559017,-0.3559017,1,0,16,0,15.3559,15.3559,1,1,150,0,0,0,127,30,0,0,30,1,-105.8882,
81.26797,2081.888,44.78088,5.569368,0,90.78138,23.62929,14.18597,96.75337,365.1484,242.9332,0,2,4.094379,270.77,300,0.7,0,0,54.10519,54.10519,1,1,1.006982,0.9945101,300,1.360588,0,0,88.76251,1,0,1,1,26.07713,1.953508,0,1,270,200,0,0,0,1,1.017259,0,1,1,2,30,23.87268,1,1000,6,25,15,1.2,13.01274,-0.3735781,-0.3735781,1,0,16,0,15.37358,15.37358,1,1,150,0,0,0,128,30,0,0,30,1,-105.2191,
81.36848,2097.315,45.07622,5.640101,0,90.62461,23.63582,14.32927,96.73305,366.9117,247.3011,0,2,4.142198,269.95,300,0.7,0,0,53.93883,53.93883,1,1,0.9969511,0.9944882,300,1.365339,0,0,88.76251,1,0,1,1,26.30202,1.917682,0,1,270,216,0,0,0,1,1.017272,0,1,1,2,20,24.12869,1,1000,6,25,15,1.2,13.0135,-0.2984543,-0.2984543,1,0,16,0,15.29845,15.29845,1,1,150,0,0,0,127,30,0,0,30,1,-104.9238,
81.46918,2101.135,44.73266,5.658963,0,90.71867,23.66032,14.23633,96.81434,356.9424,239.7288,0,2,4.18476,270.27,300,0.7,0,0,53.56714,53.56714,1,1,1.003457,0.9944062,300,1.345549,0,0,88.76251,1,0,1,1,26.41203,1.940917,0,1,270,204,0,0,0,1,1.017321,0,1,1,2,20,24.25876,1,1000,6,25,15,1.2,13.01152,-0.4089308,-0.4089308,1,0,16,0,15.40893,15.40893,1,1,150,0,0,0,127,30,0,0,30,1,-105.2673,
81.57008,2115.357,44.32882,5.611808,0,90.70822,23.62276,14.25739,96.78386,356.5864,242.7997,0,2,4.142575,270.56,300,0.7,0,0,52.86375,52.86375,1,1,1.001983,0.9945319,300,1.315962,0,0,88.76251,1,0,1,1,26.70871,1.935652,0,1,270,216,0,0,0,1,1.017246,0,1,1,2,20,24.19355,1,1000,6,25,15,1.2,13.0106,-0.3956718,-0.3956718,1,0,16,0,15.39567,15.39567,1,1,150,0,0,0,127,30,0,0,30,1,-105.6712,
81.67037,2111.487,43.79841,5.548149,0,90.67686,23.62929,14.22992,96.68224,361.5032,242.0176,0,2,4.117399,269.63,300,0.7,0,0,52.53359,52.53359,1,1,1.003906,0.9945101,300,1.292084,0,0,88.76251,1,0,1,1,26.71266,1.94252,0,1,270,216,0,0,0,1,1.017259,0,1,1,2,20,24.32432,1,1000,6,25,15,1.2,13.01244,-0.468503,-0.468503,1,0,16,0,15.4685,15.4685,1,1,150,0,0,0,127,30,0,0,30,1,-106.2016,
81.77048,2118.943,43.5754,5.364244,0,90.46783,23.65379,14.35445,96.70257,365.284,242.38,0,2,4.025992,270.83,300,0.7,0,0,52.14162,52.14162,1,1,0.9951884,0.994428,300,1.275869,0,0,88.76251,1,0,1,1,26.8709,1.911387,0,1,270,228,0,0,0,1,1.017308,0,1,1,2,20,24.52316,1,1000,6,25,15,1.2,13.01183,-0.2995577,-0.2995577,1,0,16,0,15.29956,15.29956,1,1,150,0,0,0,127,30,0,0,30,1,-106.4246,
81.87098,2125.097,41.65265,3.503976,0,90.45738,23.5509,14.38055,96.70257,371.6081,241.8841,0,2,3.789757,272.34,300,0.7,0,0,49.56508,49.56508,1,1,0.9933617,0.9947729,300,1.159475,0,0,88.76251,1,0,1,1,27.21091,1.904863,0,1,270,216,0,0,0,1,1.017102,0,1,1,2,20,24.39024,1,1000,6,25,15,1.2,13.01183,-0.3028717,-0.3028717,1,0,16,0,15.30287,15.30287,1,1,150,0,0,0,127,30,0,0,30,1,-108.3474,
81.97147,2118.644,35.18525,2.183634,0,90.53055,23.63582,14.25831,96.72289,371.7437,235.914,0,2,3.125,278.12,300,0.7,0,0,40.58031,40.58031,1,1,1.001919,0.9944882,300,0.8018022,0,0,88.76251,1,0,1,1,27.50529,1.935423,0,1,270,220,0,0,0,1,1.017272,0,1,1,2,30,24.45652,1,1000,6,25,15,1.2,13.01122,-0.3205481,-0.3205481,1,0,16,0,15.32055,15.32055,1,1,150,0,0,0,127,30,0,0,30,1,-114.8148,
82.07177,2113.271,31.51456,2.091681,0,90.48874,23.62929,14.27021,96.65176,367.9289,230.5543,0,2,2.923358,279.27,300,0.7,0,0,37.44284,37.44284,1,1,1.001085,0.9945101,300,0.6626363,0,0,88.76251,1,0,1,1,27.64637,1.932448,0,1,270,200,0,0,0,1,1.017259,0,1,1,2,40,24.45652,1,1000,6,25,15,1.2,13.01183,-0.3912544,-0.3912544,1,0,16,0,15.39125,15.39125,1,1,150,0,0,0,127,30,0,0,30,1,-118.4854,
82.17728,2103.787,29.55565,2.119974,0,90.49919,23.64236,14.44052,96.79402,371.0486,230.8785,0,2,2.805049,280.26,300,0.7,0,0,37.43016,37.43016,1,1,0.9891633,0.9944663,300,0.6212259,0,0,88.76251,1,0,1,1,27.6129,1.893246,0,1,270,204,0,0,0,1,1.017285,0,1,1,2,50,24,1,1000,6,25,15,1.2,13.01259,-0.2321672,-0.2321672,1,0,16,0,15.23217,15.23217,1,1,150,0,0,0,128,30,0,0,30,1,-120.4444,
82.27767,2099.37,28.69976,2.12469,0,90.38422,23.5313,14.3105,96.70257,372.1167,231.7368,0,2,2.79916,279.25,300,0.7,0,0,37.41356,37.41356,1,1,0.9982651,0.9948385,300,0.6030625,0,0,88.76251,1,0,1,1,27.59459,1.922375,0,1,270,196,0,0,0,1,1.017063,0,1,1,2,20,24.32432,1,1000,6,25,15,1.2,13.01244,0.1114168,0.1114168,1,0,16,0,14.88858,14.88858,1,1,150,0,0,0,127,30,0,0,30,1,-121.3002,
82.37778,2117,27.82578,2.101112,0,90.66641,23.62929,14.18963,96.80418,356.4677,224.4698,0,2,2.787383,280.09,300,0.7,0,0,36.75743,36.75743,1,1,1.006726,0.9945101,300,0.573203,0,0,88.76251,1,0,1,1,27.94479,1.952592,0,1,270,240,0,0,0,1,1.017259,0,1,1,2,30,24.39024,1,1000,6,25,15,1.197573,13.01259,0.006463051,0.006463051,1,0,16,0,14.99354,14.99354,1,1,150,0,0,0,128,30,0,0,30,1,-122.1742,
82.48007,2119.243,27.24715,2.115259,0,90.66641,23.56396,14.21161,96.92612,366.8947,222.4861,0,2,2.755016,280.11,300,0.7,0,0,36.60867,36.60867,1,1,1.005188,0.994729,300,0.5590631,0,0,88.76251,1,0,1,1,28.02893,1.947098,0,1,270,220,0,0,0,1,1.017128,0,1,1,2,20,24.19355,1,1000,6,25,15,1.197573,13.01259,-0.4310265,-0.4310265,1,0,16,0,15.43103,15.43103,1,1,150,0,0,0,127,30,0,0,30,1,-122.7528,
82.58186,2102.755,27.77154,2.115259,0,90.60371,23.57703,14.35033,96.84483,366.793,225.4234,0,2,2.733581,280.48,300,0.7,0,0,37.15097,37.15097,1,1,0.9954769,0.9946852,300,0.5794251,0,0,88.76251,1,0,1,1,27.7149,1.912417,0,1,270,204,0,0,0,1,1.017154,0,1,1,2,20,24.25876,1,1000,6,25,15,1.2,13.01305,-1.06419,-1.06419,1,0,16,0,16.06419,16.06419,1,1,150,0,0,0,128,30,0,0,30,1,-122.2285,
82.68397,2106.15,28.06688,2.219,0,90.43649,23.5313,14.4126,96.81434,375.3041,227.0256,0,2,2.737995,280.71,300,0.7,0,0,37.10511,37.10511,1,1,0.9911183,0.9948385,300,0.5849016,0,0,88.76251,1,0,1,1,27.7472,1.8979,0,1,270,208,0,0,0,1,1.017063,0,1,1,2,30,24.06417,1,1000,6,25,15,1.2,13.01366,-1.637003,-1.637003,1,0,16,0,16.637,16.637,1,1,150,0,0,0,127,30,0,0,30,1,-121.9331,
82.78937,2096.29,29.27839,2.631607,0,90.5201,23.57703,13.93004,96.78386,365.284,231.4126,0,2,2.84746,279.62,300,0.7,0,0,37.61226,37.61226,1,1,1.026996,0.9946852,300,0.6184489,0,0,88.76251,1,0,1,1,27.50626,2.01749,0,1,270,200,0,0,0,1,1.017154,0,1,1,2,50,24.06417,1,1000,6,25,15,1.2,13.01244,-2.111086,-2.111086,1,0,16,0,17.11109,17.11109,1,1,150,0,0,0,127,30,0,0,30,1,-120.7216,
82.89227,2091.175,30.01373,3.008847,0,90.61416,23.58356,14.21847,96.94644,358.7566,228.2845,0,2,2.875366,279.22,300,0.7,0,0,37.91146,37.91146,1,1,1.004707,0.9946634,300,0.6390187,0,0,88.76251,1,0,1,1,27.37367,1.945381,0,1,270,244,0,0,0,1,1.017167,0,1,1,2,30,24,1,1000,6,25,15,1.2,13.01274,-2.544144,-2.544144,1,0,16,0,17.54414,17.54414,1,1,150,0,0,0,127,30,0,0,30,1,-119.9863,
82.99277,2092.05,33.31073,4.241953,0,90.5619,23.60479,14.17864,96.87531,359.1804,229.6578,0,2,3.20781,276.62,300,0.7,0,0,38.89187,45.43423,1,1,1.007495,0.9945922,300,0.8499188,6.542359,0.1706006,57.93343,1,0,1,1,27.17441,1.955339,0,1,270,220,0,0,0,1,1.01721,0,1,1,2,30,24.06417,1,1000,6,25,15,1.2,13.01427,-2.991142,-2.991142,1,0,16,0,17.99114,17.99114,1,1,150,0,0,0,128,30,0,0,30,1,-116.6893,
83.09277,2137.361,35.571,4.480086,0,90.49919,23.59173,14.34484,96.78386,360.9945,232.5189,0,2,3.508834,274.87,300,0.7,0,0,40.47601,40.47601,1,1,0.9958615,0.9946359,300,0.8085593,0,0,57.93343,1,0,1,1,27.79995,1.913791,0,1,270,212,0,0,0,1,1.017183,0,1,1,2,40,24.32432,1,1000,6,25,15,1.2,13.01305,-3.145107,-3.145107,1,0,16,0,18.14511,18.14511,1,1,150,0,0,0,128,30,0,0,30,1,-114.429,
83.19357,2035.554,38.20498,5.152046,0,90.49919,23.57703,14.23358,96.87531,350.4997,234.1783,0,2,3.509255,274.81,300,0.7,0,0,47.59243,47.59243,1,1,1.003649,0.9946852,300,1.021139,0,0,57.93343,1,0,1,1,25.88363,1.941604,0,1,270,216,0,0,0,1,1.017154,0,1,1,2,50,23.7467,1,1000,6,25,15,1.2,13.01274,-3.140139,-3.140139,1,0,16,0,18.14014,18.14014,1,1,150,0,0,0,127,30,0,0,30,1,-111.795,
83.29376,2094.533,47.92115,8.548779,0,90.41558,23.5313,14.32744,96.74321,371.8285,250.0286,0,2,5.637785,259.21,300,0.7,0,0,56.24976,83.44504,1,1,0.9970793,0.9948385,300,2.24586,27.19528,0.5444063,205.2967,1,0,1,1,25.88501,1.91814,0,1,270,212,0,0,0,1,1.017063,0,1,1,2,30,24.25876,1,1000,6,25,15,1.2,13.01534,-2.506067,-2.506067,1,0,16,0,17.50607,17.50607,1,1,150,0,0,0,127,30,0,0,30,1,-102.0788,
83.39436,2114.016,58.69213,11.14603,0,90.34242,23.56886,14.42038,96.76353,360.4012,258.7834,0,2,6.394898,254.93,300,0.7,0,0,62.87074,79.04721,1,1,0.9905734,0.9947126,300,2.620731,16.17647,0.2811294,97.20444,1,0,1,1,25.8387,1.896603,0,1,270,228,0,0,0,1,1.017138,0,1,1,2,30,24.39024,1,1000,6,25,14.91308,1.2,13.01549,-2.268751,-2.268751,1,0,16,0,17.17846,17.17846,1,1,150,0,0,0,127,30,0,0,30,1,-91.30788,
83.49637,2102.902,70.8494,14.14084,0,90.45738,23.58683,14.24457,96.84483,367.0642,270.8381,0,2,6.4489,252.36,300,0.7,0,0,68.17628,90.05068,1,1,1.00288,0.9946525,300,3.067891,21.8744,0.329577,111.0953,1,0,1,1,27.00998,1.938857,0,1,270,216,0,0,0,1,1.017174,0,1,1,2,20,23.80952,1,1000,6,25,14.59871,1,13.01335,-0.05533314,-0.05533314,1,0,8,0,14.66019,14.66019,1,1,150,0,0,0,127,30,0,0,30,1,-79.1506,
83.60187,2165.127,82.44614,18.59972,0,90.55145,23.60153,14.2226,96.87531,369.5905,288.6721,0,2,8.534208,239.88,300,0.7,0,0,72.085,92.99574,1,1,1.004418,0.9946031,300,3.776089,20.91074,0.3004702,103.5774,1,0,1,1,25.02248,1.944351,0,1,270,236,0,0,0,1,1.017203,0,1,1,2,30,25,1,1000,6,25,14.25323,1,13.01411,-0.006245613,-0.006245613,1,0,8,0,14.29058,14.29058,1,1,150,0,0,0,127,30,0,0,30,1,-67.55386,
83.70387,2186.429,85.22477,19.99,0,90.38422,23.5264,14.36178,96.78386,364.7245,282.2824,0,2,7.579622,244.82,300,0.7,0,0,73.01672,73.01672,1,1,0.9946756,0.994855,300,3.101363,0,0,103.5774,1,0,1,1,24.55871,1.909556,0,1,270,240,0,0,0,1,1.017053,0,1,1,2,40,25,1,1000,6,25,14.08651,1,13.01274,-0.6363945,-0.6363945,1,0,8,0,14.66902,14.66902,1,1,150,0,0,0,127,30,0,0,30,1,-64.77523,
83.80566,2190.421,89.44395,20.68514,0,90.48874,23.57866,14.22626,96.90579,375.1685,298.8956,0,2,7.922021,243.27,300,0.7,0,0,74.37293,74.37293,1,1,1.004162,0.9946797,300,3.422157,0,0,103.5774,1,0,1,1,23.7459,1.943436,0,1,270,292,0,0,0,1,1.017157,0,1,1,2,20,25,1,1000,6,25,13.83336,1.013738,13.01488,0.3309088,0.3309088,1,0,16,0,13.57876,13.57876,1,1,150,0,0,0,127,30,0,0,30,1,-60.55605,
83.90726,2252.929,88.50368,21.02081,0,90.31107,23.5117,14.29951,96.79402,370.0822,289.1489,0,2,8.410934,239.26,300,0.7,0,0,73.98602,73.98602,1,1,0.9990342,0.9949043,300,3.355199,0,0,103.5774,1,0,1,1,24.18064,1.925122,0,1,270,272,0,0,0,1,1.017023,0,1,1,2,30,25.78797,1,1000,6,25,13.88978,1.013738,13.01488,-0.2971182,-0.2971182,1,0,16,0,14.06959,14.06959,1,1,150,0,0,0,127,30,0,0,30,1,-61.49632,
84.01097,2242.153,87.61162,14.08608,0,90.30061,23.56396,14.33248,96.8245,375.9992,296.5877,0,2,8.053064,241.73,300,0.7,0,0,73.70688,73.70688,1,1,0.9967267,0.994729,300,3.328889,0,0,103.5774,1,0,1,1,24.31276,1.916881,0,1,270,300,0,0,0,1,1.017128,0,1,1,2,20,25.86207,1,1000,6,25,13.9433,1.023883,13.01488,-0.2464838,-0.2464838,1,0,16,0,14.20136,14.20136,1,1,150,0,0,0,127,30,0,0,30,1,-62.38838,
84.11207,2274.45,63.36337,0.3563743,0,90.45738,23.5117,14.15712,96.91595,380.4583,269.9416,0,2,5.610312,259.26,300,0.7,0,0,64.41948,64.41948,1,1,1.009001,0.9949043,300,1.980597,0,0,103.5774,1,0,1,1,28.13793,1.960719,0,1,270,252,0,0,0,1,1.017023,0,1,1,2,30,26.31579,1,1000,6,25,14.81448,1.023883,13.01396,0.9802828,0.9802828,1,0,16,0,13.84094,13.84094,1,1,150,0,0,0,127,30,0,0,30,1,-86.63663,
84.21327,2243.158,38.89813,0.02628873,0,90.38422,23.5558,14.30958,96.90579,371.0825,236.0857,0,2,3.420817,275.47,300,0.7,0,0,41.83105,41.83105,1,1,0.9983292,0.9947565,300,0.779716,0,0,103.5774,1,0,1,1,29.42296,1.922604,0,1,270,200,0,0,0,1,1.017112,0,1,1,2,20,25.86207,1,1000,6,25,15,1.023883,13.01183,1.821472,1.821472,1,0,16,0,13.17853,13.17853,1,1,150,0,0,0,128,30,0,0,30,1,-111.1019,
84.31487,2293.578,29.65209,0.6770288,0,90.29016,23.44637,14.43595,96.74321,376.813,232.023,0,2,2.752294,280.35,300,0.7,0,0,33.44724,33.44724,1,1,0.9894838,0.9951234,300,0.4563705,0,0,103.5774,1,0,1,1,30.76067,1.894009,0,1,270,208,0,0,0,1,1.016893,0,1,1,2,20,25.9366,1,1000,6,25,15,0.983052,13.01549,2.523027,2.523027,1,0,16,0,12.47697,12.47697,1,1,150,0,0,0,128,30,0,0,30,1,-120.3479,
84.41967,2316.423,89.19683,52.81627,0,90.64551,23.5411,14.17178,97.07854,379.2375,292.5631,0,2,13.35804,199.63,300,0.7,0,0,74.69901,134.392,1,1,1.007976,0.9948057,300,5.974001,59.69299,0.8086273,391.5729,1,0,1,1,24.29846,1.957056,0,1,270,228,0,0,0,1,1.017082,0,1,1,2,40,26.16279,1,1000,6,25,13.84819,0.983052,13.01167,2.837423,2.837423,1,0,16,0,11.03608,11.03608,1,1,150,0,0,0,127,30,0,0,30,1,-60.80317,
84.52107,2978.85,84.04942,15.40494,0,90.38422,23.47087,14.25693,96.9566,406.5173,290.5222,0,2,10.37633,221.71,300,0.7,0,0,76.17187,76.17187,1,1,1.002015,0.9950412,300,3.099364,0,0,391.5729,1,0,1,1,28.43811,1.935767,0,1,270,232,0,0,0,1,1.016942,0,1,1,2,30,26.23907,1,1000,6,25,14.15703,0.9761436,13.01457,0.2590828,0.2590828,1,0,16,0,13.82309,13.82309,1,1,150,0,0,0,126,30,0,0,30,1,-65.95058,
84.62397,3459.41,40.26032,0.02864648,0,90.29016,23.48557,14.16903,96.9566,421.9967,239.1184,0,2,5.592712,259.8,300,0.7,0,0,48.55911,48.55911,1,1,1.008168,0.994992,300,0.89323,0,0,391.5729,1,0,1,1,41.29456,1.957743,0,1,279.1882,272,0,0,0,1,1.016971,0,1,1,2,20,26.31579,1,1000,6,25,15,0.9761436,13.01427,5.056239,5.056239,1,0,16,0,9.943761,9.943761,1,1,150,0,0,0,126,30,0,0,30,1,-109.7397,
84.72747,3476.246,24.62523,0.0380775,0,90.20655,23.52313,14.22626,96.86515,420.1656,222.1237,0,2,3.881808,272.12,300,0.7,0,0,33.0925,33.0925,1,1,1.004162,0.994866,300,0.3333172,0,0,391.5729,1,0,1,1,40.10236,1.943436,0,1,279.5249,256,0,0,0,1,1.017046,0,1,1,2,20,26.31579,1,1000,6,25,15,0.8739148,13.01579,5.098064,5.098064,1,0,16,0,9.901936,9.901936,1,1,150,0,0,0,126,30,0,0,30,1,-125.3748,
84.82857,3348.588,19.76714,0.03336199,0,90.22746,23.45291,14.31782,96.87531,410.2642,218.3089,0,2,3.432302,275.32,300,0.7,0,0,28.85634,28.85634,1,1,0.9977523,0.9951015,300,0.2333328,0,0,391.5729,1,0,1,1,39.49316,1.920544,0,1,276.9718,288,0,0,0,1,1.016906,0,1,1,2,20,26.16279,1,1000,6,25,15,0.8739148,13.01427,5.349011,5.349011,1,0,16,0,9.650989,9.650989,1,1,150,0,0,0,126,30,0,0,30,1,-130.2328,
84.93047,3170.242,18.41098,0,0,90.30061,23.52477,14.29035,96.9566,403.652,214.6468,0,2,3.302335,276.38,300,0.7,0,0,28.95076,28.95076,1,1,0.9996752,0.9948604,300,0.2494678,0,0,391.5729,1,0,1,1,39.26481,1.927411,0,1,273.4048,240,0,0,0,1,1.01705,0,1,1,2,50,26.08696,1,1000,6,25,15,1,13.01305,5.445001,5.445001,1,0,6,0,9.554999,9.554999,1,1,150,0,0,0,127,30,0,0,30,1,-131.589,
85.03267,2975.01,17.5792,0.01449996,0,90.32152,23.49864,14.19009,96.93628,400.3967,215.7912,0,2,3.074177,278.1,300,0.7,0,0,29.50331,29.50331,1,1,1.006694,0.9949481,300,0.2427523,0,0,391.5729,1,0,1,1,38.88403,1.952478,0,1,270,252,0,0,0,1,1.016997,0,1,1,2,30,26.01156,1,1000,6,25,15,1,13.01427,5.220693,5.220693,1,0,6,0,9.779307,9.779307,1,1,150,0,0,0,127,30,0,0,30,1,-132.4208,
85.13268,2769.827,17.97701,0.02628873,0,90.18565,23.45944,14.20337,96.91595,397.5484,217.6795,0,2,2.908319,279.75,300,0.7,0,0,30.88892,30.88892,1,1,1.005764,0.9950796,300,0.2599188,0,0,391.5729,1,0,1,1,36.89001,1.949158,0,1,270,220,0,0,0,1,1.016919,0,1,1,2,30,26.16279,1,1000,6,25,15,1,13.01671,4.71453,4.71453,1,0,6,0,10.28547,10.28547,1,1,150,0,0,0,127,30,0,0,30,1,-132.023,
85.23517,2600.555,18.64002,0.02157322,0,90.12294,23.49374,14.15484,96.81434,386.2228,219.2054,0,2,2.730582,280.54,300,0.7,0,0,30.42392,30.42392,1,1,1.009161,0.9949645,300,0.265435,0,0,391.5729,1,0,1,1,35.2386,1.961291,0,1,270,244,0,0,0,1,1.016987,0,1,1,2,30,25.78797,1,1000,6,25,15,1,13.01228,3.282334,3.282334,1,0,6,0,11.71767,11.71767,1,1,150,0,0,0,127,30,0,0,30,1,-131.36,
85.33637,2377.179,19.45372,0.0003534328,0,90.34242,23.5215,14.37734,97.00741,373.2866,216.2299,0,2,2.496038,281.76,300,0.7,0,0,29.70859,29.70859,1,1,0.993586,0.9948714,300,0.2704982,0,0,391.5729,1,0,1,1,32.44838,1.905664,0,1,270,220,0,0,0,1,1.017043,0,1,1,2,40,25.71428,1,1000,6,25,15,1,13.01427,0.9445295,0.9445295,1,0,6,0,14.05547,14.05547,1,1,150,0,0,0,127,30,0,0,30,1,-130.5463,
85.44128,2238.138,20.34577,0.6062962,0,90.03933,23.45944,14.35857,96.80418,363.1139,220.7504,0,2,2.405998,282.97,300,0.7,0,0,29.93814,29.93814,1,1,0.9949,0.9950796,300,0.2851127,0,0,391.5729,1,0,1,1,30.35878,1.910357,0,1,270,220,0,0,0,1,1.016919,0,1,1,2,40,25.71428,1,1000,6,25,15,1,13.0161,-3.893412,-3.893412,1,0,6,0,18.89341,18.89341,1,1,150,0,0,0,127,30,0,0,30,1,-129.6542,
85.54128,2055.358,24.794,2.209569,0,90.26926,23.5117,14.18093,97.0379,364.4702,226.4725,0,2,2.740477,279.98,300,0.7,0,0,37.73626,53.00624,1,1,1.007335,0.9949043,300,0.6151193,15.26998,0.510051,192.0498,1,0,1,1,27.21887,1.954767,0,1,270,220,0,0,0,1,1.017023,0,1,1,2,10,25.9366,1,1000,6,25,15,1,13.01305,-7.546928,-7.546928,1,0,6,0,22.54693,22.54693,1,1,150,0,0,0,128,30,0,0,30,1,-125.206,
85.64157,2097.462,28.19346,3.041856,0,90.32152,23.47251,14.039,97.04806,367.7255,230.0011,0,2,2.814095,279.3,300,0.7,0,0,37.37753,45.88126,1,1,1.01727,0.9950358,300,0.605471,8.503736,0.2286576,77.73445,1,0,1,1,27.59565,1.990249,0,1,270,264,0,0,0,1,1.016945,0,1,1,2,30,25.06964,1,1000,6,25,15,1,13.01534,-10.85291,-10.85291,1,0,8,0,25.85291,25.85291,1,1,150,0,0,0,128,30,0,0,30,1,-121.8065,
85.74707,2316.602,34.13648,4.647487,0,90.10204,23.52313,14.16399,96.86515,383.7983,232.4044,0,2,3.243243,275.85,300,0.7,0,0,35.44083,45.11833,1,1,1.008521,0.994866,300,0.7208593,9.677507,0.2903197,101.4957,1,0,1,1,30.92439,1.959002,0,1,270,208,0,0,0,1,1.017046,0,1,1,2,30,24.86188,1,1000,6,25,15,1,13.01549,-25.17484,-25.17484,1,0,8,0,40.17484,40.17484,1,1,150,0,0,0,127,30,0,0,30,1,-115.8635,
85.84887,2854.968,36.68607,6.003195,0,90.10204,23.44964,14.32515,96.88547,399.2947,237.0012,0,2,4.567948,265.82,300,0.7,0,0,46.23186,50.6404,1,1,0.9972395,0.9951124,300,0.8696048,4.408542,0.1043321,79.22058,1,0,1,1,38.32764,1.918712,0,1,270,212,0,0,0,1,1.016899,0,1,1,2,20,24,1,1000,6,25,15,1,13.01305,-17.71775,-17.71775,1,0,8,0,32.71775,32.71775,1,1,150,0,0,0,127,30,0,0,30,1,-113.3139,
85.95107,3231.018,35.12497,6.276695,0,90.08114,23.39411,14.33248,96.88547,410.4677,235.0175,0,2,4.6042,266.97,300,0.7,0,0,43.92292,43.92292,1,1,0.9967267,0.9952988,300,0.7222121,0,0,79.22058,1,0,1,1,40.47096,1.916881,0,1,274.6204,228,0,0,0,1,1.016788,0,1,1,2,30,26.31579,1,1000,6,25,15,1,13.01396,-6.840927,-6.840927,1,0,8,0,21.84093,21.84093,1,1,150,0,0,0,127,30,0,0,30,1,-114.875,
86.05157,2876.87,36.27621,6.25076,0,90.03933,23.37451,14.40207,96.79402,395.1239,235.1701,0,2,4.411201,269.43,300,0.7,0,0,45.70176,45.70176,1,1,0.9918554,0.9953646,300,0.8527356,0,0,79.22058,1,0,1,1,38.57992,1.899656,0,1,270,236,0,0,0,1,1.016749,0,1,1,2,30,24.65753,1,1000,6,25,15,1.098728,13.01671,-3.257683,-3.257683,1,0,16,0,18.25768,18.25768,1,1,150,0,0,0,127,30,0,0,30,1,-113.7238,
86.15207,2860.412,37.63237,6.205962,0,90.1961,23.40718,14.27937,96.87531,397.4297,236.3718,0,2,4.64817,265.52,300,0.7,0,0,47.36352,47.36352,1,1,1.000444,0.995255,300,0.9167382,0,0,79.22058,1,0,1,1,38.43423,1.930158,0,1,270,248,0,0,0,1,1.016814,0,1,1,2,20,24.25876,1,1000,6,25,15,1.098728,13.01518,-2.964653,-2.964653,1,0,16,0,17.96465,17.96465,1,1,150,0,0,0,127,30,0,0,30,1,-112.3676,
86.25257,3121.099,36.87895,6.682379,0,90.07069,23.44474,14.35445,96.99725,408.3653,235.7042,0,2,5.019767,264.06,300,0.7,0,0,45.97562,45.97562,1,1,0.9951884,0.9951289,300,0.9281375,0,0,79.22058,1,0,1,1,40.37641,1.911387,0,1,272.422,244,0,0,0,1,1.016889,0,1,1,2,30,25.35211,1,1000,6,25,15,1.169444,13.01305,-3.453037,-3.453037,1,0,16,0,18.45304,18.45304,1,1,150,0,0,0,127,30,0,0,30,1,-113.121,
86.35547,2990.729,38.02415,6.696663,0,90.11249,23.44801,14.32881,96.96677,397.4128,237.5734,0,2,4.859934,265.66,300,0.7,0,0,47.53566,47.53566,1,1,0.9969831,0.995118,300,0.9894258,0,0,79.22058,1,0,1,1,40.09875,1.917797,0,1,270,232,0,0,0,1,1.016896,0,1,1,2,40,25,1,1000,6,25,15,1.169444,13.01686,-2.195972,-2.195972,1,0,16,0,17.19597,17.19597,1,1,150,0,0,0,127,30,0,0,30,1,-111.9758,
86.45976,2883.506,38.88607,6.533689,0,90.14384,23.43331,14.10219,97.0379,399.4473,240.9495,0,2,4.901961,264.56,300,0.7,0,0,48.81416,48.81416,1,1,1.012847,0.9951673,300,1.066239,0,0,79.22058,1,0,1,1,38.78265,1.974454,0,1,270,260,0,0,0,1,1.016867,0,1,1,2,30,24.12869,1,1000,6,25,15,1.2,13.01427,-1.952093,-1.952093,1,0,16,0,16.95209,16.95209,1,1,150,0,0,0,127,30,0,0,30,1,-111.1139,
86.56026,3009.933,38.94032,7.210875,0,90.1543,23.47087,14.20062,97.11919,405.8221,240.6062,0,2,5.141969,260.96,300,0.7,0,0,48.54052,48.54052,1,1,1.005957,0.9950412,300,1.061685,0,0,79.22058,1,0,1,1,40.30132,1.949845,0,1,270.1987,236,0,0,0,1,1.016942,0,1,1,2,10,24.79339,1,1000,6,25,15,1.2,13.01808,-1.888763,-1.888763,1,0,16,0,16.88876,16.88876,1,1,150,0,0,0,126,30,0,0,30,1,-111.0597,
86.66256,3091.19,39.15731,7.367995,0,89.9507,23.38105,14.37688,96.87531,409.959,236.9821,0,2,5.358063,261.9,300,0.7,0,0,48.56422,48.56422,1,1,0.9936181,0.9953427,300,1.06831,0,0,79.22058,1,0,1,1,40.47933,1.905779,0,1,271.8238,240,0,0,0,1.000049,1.016762,0,1,1,2,30,25.64103,1,1000,6,25,15,1.2,13.0164,-1.354738,-1.354738,1,0,16,0,16.35474,16.35474,1,1,150,0,0,0,126,30,0,0,30,1,-110.8427,
86.76346,2931.978,40.3869,7.301338,0,90.00797,23.43004,14.21527,96.88547,395.5139,236.677,0,2,5.27756,262.11,300,0.7,0,0,50.45169,50.45169,1,1,1.004931,0.9951782,300,1.144545,0,0,79.22058,1,0,1,1,39.48999,1.946183,0,1,270,248,0,0,0,1,1.01686,0,1,1,2,40,24.72527,1,1000,6,25,15,1.2,13.01549,-1.112553,-1.112553,1,0,16,0,16.11255,16.11255,1,1,150,0,0,0,127,30,0,0,30,1,-109.6131,
86.86466,3022.67,40.48936,7.34895,0,90.03933,23.32878,14.36178,96.83466,409.4504,239.004,0,2,5.365239,260.74,300,0.7,0,0,50.27222,50.27222,1,1,0.9946756,0.9955181,300,1.14353,0,0,79.22058,1,0,1,1,40.43744,1.909556,0,1,270.4534,228,0,0,0,1,1.016658,0,1,1,2,50,25.13967,1,1000,6,25,15,1.2,13.01549,-1.025263,-1.025263,1,0,16,0,16.02526,16.02526,1,1,150,0,0,0,127,30,0,0,30,1,-109.5106,
86.96687,3070.31,40.65813,7.520355,0,89.93708,23.39738,14.32927,96.91595,408.7044,240.6252,0,2,5.424214,261.68,300,0.7,0,0,50.3037,50.3037,1,1,0.9969511,0.9952879,300,1.148977,0,0,79.22058,1,0,1,1,40.54477,1.917682,0,1,271.4062,256,0,0,0,1.000063,1.016795,0,1,1,2,20,25.64103,1,1000,6,25,15,1.2,13.01778,-0.9084864,-0.9084864,1,0,16,0,15.90849,15.90849,1,1,150,0,0,0,127,30,0,0,30,1,-109.3419,
87.06897,2992.519,41.14032,7.577489,0,89.97795,23.36145,14.28166,96.93628,396.5989,239.8051,0,2,5.436409,262.32,300,0.7,0,0,51.12202,51.12202,1,1,1.000284,0.9954084,300,1.181528,0,0,79.22058,1,0,1,1,40.33898,1.929586,0,1,270,248,0,0,0,1.000022,1.016723,0,1,1,2,40,25,1,1000,6,25,15,1.2,13.01488,-0.5782032,-0.5782032,1,0,16,0,15.5782,15.5782,1,1,150,0,0,0,127,30,0,0,30,1,-108.8597,
87.17087,3069.682,40.91731,7.57987,0,89.97114,23.42514,14.30317,96.94644,401.7022,239.3282,0,2,5.551008,260,300,0.7,0,0,50.59631,50.59631,1,1,0.9987778,0.9951947,300,1.162942,0,0,79.22058,1,0,1,1,40.56203,1.924206,0,1,271.3936,236,0,0,0,1.000029,1.01685,0,1,1,2,30,25.2809,1,1000,6,25,15,1.2,13.01305,-0.6371832,-0.6371832,1,0,16,0,15.63718,15.63718,1,1,150,0,0,0,126,30,0,0,30,1,-109.0827,
87.27226,3076.607,40.59786,7.458459,0,89.96432,23.34022,14.28074,96.83466,406.6699,240.2628,0,2,5.460978,260.12,300,0.7,0,0,50.21505,50.21505,1,1,1.000348,0.9954798,300,1.145313,0,0,79.22058,1,0,1,1,40.55306,1.929815,0,1,271.5321,256,0,0,0,1.000036,1.01668,0,1,1,2,30,25.78797,1,1000,6,25,15,1.2,13.01671,-0.7657566,-0.7657566,1,0,16,0,15.76576,15.76576,1,1,150,0,0,0,126,30,0,0,30,1,-109.4021,
87.37457,3063.726,38.64498,6.609138,0,90.10204,23.42024,14.32515,97.11919,405.2796,236.4481,0,2,5.259396,262.29,300,0.7,0,0,48.06474,48.06474,1,1,0.9972395,0.9952111,300,1.04338,0,0,79.22058,1,0,1,1,40.38781,1.918712,0,1,271.2745,240,0,0,0,1,1.01684,0,1,1,2,30,25.42373,1,1000,6,25,15,1.2,13.0161,-0.6607733,-0.6607733,1,0,16,0,15.66077,15.66077,1,1,150,0,0,0,127,30,0,0,30,1,-111.355,
87.47826,3088.962,37.02963,6.213035,0,89.97114,23.36798,14.18597,97.05822,413.5873,234.8459,0,2,5.019564,264.73,300,0.7,0,0,46.20241,46.20241,1,1,1.006982,0.9953865,300,0.9611279,0,0,79.22058,1,0,1,1,40.3229,1.953508,0,1,271.7792,248,0,0,0,1.000029,1.016736,0,1,1,2,30,25.56818,1,1000,6,25,15,1.2,13.01884,-0.4277105,-0.4277105,1,0,16,0,15.42771,15.42771,1,1,150,0,0,0,127,30,0,0,30,1,-112.9704,
87.57837,3055.612,35.09484,5.633028,0,89.90302,23.30265,14.34346,96.87531,399.4643,233.2818,0,2,4.736199,265.88,300,0.7,0,0,44.08618,44.08618,1,1,0.9959576,0.9956059,300,0.8693255,0,0,79.22058,1,0,1,1,40.118,1.914134,0,1,271.1122,224,0,0,0,1.000097,1.016605,0,1,1,2,30,25.49575,1,1000,6,25,15,1.2,13.01549,-0.3161297,-0.3161297,1,0,16,0,15.31613,15.31613,1,1,150,0,0,0,127,30,0,0,30,1,-114.9052,
87.67897,3063.1,33.22634,5.213347,0,89.84852,23.33695,14.18963,96.78386,402.9908,230.7259,0,2,4.594649,267.28,300,0.7,0,0,41.97865,41.97865,1,1,1.006726,0.9954907,300,0.7837011,0,0,79.22058,1,0,1,1,39.99951,1.952592,0,1,271.262,224,0,0,0,1.000152,1.016674,0,1,1,2,40,25.49575,1,1000,6,25,15,1.2,13.01732,-0.4177675,-0.4177675,1,0,16,0,15.41777,15.41777,1,1,150,0,0,0,126,30,0,0,30,1,-116.7737,
87.78067,3083.565,31.78579,4.989361,0,89.97114,23.39248,14.03809,97.0379,407.9245,231.3172,0,2,4.445473,267.09,300,0.7,0,0,40.78828,40.78828,1,1,1.017334,0.9953043,300,0.7283173,0,0,79.22058,1,0,1,1,39.93754,1.990478,0,1,271.6713,232,0,0,0,1.000029,1.016785,0,1,1,2,30,25.78797,1,1000,6,25,15,1.2,13.01442,-0.6796465,-0.6796465,1,0,16,0,15.67965,15.67965,1,1,150,0,0,0,126,30,0,0,30,1,-118.2142,
87.88127,3087.055,30.89976,4.826676,0,89.86214,23.23733,14.2258,96.83466,400.8036,229.2763,0,2,4.373328,268.08,300,0.7,0,0,40.10112,40.10112,1,1,1.004194,0.9958253,300,0.6963152,0,0,79.22058,1,0,1,1,39.88124,1.94355,0,1,271.7411,220,0,0,0,1.000138,1.016475,0,1,1,2,20,25.64103,1,1000,6,25,15,1.2,13.01808,-0.9521294,-0.9521294,1,0,16,0,15.95213,15.95213,1,1,150,0,0,0,127,30,0,0,30,1,-119.1002,
87.98157,3081.664,30.07401,4.807814,0,89.84171,23.35818,14.20474,96.91595,408.9079,227.5788,0,2,4.31433,268.72,300,0.7,0,0,39.4819,39.4819,1,1,1.005668,0.9954194,300,0.6671425,0,0,79.22058,1,0,1,1,39.81147,1.948815,0,1,271.6333,256,0,0,0,1.000158,1.016716,0,1,1,2,30,25.56818,1,1000,6,25,15,1.2,13.01823,-1.048855,-1.048855,1,0,16,0,16.04885,16.04885,1,1,150,0,0,0,127,30,0,0,30,1,-119.926,
88.08507,3091.827,29.41099,3.581782,0,89.75315,23.30755,14.31416,96.75337,399.3117,229.3336,0,2,4.199732,268.98,300,0.7,0,0,38.93716,38.93716,1,1,0.9980087,0.9955894,300,0.6435356,0,0,79.22058,1,0,1,1,39.78444,1.921459,0,1,271.8365,232,0,0,0,1.000247,1.016615,0,1,1,2,10,25.78797,1,1000,6,25,15,1.2,13.01732,-1.251753,-1.251753,1,0,16,0,16.25175,16.25175,1,1,150,0,0,0,127,30,0,0,30,1,-120.589,
88.18567,3082.297,25.97537,3.284705,0,89.82809,23.34675,14.17132,96.75337,406.3308,223.0964,0,2,3.981301,270.87,300,0.7,0,0,36.34301,36.34301,1,1,1.008008,0.9954578,300,0.5304262,0,0,79.22058,1,0,1,1,39.56849,1.95717,0,1,271.6459,248,0,0,0,1.000172,1.016693,0,1,1,2,30,25.56818,1,1000,6,25,15,1.2,13.01671,-1.410685,-1.410685,1,0,16,0,16.41068,16.41068,1,1,150,0,0,0,127,30,0,0,30,1,-124.0246,
88.28596,3037.052,25.21592,3.211614,0,89.80765,23.31409,14.20566,96.78386,404.7371,223.23,0,2,3.821624,272.97,300,0.7,0,0,36.11206,36.11206,1,1,1.005604,0.9955674,300,0.5116798,0,0,79.22058,1,0,1,1,39.45994,1.948586,0,1,270.741,228,0,0,0,1.000192,1.016628,0,1,1,2,40,25.2809,1,1000,6,25,15,1.2,13.01671,-1.456455,-1.456455,1,0,16,0,16.45646,16.45646,1,1,150,0,0,0,127,30,0,0,30,1,-124.7841,
88.38837,3026.024,24.73373,3.157386,0,89.84171,23.30265,14.31508,96.9566,404.6014,222.5052,0,2,3.78253,272.7,300,0.7,0,0,35.85448,35.85448,1,1,0.9979447,0.9956059,300,0.4983062,0,0,79.22058,1,0,1,1,39.42325,1.921231,0,1,270.5205,260,0,0,0,1.000158,1.016605,0,1,1,2,40,25.49575,1,1000,6,25,15,1.2,13.0161,-1.498415,-1.498415,1,0,16,0,16.49841,16.49841,1,1,150,0,0,0,127,30,0,0,30,1,-125.2663,
88.48866,3115.588,23.82962,0.7689812,0,89.77359,23.26999,14.22397,96.80418,405.2118,221.9902,0,2,3.816596,272.1,300,0.7,0,0,34.37592,34.37592,1,1,1.004322,0.9957156,300,0.4603457,0,0,79.22058,1,0,1,1,39.51337,1.944008,0,1,272.3118,256,0,0,0,1.000226,1.01654,0,1,1,2,10,25.86207,1,1000,6,25,15,1.2,13.01732,-1.620474,-1.620474,1,0,16,0,16.62047,16.62047,1,1,150,0,0,0,126,30,0,0,30,1,-126.1704,
88.58946,2997.003,18.00111,0.07580156,0,89.78722,23.30429,14.27021,96.75337,406.7716,217.1263,0,2,3.121878,277.87,300,0.7,0,0,29.76537,29.76537,1,1,1.001085,0.9956003,300,0.2509085,0,0,79.22058,1,0,1,1,39.11357,1.932448,0,1,270,240,0,0,0,1.000213,1.016609,0,1,1,2,10,25.13967,1,1000,6,25,15,1,13.01884,-1.436113,-1.436113,1,0,6,0,16.43611,16.43611,1,1,150,0,0,0,127,30,0,0,30,1,-131.9989,
88.69136,2935.708,17.59125,0.04986627,0,89.73952,23.22426,14.45288,96.80418,406.0595,214.3797,0,2,3.009101,278.19,300,0.7,0,0,29.7792,29.7792,1,1,0.9882981,0.9958692,300,0.2453488,0,0,79.22058,1,0,1,1,38.50099,1.891186,0,1,270,228,0,0,0,1.00026,1.016448,0,1,1,2,40,24.65753,1,1000,6,25,15,1,13.01793,-1.486971,-1.486971,1,0,6,0,16.48697,16.48697,1,1,150,0,0,0,127,30,0,0,30,1,-132.4088,
88.79336,3043.831,17.18741,0.02864648,0,89.86214,23.27652,14.18505,96.79402,413.1126,212.4342,0,2,3.145292,277.73,300,0.7,0,0,28.66694,28.66694,1,1,1.007046,0.9956936,300,0.2307177,0,0,79.22058,1,0,1,1,39.13379,1.953737,0,1,270.8766,236,0,0,0,1.000138,1.016553,0,1,1,2,60,25.21008,1,1000,6,25,15,1,13.01549,-1.682611,-1.682611,1,0,6,0,16.68261,16.68261,1,1,150,0,0,0,127,30,0,0,30,1,-132.8126,
88.89356,2931.692,17.19344,0.0640128,0,89.72591,23.26346,14.40207,96.86515,405.0083,212.892,0,2,3.004984,278.75,300,0.7,0,0,29.41097,29.41097,1,1,0.9918554,0.9957375,300,0.2368254,0,0,79.22058,1,0,1,1,38.44954,1.899656,0,1,270,244,0,0,0,1.000274,1.016527,0,1,1,2,30,24.52316,1,1000,6,25,15,1,13.0164,-1.840258,-1.840258,1,0,6,0,16.84026,16.84026,1,1,150,0,0,0,127,30,0,0,30,1,-132.8066,
88.99456,2909.514,17.32002,0.03100424,0,89.74634,23.18343,14.31233,96.84483,400.3967,214.456,0,2,3.030744,278.18,300,0.7,0,0,29.68368,29.68368,1,1,0.9981369,0.9960064,300,0.2408032,0,0,79.22058,1,0,1,1,38.2375,1.921917,0,1,270,236,0,0,0,1.000254,1.016367,0,1,1,2,40,24.12869,1,1000,6,25,15,1,13.01732,-2.41501,-2.41501,1,0,6,0,17.41501,17.41501,1,1,150,0,0,0,127,30,0,0,30,1,-132.68,
89.09557,2953.047,17.32604,0.01685771,0,89.72591,23.26346,14.30684,96.79402,397.1584,216.1154,0,2,3.033741,278.21,300,0.7,0,0,29.40115,29.40115,1,1,0.9985214,0.9957375,300,0.2385722,0,0,79.22058,1,0,1,1,38.66158,1.923291,0,1,270,236,0,0,0,1.000274,1.016527,0,1,1,2,20,24.65753,1,1000,6,25,15,1,13.01915,-5.04236,-5.04236,1,0,6,0,20.04236,20.04236,1,1,150,0,0,0,127,30,0,0,30,1,-132.674,
89.19866,2873.563,17.38632,0,0,89.79402,23.22916,14.21527,96.86515,394.2422,215.4097,0,2,2.945402,278.58,300,0.7,0,0,29.98911,29.98911,1,1,1.004931,0.9958528,300,0.2441849,0,0,79.22058,1,0,1,1,37.88921,1.946183,0,1,270,256,0,0,0,1.000206,1.016458,0,1,1,2,20,23.93617,1,1000,6,25,15,1,13.01747,-9.533424,-9.533424,1,0,6,0,24.53342,24.53342,1,1,150,0,0,0,127,30,0,0,30,1,-132.6137,
89.29956,2848.732,17.25974,0,0,89.7804,23.21446,14.29585,96.79402,393.8862,214.5705,0,2,2.94369,278.84,300,0.7,0,0,30.02488,30.02488,1,1,0.9992906,0.9959022,300,0.2427047,0,0,79.22058,1,0,1,1,37.64416,1.926038,0,1,270,256,0,0,0,1.00022,1.016429,0,1,1,2,30,23.62205,1,1000,6,25,15,1,13.01549,-16.5068,-16.5068,1,0,6,0,31.5068,31.5068,1,1,150,0,0,0,127,30,0,0,30,1,-132.7403,
89.39986,2873.013,17.45865,0.04750851,0,89.78722,23.26509,14.44236,96.87531,394.2253,214.2653,0,2,2.944838,278.89,300,0.7,0,0,30.06608,30.06608,1,1,0.9890351,0.9957319,300,0.2458193,0,0,79.22058,1,0,1,1,37.88578,1.892941,0,1,270,240,0,0,0,1.000213,1.01653,0,1,1,2,40,24,1,1000,6,25,15,1,13.01793,-25.87871,-25.87871,1,0,6,0,40.87871,40.87871,1,1,150,0,0,0,127,30,0,0,30,1,-132.5414,
89.50365,2809.778,17.47673,0.04515076,0,89.73272,23.28469,14.32515,96.78386,399.3117,215.3716,0,2,2.903437,279.34,300,0.7,0,0,30.50684,30.50684,1,1,0.9972395,0.9956661,300,0.249688,0,0,79.22058,1,0,1,1,37.26982,1.918712,0,1,270,244,0,0,0,1.000267,1.016569,0,1,1,2,40,23.4375,1,1000,6,25,15,1,13.01793,-34.82504,-34.82504,1,0,6,0,49.82504,49.82504,1,1,150,0,0,0,127,30,0,0,30,1,-132.5233,
89.60566,2807.937,17.54303,0,0,89.75996,23.26346,14.2757,96.90579,398.2266,213.3688,0,2,2.924934,279.36,300,0.7,0,0,30.58782,30.58782,1,1,1.000701,0.9957375,300,0.2513012,0,0,79.22058,1,0,1,1,37.25333,1.931074,0,1,270,252,0,0,0,1.00024,1.016527,0,1,1,2,30,23.37662,1,1000,6,25,15,1,13.01671,-47.69697,-47.69697,1,0,6,0,62.69697,62.69697,1,1,150,0,0,0,127,30,0,0,30,1,-132.457,
89.70905,2776.235,17.6455,0.02393097,0,89.73272,23.21936,14.29219,96.9566,394.3609,218.5569,0,2,2.868776,279.43,300,0.7,0,0,30.58865,30.58865,1,1,0.999547,0.9958857,300,0.2527985,0,0,79.22058,1,0,1,1,36.94616,1.926953,0,1,270,244,0,0,0,1.000267,1.016439,0,1,1,2,40,23.13625,1,1000,6,25,15,1,13.019,-57.25376,-57.25376,1,0,6,0,72.25376,72.25376,1,1,150,0,0,0,126,30,0,0,30,1,-132.3545,
89.81095,2755.58,17.74796,0.04515076,0,89.67141,23.20466,14.15667,96.73305,393.6997,213.674,0,2,2.893359,279.35,300,0.7,0,0,30.55652,30.55652,1,1,1.009033,0.9959351,300,0.2540201,0,0,79.22058,1,0,1,1,36.74643,1.960833,0,1,270,228,0,0,0,1.000329,1.016409,0,1,1,2,30,22.78481,1,1000,6,25,15,1,13.01793,-63.88377,-63.88377,1,0,6,0,78.88377,78.88377,1,1,150,0,0,0,127,30,0,0,30,1,-132.252,
89.91216,2729.754,17.83837,0.03571974,0,89.61691,23.20956,14.43366,96.7737,401.0919,215.3334,0,2,2.820746,279.94,300,0.7,0,0,30.47679,30.47679,1,1,0.9896441,0.9959186,300,0.2546601,0,0,79.22058,1,0,1,1,36.49566,1.89439,0,1,270,220,0,0,0,1.000383,1.016419,0,1,1,2,30,22.72727,1,1000,6,25,15,1,13.01808,-67.65273,-67.65273,1,0,6,0,82.65273,82.65273,1,1,150,0,0,0,127,30,0,0,30,1,-132.1616,
90.01245,2687.931,18.03728,0.009784449,0,89.69184,23.21609,14.40573,96.80418,392.6655,217.298,0,2,2.799928,279.97,300,0.7,0,0,30.40028,30.40028,1,1,0.991599,0.9958966,300,0.2568316,0,0,79.22058,1,0,1,1,36.08954,1.899045,0,1,270,220,0,0,0,1.000308,1.016432,0,1,1,2,20,22.55639,1,1000,6,25,15,1,13.01793,-74.55035,-74.55035,1,0,6,0,89.55035,89.55035,1,1,150,0,0,0,127,30,0,0,30,1,-131.9627,
90.11495,2675.466,18.24824,0.04043525,0,89.65778,23.21119,14.18963,96.76353,396.192,217.8512,0,2,2.809239,279.68,300,0.7,0,0,30.53235,30.53235,1,1,1.006726,0.9959131,300,0.260975,0,0,79.22058,1,0,1,1,35.97017,1.952592,0,1,270,228,0,0,0,1.000342,1.016422,0,1,1,2,10,22.16749,1,1000,6,25,15,1,13.01823,-80.07482,-80.07482,1,0,6,0,95.07482,95.07482,1,1,150,0,0,0,127,30,0,0,30,1,-131.7518,
90.21616,2664.535,18.17591,0.04043525,0,89.69865,23.172,14.2812,96.7737,387.8165,217.8512,0,2,2.797762,280.5,300,0.7,0,0,30.38459,30.38459,1,1,1.000316,0.9960449,300,0.2586863,0,0,79.22058,1,0,1,1,35.86216,1.9297,0,1,270,236,0,0,0,1.000301,1.016344,0,1,1,2,30,22.38806,1,1000,6,25,15,1,13.0193,-80.13866,-80.13866,1,0,6,0,95.13866,95.13866,1,1,150,0,0,0,127,30,0,0,30,1,-131.8241,
90.31836,2633.889,18.42906,0.01685771,0,89.58966,23.18506,14.24457,96.68224,393.3437,218.5378,0,2,2.765584,280.48,300,0.7,0,0,30.43574,30.43574,1,1,1.00288,0.9960009,300,0.2627546,0,0,79.22058,1,0,1,1,35.56431,1.938857,0,1,270,236,0,0,0,1.00041,1.01637,0,1,1,2,20,22.05882,1,1000,6,25,15,1,13.01793,-80.90508,-80.90508,1,0,6,0,95.90508,95.90508,1,1,150,0,0,0,127,30,0,0,30,1,-131.5709,
90.41965,2609.83,18.82084,0.04515076,0,89.56923,23.17526,14.24091,96.72289,384.9682,216.0964,0,2,2.76207,279.97,300,0.7,0,0,30.67067,30.67067,1,1,1.003136,0.9960338,300,0.270421,0,0,79.22058,1,0,1,1,35.33121,1.939773,0,1,270,244,0,0,0,1.000431,1.016351,0,1,1,2,10,21.84466,1,1000,6,25,15,1,13.019,-83.36397,-83.36397,1,0,6,0,98.36397,98.36397,1,1,150,0,0,0,127,30,0,0,30,1,-131.1792,
90.52026,2584.425,19.11618,0.0640128,0,89.58966,23.10504,14.43182,96.74321,383.6457,213.1971,0,2,2.723029,280.08,300,0.7,0,0,30.79642,30.79642,1,1,0.9897723,0.9962699,300,0.2758122,0,0,79.22058,1,0,1,1,35.08289,1.894696,0,1,270,252,0,0,0,1.00041,1.01621,0,1,1,2,40,21.68675,1,1000,6,25,15,1,13.01915,-84.29004,-84.29004,1,0,6,0,99.29004,99.29004,1,1,150,0,0,0,127,30,0,0,30,1,-130.8838,
90.62466,2551.237,19.30906,0.04515076,0,89.59647,23.15893,14.2725,96.74321,387.1044,219.5487,0,2,2.70006,280.75,300,0.7,0,0,30.76338,30.76338,1,1,1.000925,0.9960887,300,0.2782732,0,0,79.22058,1,0,1,1,34.75618,1.931875,0,1,270,220,0,0,0,1.000404,1.016318,0,1,1,2,40,21.2766,1,1000,6,25,15,1,13.02052,-78.73365,-78.73365,1,0,6,0,93.73365,93.73365,1,1,150,0,0,0,128,30,0,0,30,1,-130.6909,
90.72626,2519.315,19.15838,0,0,89.86214,23.21119,14.05411,96.89563,382.6624,222.0283,0,2,2.708263,280.98,300,0.7,0,0,30.39231,30.39231,1,1,1.016212,0.9959131,300,0.2726788,0,0,79.22058,1,0,1,1,34.44061,1.986472,0,1,270,236,0,0,0,1.000138,1.016422,0,1,1,2,50,20.88167,1,1000,6,25,15,1,13.01793,-76.56216,-76.56216,1,0,6,0,91.56216,91.56216,1,1,150,0,0,0,127,30,0,0,30,1,-130.8416,
90.82925,2421.308,19.80934,0.005068941,0,89.74634,23.20303,14.16765,96.85499,379.2375,216.783,0,2,2.56255,282.05,300,0.7,0,0,30.36615,30.36615,1,1,1.008264,0.9959406,300,0.2817371,0,0,79.22058,1,0,1,1,33.08969,1.958086,0,1,270,212,0,0,0,1.000254,1.016406,0,1,1,2,40,20.31603,1,1000,6,25,15,1,13.01961,-77.32857,-77.32857,1,0,6,0,92.32857,92.32857,1,1,150,0,0,0,127,30,0,0,30,1,-130.1907,
90.93105,2375.861,20.4603,0.002711187,0,89.69865,23.15893,13.9923,96.88547,378.3729,220.1972,0,2,2.57385,281.27,300,0.7,0,0,30.69361,30.69361,1,1,1.020769,0.9960887,300,0.2941655,0,0,79.22058,1,0,1,1,32.40228,2.001924,0,1,270,232,0,0,0,1.000301,1.016318,0,1,1,2,30,19.78022,1,1000,6,25,15,1,13.0193,-75.82768,-75.82768,1,0,6,0,90.82768,90.82768,1,1,150,0,0,0,128,30,0,0,30,1,-129.5397,
91.03126,2386.255,20.34577,0.007426695,0,89.63054,23.18343,14.0944,96.90579,376.7113,218.7095,0,2,2.684537,280.37,300,0.7,0,0,30.65332,30.65332,1,1,1.013392,0.9960064,300,0.3505738,0,0,79.22058,1,0,1,1,32.55977,1.9764,0,1,270,236,0,0,0,1.000369,1.016367,0,1,1,2,50,20,1,1000,6,25,15,1.2,13.019,-80.58575,-80.58575,1,0,16,0,95.58575,95.58575,1,1,150,0,0,0,127,30,0,0,30,1,-129.6542,
91.13416,2326.483,20.38194,0.01685771,0,89.58966,23.1328,14.2464,96.81434,376.2536,220.2163,0,2,2.597906,281.22,300,0.7,0,0,30.2701,30.2701,1,1,1.002752,0.9961766,300,0.3468453,0,0,79.22058,1,0,1,1,31.67023,1.938399,0,1,270,236,0,0,0,1.00041,1.016266,0,1,1,2,40,19.56522,1,1000,6,25,15,1.2,13.01915,-77.58401,-77.58401,1,0,16,0,92.58401,92.58401,1,1,150,0,0,0,127,30,0,0,30,1,-129.6181,
91.23786,2287.283,20.6592,0.04986627,0,89.54879,23.1132,14.42038,96.73305,377.1521,220.6741,0,2,2.535072,282.15,300,0.7,0,0,30.26619,30.26619,1,1,0.9905734,0.9962426,300,0.3515422,0,0,79.22058,1,0,1,1,31.07478,1.896603,0,1,270,228,0,0,0,1.000451,1.016226,0,1,1,2,20,19.14894,1,1000,6,25,15,1.2,13.02098,-71.70827,-71.70827,1,0,16,0,86.70827,86.70827,1,1,150,0,0,0,128,30,0,0,30,1,-129.3408,
91.33965,2223.375,20.12879,0,0,89.69865,23.21283,14.38375,96.9566,373.5748,216.0964,0,2,2.445713,282.54,300,0.7,0,0,30.02209,30.02209,1,1,0.9931373,0.9959076,300,0.3396556,0,0,79.22058,1,0,1,1,30.15227,1.904062,0,1,270,208,0,0,0,1.000301,1.016426,0,1,1,2,40,18.5567,1,1000,6,25,15,1.2,13.01656,-74.51842,-74.51842,1,0,16,0,89.51842,89.51842,1,1,150,0,0,0,128,30,0,0,30,1,-129.8712,
91.44395,2170.767,20.30358,0.02157322,0,89.50792,23.1328,14.2812,96.76353,362.4526,217.9656,0,2,2.442113,282.39,300,0.7,0,0,31.25474,31.25474,1,1,1.000316,0.9961766,300,0.35678,0,0,79.22058,1,0,1,1,29.36064,1.9297,0,1,270,220,0,0,0,1.000492,1.016266,0,1,1,2,30,18.14516,1,1000,6,25,15,1.2,13.01884,-72.2192,-72.2192,1,0,16,0,87.2192,87.2192,1,1,150,0,0,0,128,30,0,0,30,1,-129.6964,
91.54546,2115.059,20.03235,0.03571974,0,89.52835,23.16547,14.25235,96.86515,367.2168,214.9901,0,2,2.397067,282.68,300,0.7,0,0,32.09545,32.09545,1,1,1.002335,0.9960668,300,0.3614585,0,0,79.22058,1,0,1,1,28.55571,1.936911,0,1,270,224,0,0,0,1.000472,1.016331,0,1,1,2,30,17.75148,1,1000,6,25,15,1.2,13.01961,-48.65265,-48.65265,1,0,16,0,63.65265,63.65265,1,1,150,0,0,0,127,30,0,0,30,1,-129.9677,
91.64706,2083.912,20.12879,0.009784449,0,89.50111,23.09361,14.16354,96.78386,360.825,215.5242,0,2,2.396499,282.84,300,0.7,0,0,32.82081,32.82081,1,1,1.008553,0.9963084,300,0.3714547,0,0,79.22058,1,0,1,1,28.08636,1.959116,0,1,270,232,0,0,0,1.000499,1.016187,0,1,1,2,50,17.47573,1,1000,6,25,15,1.2,13.01976,-33.1146,-33.1146,1,0,16,0,48.1146,48.1146,1,1,150,0,0,0,128,30,0,0,30,1,-129.8712,
91.74726,2027.438,19.95399,0.03100424,0,89.50111,23.14423,14.29951,96.79402,357.6884,215.1808,0,2,2.331554,283.08,300,0.7,0,0,33.76466,33.76466,1,1,0.9990342,0.9961382,300,0.3787914,0,0,79.22058,1,0,1,1,27.26749,1.925122,0,1,270,224,0,0,0,1.000499,1.016288,0,1,1,2,30,16.98113,1,1000,6,25,15,1.2,13.02113,-27.51171,-27.51171,1,0,16,0,42.51171,42.51171,1,1,150,0,0,0,128,30,0,0,30,1,-130.046,
91.85026,2017.349,19.9781,0.01685771,0,89.45342,23.08054,14.13515,96.71273,348.8382,217.3171,0,2,2.235895,283.65,300,0.7,0,0,33.99249,33.99249,1,1,1.01054,0.9963524,300,0.3182171,0,0,79.22058,1,0,1,1,27.11593,1.966213,0,1,270,212,0,0,0,1.000547,1.016161,0,1,1,2,30,16.79105,1,1000,6,25,15,1,13.02037,-24.83697,-24.83697,1,0,6,0,39.83697,39.83697,1,1,150,0,0,0,127,30,0,0,30,1,-130.0219,
91.95206,1934.61,20.42413,0.02157322,0,89.48748,23.14423,14.35445,96.73305,345.922,221.8376,0,2,2.144193,284.58,300,0.7,0,0,36.15084,36.15084,1,1,0.9951884,0.9961382,300,0.3466907,0,0,79.22058,1,0,1,1,26.05165,1.911387,0,1,270,216,0,0,0,1.000512,1.016288,0,1,1,2,30,16.07143,1,1000,6,25,14.96731,1,13.02022,-20.03115,-20.03115,1,0,6,0,34.99846,34.99846,1,1,150,0,0,0,127,30,0,0,30,1,-129.5759,
92.05255,1941.622,20.55071,0.04515076,0,89.52835,23.13117,14.22855,96.8245,344.7352,217.546,0,2,2.200505,283.9,300,0.7,0,0,36.15173,36.15173,1,1,1.004002,0.9961821,300,0.3487583,0,0,79.22058,1,0,1,1,26.12117,1.942863,0,1,270,224,0,0,0,1.000472,1.016262,0,1,1,2,40,16.01423,1,1000,6,25,14.97081,1,13.02113,-19.93007,-19.93007,1,0,6,0,34.89576,34.89576,1,1,150,0,0,0,127,30,0,0,30,1,-129.4493,
92.15256,1872.309,20.92441,0.04279301,0,89.48748,23.08707,14.38925,96.75337,343.311,219.892,0,2,2.231168,284.05,300,0.7,0,0,37.99144,37.99144,1,1,0.9927527,0.9963304,300,0.4488901,0,0,79.22058,1,0,1,1,25.28758,1.902688,0,1,270,220,0,0,0,1.000512,1.016174,0,1,1,2,50,15.90106,1,1000,6,25,14.93615,1.2,13.02068,-15.52229,-15.52229,1,0,16,0,30.45844,30.45844,1,1,150,0,0,0,127,30,0,0,30,1,-129.0756,
92.25256,1876.525,21.29811,0.02157322,0,89.50792,23.10014,14.30363,96.75337,344.8708,222.8103,0,2,2.283105,283.59,300,0.7,0,0,38.33846,38.33846,1,1,0.9987459,0.9962865,300,0.4609976,0,0,79.22058,1,0,1,1,25.30598,1.924092,0,1,270,192,0,0,0,1.000492,1.0162,0,1,1,2,50,15.59792,1,1000,6,25,14.93826,1.2,13.01854,-13.20857,-13.20857,1,0,16,0,28.14683,28.14683,1,1,150,0,0,0,128,30,0,0,30,1,-128.7019,
92.35796,1804.511,21.38852,0.04043525,0,89.54879,23.15893,14.29585,96.9566,322.83,217.4888,0,2,2.225564,283.86,300,0.7,0,0,39.52708,39.52708,1,1,0.9992906,0.9960887,300,0.4784017,0,0,79.22058,1,0,1,1,24.47653,1.926038,0,1,270,200,0,0,0,1.000451,1.016318,0,1,1,2,10,15.07538,1,1000,6,25,14.90226,1.2,13.01961,-12.39246,-12.39246,1,0,16,0,27.29472,27.29472,1,1,150,0,0,0,127,30,0,0,30,1,-128.6115,
92.46005,1790.083,22.00331,0.01921546,0,89.58966,23.08054,14.07151,96.97692,328.1707,217.298,0,2,2.267438,283.4,300,0.7,0,0,40.39901,40.39901,1,1,1.014994,0.9963524,300,0.5032882,0,0,79.22058,1,0,1,1,24.27359,1.982123,0,1,270,204,0,0,0,1.00041,1.016161,0,1,1,2,20,14.80263,1,1000,6,25,14.89504,1.2,13.01915,-12.31323,-12.31323,1,0,16,0,27.20827,27.20827,1,1,150,0,0,0,127,30,0,0,30,1,-127.9967,
92.56226,1825.928,21.54523,0.02393097,0,89.61691,23.11974,14.27433,97.00741,334.4947,218.7858,0,2,2.251978,284.14,300,0.7,0,0,39.45717,39.45717,1,1,1.000797,0.9962206,300,0.4807032,0,0,79.22058,1,0,1,1,24.71009,1.931417,0,1,270,196,0,0,0,1.000383,1.016239,0,1,1,2,10,15.30612,1,1000,6,25,14.91296,1.2,13.02159,-12.81398,-12.81398,1,0,16,0,27.72695,27.72695,1,1,150,0,0,0,128,30,0,0,30,1,-128.4548,
92.66415,1739.433,21.92496,0.002711187,0,89.52155,23.10667,14.14202,96.85499,327.7977,217.5841,0,2,2.217777,284.36,300,0.7,0,0,40.89115,40.89115,1,1,1.010059,0.9962645,300,0.5084855,0,0,79.22058,1,0,1,1,23.70602,1.964496,0,1,270,204,0,0,0,1.000479,1.016213,0,1,1,2,60,14.63415,1,1000,6,25,14.86972,1.2,13.02037,-12.95603,-12.95603,1,0,16,0,27.82574,27.82574,1,1,150,0,0,0,127,30,0,0,30,1,-128.075,
92.76556,1727.016,22.22632,0.03336199,0,89.54198,23.10667,14.28898,96.91595,322.4401,217.9656,0,2,2.230729,283.91,300,0.7,0,0,41.36835,41.36835,1,1,0.9997714,0.9962645,300,0.5216978,0,0,79.22058,1,0,1,1,23.55103,1.927755,0,1,270,196,0,0,0,1.000458,1.016213,0,1,1,2,40,14.42308,1,1000,6,25,14.86351,1.2,13.02159,-10.22374,-10.22374,1,0,16,0,25.08725,25.08725,1,1,150,0,0,0,127,30,0,0,30,1,-127.7737,
92.86745,1741.958,23.20277,2.327456,0,89.37849,23.08544,14.34209,96.87531,319.0323,219.7776,0,2,2.250029,283.51,300,0.7,0,0,42.29064,85.593,1,1,0.9960538,0.9963359,300,1.126488,43.30237,1.021157,588.9467,1,0,1,1,23.66831,1.914477,0,1,270,188,0,0,0,1.000622,1.016171,0,1,1,2,40,14.49275,1,1000,6,25,14.87098,1.2,13.01869,-6.990713,-6.990713,1,0,16,0,21.86169,21.86169,1,1,150,0,0,0,127,30,0,0,30,1,-126.7972,
92.97095,1710.864,43.43677,9.286769,0,89.48067,23.10667,14.1791,96.9566,329.6796,247.4155,0,2,4.205874,269.2,300,0.7,0,0,55.82306,80.83177,1,1,1.007463,0.9962645,300,1.991138,25.00871,0.4985116,177.2878,1,0,1,1,22.10264,1.955225,0,1,270,196,0,0,0,1.000519,1.016213,0,1,1,2,40,14.26307,1,1000,6,25,14.87199,1.2,13.02129,-4.713841,-4.713841,1,0,16,0,19.58212,19.58212,1,1,150,0,0,0,127,30,0,0,30,1,-106.5632,
93.07285,1868.344,67.60064,13.44808,0,89.37167,23.01521,14.43869,96.93628,333.8165,263.9334,0,2,7.239832,245.51,300,0.7,0,0,68.52309,68.52309,1,1,0.9892915,0.9965721,300,2.665294,0,0,177.2878,1,0,1,1,25.29288,1.893551,0,1,270,216,0,0,0,1.000628,1.01603,0,1,1,2,30,14.58671,1,1000,6,25,14.66145,1.2,13.02037,-1.798563,-1.798563,1,0,16,0,16.45137,16.45137,1,1,150,0,0,0,127,30,0,0,30,1,-82.39936,
93.17475,1847.632,68.00447,4.326832,0,89.53516,23.05278,14.27296,96.90579,336.4445,273.8136,0,2,5.589087,261.2,300,0.7,0,0,68.77415,68.77415,1,1,1.000893,0.9964458,300,2.692609,0,0,177.2878,1,0,1,1,25.19092,1.931761,0,1,270,240,0,0,0,1.000465,1.016106,0,1,1,2,40,15.65217,1,1000,6,25,14.64973,1.2,13.01793,0.699398,0.699398,1,0,16,0,13.97782,13.97782,1,1,150,0,0,0,127,30,0,0,30,1,-81.99553,
93.27554,1652.984,57.14911,5.732053,0,89.42617,23.16873,14.38284,96.85499,308.3679,255.0069,0,2,5.881867,257.56,300,0.7,0,0,64.49286,81.03321,1,1,0.9932014,0.9960558,300,2.636641,16.54035,0.2534219,181.9747,1,0,1,1,22.05074,1.904291,0,1,270,208,0,0,0,1.000574,1.016337,0,1,1,2,30,14.01869,1,1000,6,25,14.81284,1.2,13.01732,1.009307,1.009307,1,0,16,0,13.78943,13.78943,1,1,150,0,0,0,127,30,0,0,30,1,-92.85089,
93.37685,1811.375,62.10967,9.481979,0,89.47386,23.12464,14.33248,96.90579,325.3732,260.3666,0,2,6.762469,250.83,300,0.7,0,0,66.71562,95.84404,1,1,0.9967267,0.9962041,300,3.395192,29.12842,0.4440921,148.0307,1,0,1,1,23.82418,1.916881,0,1,270,204,0,0,0,1.000526,1.016249,0,1,1,2,40,14.30843,1,1000,6,25,14.7871,1.2,13.02724,0.9091625,0.9091625,1,0,16,0,13.84707,13.84707,1,1,150,0,0,0,127,30,0,0,30,1,-87.89034,
93.47884,1896.454,65.58145,7.548922,0,89.58966,23.1328,14.0619,97.06837,347.7192,270.5329,0,2,4.899172,263.94,300,0.7,0,0,67.67149,67.67149,1,1,1.015667,0.9961766,300,2.119068,0,0,148.0307,1,0,1,1,25.12563,1.984526,0,1,270,208,0,0,0,1.00041,1.016266,0,1,1,2,40,15.73427,1,1000,6,25,14.71731,1,13.0193,1.903378,1.903378,1,0,8,0,12.82689,12.82689,1,1,150,0,0,0,127,30,0,0,30,1,-84.41855,
93.58105,1883.83,62.98364,7.38466,0,89.49429,23.10667,14.43137,96.9566,341.1409,265.9933,0,2,4.678179,266.44,300,0.7,0,0,66.81877,66.81877,1,1,0.9898043,0.9962645,300,2.000774,0,0,148.0307,1,0,1,1,24.50751,1.894772,0,1,270,216,0,0,0,1.000506,1.016213,0,1,1,2,30,15.67944,1,1000,6,25,14.78332,1,13.01793,3.033387,3.033387,1,0,8,0,11.75135,11.75135,1,1,150,0,0,0,127,30,0,0,30,1,-87.01636,
93.68244,1856.665,61.14528,7.406085,0,89.53516,23.00051,14.34346,96.9566,333.2401,260.4238,0,2,4.610719,266.73,300,0.7,0,0,66.27568,66.27568,1,1,0.9959576,0.9966216,300,1.921596,0,0,148.0307,1,0,1,1,23.95824,1.914134,0,1,270,212,0,0,0,1.000465,1.016001,0,1,1,2,20,15.54404,1,1000,6,25,14.82334,1,13.01976,3.687551,3.687551,1,0,8,0,11.10023,11.10023,1,1,150,0,0,0,127,30,0,0,30,1,-88.85472,
93.78384,1912.655,61.31405,7.589392,0,89.50792,23.06094,14.37643,97.07854,349.7537,267.0424,0,2,4.574434,266.53,300,0.7,0,0,65.87392,65.87392,1,1,0.9936501,0.9964183,300,1.913566,0,0,148.0307,1,0,1,1,24.37147,1.905893,0,1,270,208,0,0,0,1.000492,1.016122,0,1,1,2,30,15.76182,1,1000,6,25,14.83529,1,13.01976,2.784708,2.784708,1,0,8,0,12.06675,12.06675,1,1,150,0,0,0,127,30,0,0,30,1,-88.68594,
93.88625,1918.527,59.77103,7.867924,0,89.46024,23.08054,14.09806,96.71273,337.8517,258.1731,0,2,4.508537,267.72,300,0.7,0,0,65.15722,65.15722,1,1,1.013135,0.9963524,300,1.741384,0,0,148.0307,1,0,1,1,24.08913,1.975484,0,1,270,212,0,0,0,1.00054,1.016161,0,1,1,2,30,15.9292,1,1000,6,25,14.87513,0.9462968,13.02129,1.42666,1.42666,1,0,16,0,13.40737,13.40737,1,1,150,0,0,0,127,30,0,0,30,1,-90.22897,
93.98834,1925.916,63.79734,9.729563,0,89.43298,23.06747,14.28486,96.88547,343.8366,268.7781,0,2,5.713552,258.95,300,0.7,0,0,66.84248,90.78656,1,1,1.00006,0.9963963,300,2.608212,23.94407,0.361853,120.6177,1,0,1,1,24.98561,1.928785,0,1,270,196,0,0,0,1.000567,1.016135,0,1,1,2,10,16.10018,1,1000,6,25,14.77076,0.9462968,13.01915,0.5565252,0.5565252,1,0,16,0,14.23548,14.23548,1,1,150,0,0,0,127,30,0,0,30,1,-86.20265,
94.09064,2006.421,68.56503,12.34109,0,89.42617,23.05114,14.15209,96.7737,358.8413,271.3149,0,2,5.718298,258.69,300,0.7,0,0,67.94164,99.06277,1,1,1.009354,0.9964513,300,3.085241,31.12113,0.4601134,156.0216,1,0,1,1,26.68944,1.961978,0,1,270,228,0,0,0,1.000574,1.016102,0,1,1,2,40,16.42336,1,1000,6,25,14.64397,0.9462968,13.02205,-0.6577682,-0.6577682,1,0,16,0,15.33381,15.33381,1,1,150,0,0,0,127,30,0,0,30,1,-81.43497,
94.19174,1996.539,75.96667,13.87421,0,89.37167,23.04788,14.38146,96.67208,349.0077,275.9117,0,2,6.12272,257.76,300,0.7,0,0,70.57876,70.57876,1,1,0.9932976,0.9964622,300,2.602866,0,0,156.0216,1,0,1,1,25.47739,1.904634,0,1,270,228,0,0,0,1.000628,1.016096,0,1,1,2,30,16.63586,1,1000,6,25,14.48032,1,13.01915,-0.9420347,-0.9420347,1,0,7,0,15.39346,15.39346,1,1,150,0,0,0,127,30,0,0,30,1,-74.03333,
94.29304,2047.782,80.25819,15.98819,0,89.32399,23.02175,14.28898,96.88547,350.2963,281.5003,0,2,6.569966,252.13,300,0.7,0,0,71.76139,94.38312,1,1,0.9997714,0.9965501,300,3.702186,22.62173,0.3145845,105.8733,1,0,1,1,24.94945,1.927755,0,1,270,248,0,0,0,1.000676,1.016043,0,1,1,2,40,16.91729,1,1000,6,25,14.38451,1,13.01915,-0.1586237,-0.1586237,1,0,7,0,14.51637,14.51637,1,1,150,0,0,0,127,30,0,0,30,1,-69.74181,
94.39344,2121.641,86.78587,18.65924,0,89.4398,23.08054,14.18597,96.92612,368.8953,294.1844,0,2,9.40594,233.47,300,0.7,0,0,73.74632,98.7761,1,1,1.006982,0.9963524,300,4.306042,25.02978,0.3480715,117.3495,1,0,1,1,23.99291,1.953508,0,1,270,296,0,0,0,1.00056,1.016161,0,1,1,2,30,17.61253,1,1000,6,25,13.99285,1,13.02129,-0.5257015,-0.5257015,1,0,8,0,14.50951,14.50951,1,1,150,0,0,0,127,30,0,0,30,1,-63.21413,
94.49544,2188.663,87.85875,19.57101,0,89.35124,22.97602,14.39108,96.8245,372.6253,288.7293,0,2,7.678559,244.49,300,0.7,0,0,73.90744,73.90744,1,1,0.9926245,0.996704,300,3.277596,0,0,117.3495,1,0,1,1,24.05025,1.90223,0,1,270,324,0,0,0,1.000649,1.015952,0,1,1,2,30,18.07229,1,1000,6,25,13.92847,1,13.01762,0.0325079,0.0325079,1,0,8,0,13.94551,13.94551,1,1,150,0,0,0,127,30,0,0,30,1,-62.14125,
94.59824,2212.063,91.06532,21.685,0,89.41936,23.08381,14.20749,96.87531,376.0671,299.6586,0,2,9.78838,228.14,300,0.7,0,0,74.81606,92.53498,1,1,1.005476,0.9963414,300,4.322134,17.71893,0.2389439,83.17567,1,0,1,1,23.51399,1.948128,0,1,270,276,0,0,0,1.000581,1.016168,0,1,1,2,30,18.48049,1,1000,6,25,13.70412,1,13.02037,0.414402,0.414402,1,0,8,0,13.30382,13.30382,1,1,150,0,0,0,127,30,0,0,30,1,-58.93468,
94.70003,2291.651,94.54916,23.40142,0,89.58966,23.08054,14.22031,96.96677,379.6444,300.4215,0,2,8.899242,236.16,300,0.7,0,0,76.11962,76.11962,1,1,1.004579,0.9963524,300,3.822801,0,0,83.17567,1,0,1,1,23.14802,1.944924,0,1,270,312,0,0,0,1.00041,1.016161,0,1,1,2,20,18.90756,1,1000,6,25,13.39058,1.012064,13.01762,-0.6763849,-0.6763849,1,0,16,0,14.24489,14.24489,1,1,150,0,0,0,127,30,0,0,30,1,-55.45084,
94.80203,2336.631,93.97054,21.17555,0,89.63054,23.13117,14.00375,96.99725,384.8495,298.3997,0,2,9.054443,234.86,300,0.7,0,0,76.26912,76.26912,1,1,1.019737,0.9961821,300,3.791694,0,0,83.17567,1,0,1,1,23.4416,1.999062,0,1,270,264,0,0,0,1.000369,1.016262,0,1,1,2,20,19.48052,1,1000,6,25,13.44265,1.012064,13.01915,0.8696651,0.8696651,1,0,16,0,12.74712,12.74712,1,1,150,0,0,0,127,30,0,0,30,1,-56.02946,
94.90703,2405.581,92.74094,19.79717,0,89.42617,23.02828,14.05503,96.97692,379.6784,297.7893,0,2,9.421859,230.86,300,0.7,0,0,76.41446,76.41446,1,1,1.016148,0.9965281,300,3.719898,0,0,83.17567,1,0,1,1,23.95893,1.986243,0,1,270,276,0,0,0,1.000574,1.016057,0,1,1,2,40,19.9115,1,1000,6,25,13.55331,1.012064,13.02296,0.6718664,0.6718664,1,0,16,0,12.914,12.914,1,1,150,0,0,0,127,30,0,0,30,1,-57.25906,
95.00903,2460.832,89.92011,19.12822,0,89.37167,23.05441,14.47898,96.72289,378.695,293.7266,0,2,9.269133,233.01,300,0.7,0,0,76.03738,76.03738,1,1,0.9864713,0.9964402,300,3.469966,0,0,83.17567,1,0,1,1,24.73402,1.886836,0,1,270,268,0,0,0,1.000628,1.016109,0,1,1,2,40,20.36199,1,1000,6,25,13.80479,0.9966487,13.02037,0.79356,0.79356,1,0,16,0,12.92683,12.92683,1,1,150,0,0,0,127,30,0,0,30,1,-60.07989,
95.10913,2531.646,91.22204,18.48545,0,89.40574,23.05441,14.29768,96.9566,388.8677,294.5087,0,2,9.451476,232.24,300,0.7,0,0,76.93715,76.93715,1,1,0.9991624,0.9964402,300,3.591602,0,0,83.17567,1,0,1,1,24.79318,1.92558,0,1,270,260,0,0,0,1.000594,1.016109,0,1,1,2,30,20.83333,1,1000,6,25,13.69002,0.9966487,13.02098,0.8835459,0.8835459,1,0,16,0,12.93463,12.93463,1,1,150,0,0,0,127,30,0,0,30,1,-58.77796,
95.20973,2594.707,77.23846,8.767796,0,89.31037,23.05441,14.24549,96.64159,380.3396,280.4704,0,2,8.238194,241.46,300,0.7,0,0,73.16958,73.16958,1,1,1.002816,0.9964402,300,2.677539,0,0,83.17567,1,0,1,1,28.24187,1.938628,0,1,270,244,0,0,0,1.00069,1.016109,0,1,1,2,20,21.58273,1,1000,6,25,14.4826,0.976029,13.02266,1.441047,1.441047,1,0,16,0,12.96764,12.96764,1,1,150,0,0,0,127,30,0,0,30,1,-72.76154,
95.31063,2557.981,54.37048,3.277632,0,89.36487,23.02828,14.20794,96.87531,383.1031,255.6935,0,2,5.435709,261.31,300,0.7,0,0,62.60733,62.60733,1,1,1.005444,0.9965281,300,1.561618,0,0,83.17567,1,0,1,1,32.09863,1.948014,0,1,270,244,0,0,0,1.000635,1.016057,0,1,1,2,20,21.42857,1,1000,6,25,14.9563,0.976029,13.02159,2.35096,2.35096,1,0,16,0,12.60775,12.60775,1,1,150,0,0,0,127,30,0,0,30,1,-95.62952,
95.41483,2610.284,41.61649,3.353079,0,89.35124,22.98255,14.29905,96.69241,384.9342,243.8296,0,2,4.045941,270.67,300,0.7,0,0,50.10072,50.10072,1,1,0.9990663,0.9966821,300,0.894151,0,0,83.17567,1,0,1,1,35.24347,1.925237,0,1,270,240,0,0,0,1.000649,1.015965,0,1,1,2,20,21.42857,1,1000,6,25,15,0.9149786,13.02357,3.212983,3.212983,1,0,16,0,11.78702,11.78702,1,1,150,0,0,0,127,30,0,0,30,1,-108.3835,
95.51874,2657.219,35.96278,3.862354,0,89.42617,22.97602,14.11317,96.76353,382.4928,235.8186,0,2,3.919398,271.45,300,0.7,0,0,43.28649,49.23834,1,1,1.012078,0.996704,300,0.7593285,5.951856,0.1314927,50.29869,1,0,1,1,35.88467,1.971707,0,1,270,216,0,0,0,1.000574,1.015952,0,1,1,2,20,21.95122,1,1000,6,25,15,0.9149786,13.02296,3.984172,3.984172,1,0,16,0,11.01583,11.01583,1,1,150,0,0,0,127,30,0,0,30,1,-114.0372,
95.62003,2628.121,36.22799,4.647487,0,89.47386,23.05604,14.30684,96.98708,389.8171,236.677,0,2,3.810775,272.04,300,0.7,0,0,43.19825,51.28697,1,1,0.9985214,0.9964348,300,0.7966263,8.088717,0.1931977,73.65166,1,0,1,1,35.52731,1.923291,0,1,270,212,0,0,0,1.000526,1.016112,0,1,1,2,30,22.11302,1,1000,6,25,15,0.9149786,13.02235,3.721673,3.721673,1,0,16,0,11.27833,11.27833,1,1,150,0,0,0,127,30,0,0,30,1,-113.772,
95.72233,2654.163,42.43621,7.351331,0,89.5556,22.99888,14.20566,96.9566,388.1895,245.2411,0,2,5.175617,261.28,300,0.7,0,0,51.70321,69.99306,1,1,1.005604,0.9966272,300,1.391821,18.28985,0.4030596,155.9245,1,0,1,1,35.74213,1.948586,0,1,270,248,0,0,0,1.000444,1.015998,0,1,1,2,30,21.89781,1,1000,6,25,15,1,13.02144,2.429847,2.429847,1,0,8,0,12.57015,12.57015,1,1,150,0,0,0,127,30,0,0,30,1,-107.5638,
95.82262,2732.24,47.13157,7.675095,0,89.43298,23.00868,14.0445,97.02773,393.8862,248.9033,0,2,5.100183,263.76,300,0.7,0,0,57.63841,57.63841,1,1,1.016885,0.9965942,300,1.273101,0,0,155.9245,1,0,1,1,35.80673,1.988876,0,1,270,224,0,0,0,1.000567,1.016017,0,1,1,2,20,22.67002,1,1000,6,25,15,1,13.01915,0.5803967,0.5803967,1,0,8,0,14.4196,14.4196,1,1,150,0,0,0,127,30,0,0,30,1,-102.8684,
95.92462,2637.131,49.89212,7.903633,0,89.31037,22.98745,14.19329,96.80418,382.7471,247.6635,0,2,5.186357,262.27,300,0.7,0,0,59.46723,59.46723,1,1,1.006469,0.9966655,300,1.385581,0,0,155.9245,1,0,1,1,34.0003,1.951676,0,1,270,212,0,0,0,1.00069,1.015975,0,1,1,2,30,22.11302,1,1000,6,25,15,0.9963616,13.02388,0.05617809,0.05617809,1,0,16,0,14.94382,14.94382,1,1,150,0,0,0,127,30,0,0,30,1,-100.1079,
96.02663,2720.348,54.67185,11.68405,0,89.32399,22.89762,14.4039,96.79402,383.7305,254.015,0,2,7.934348,243.04,300,0.7,0,0,64.54299,94.68492,1,1,0.9917272,0.996968,300,2.425329,30.14193,0.4956496,275.7559,1,0,1,1,34.07302,1.89935,0,1,270,216,0,0,0,1.000676,1.015795,0,1,1,2,20,22.44389,1,1000,6,25,14.95328,0.9963616,13.02037,-0.6832886,-0.6832886,1,0,16,0,15.64308,15.64308,1,1,150,0,0,0,127,30,0,0,30,1,-95.32815,
96.12762,2780.352,63.1946,12.40537,0,89.3308,23.00378,14.25922,96.81434,399.3117,265.6119,0,2,7.182577,248.56,300,0.7,0,0,69.84635,69.84635,1,1,1.001854,0.9966106,300,2.091613,0,0,275.7559,1,0,1,1,32.97387,1.935194,0,1,270,220,0,0,0,1.000669,1.016008,0,1,1,2,20,23.25581,1,1000,6,25,14.83611,1,13.02281,-1.459529,-1.459529,1,0,8,0,16.29371,16.29371,1,1,150,0,0,0,127,30,0,0,30,1,-86.8054,
96.23192,2709.782,62.30254,9.441509,0,89.35806,22.94988,14.39108,96.79402,395.446,265.8026,0,2,6.706711,251.39,300,0.7,0,0,68.58992,68.58992,1,1,0.9926245,0.996792,300,2.02266,0,0,275.7559,1,0,1,1,32.48803,1.90223,0,1,270,220,0,0,0,1.000642,1.0159,0,1,1,2,30,22.72727,1,1000,6,25,14.85395,1,13.02342,0.5067768,0.5067768,1,0,8,0,14.36333,14.36333,1,1,150,0,0,0,127,30,0,0,30,1,-87.69746,
96.33372,2812.148,55.07569,7.472743,0,89.48067,23.00215,14.24823,96.94644,391.6482,255.293,0,2,6.350769,253.92,300,0.7,0,0,65.52274,65.52274,1,1,1.002624,0.9966161,300,1.685421,0,0,275.7559,1,0,1,1,35.13446,1.937941,0,1,270,256,0,0,0,1.000519,1.016004,0,1,1,2,10,23.07692,1,1000,6,25,14.94924,0.9932579,13.01823,-0.1816273,-0.1816273,1,0,16,0,15.12611,15.12611,1,1,150,0,0,0,127,30,0,0,30,1,-94.92432,
96.43712,2791.217,47.10143,5.213347,0,89.46705,22.97765,14.0912,97.0379,397.9044,248.4264,0,2,5.210272,263.65,300,0.7,0,0,58.26641,58.26641,1,1,1.013616,0.9966985,300,1.27749,0,0,275.7559,1,0,1,1,36.58611,1.977201,0,1,270,208,0,0,0,1.000533,1.015955,0,1,1,2,20,23.4987,1,1000,6,25,15,0.9932579,13.02251,0.5721617,0.5721617,1,0,16,0,14.42784,14.42784,1,1,150,0,0,0,127,30,0,0,30,1,-102.8986,
96.53822,2793.816,38.64498,4.722935,0,89.35806,22.95315,14.26105,96.88547,392.7842,235.7233,0,2,4.330415,268.33,300,0.7,0,0,48.65475,48.65475,1,1,1.001726,0.996781,300,0.8602656,0,0,275.7559,1,0,1,1,37.62511,1.934737,0,1,270,244,0,0,0,1.000642,1.015906,0,1,1,2,20,23.37662,1,1000,6,25,15,0.9761322,13.02754,1.121309,1.121309,1,0,16,0,13.87869,13.87869,1,1,150,0,0,0,127,30,0,0,30,1,-111.355,
96.64182,2827.521,35.81813,4.704072,0,89.31718,22.87149,14.30134,96.92612,392.5468,235.4753,0,2,4.076343,270.18,300,0.7,0,0,45.22179,45.22179,1,1,0.998906,0.997056,300,0.7411952,0,0,275.7559,1,0,1,1,37.95845,1.924664,0,1,270,216,0,0,0,1.000683,1.015743,0,1,1,2,30,23.4375,1,1000,6,25,15,0.9761322,13.02296,1.559983,1.559983,1,0,16,0,13.44002,13.44002,1,1,150,0,0,0,127,30,0,0,30,1,-114.1819,
96.74642,2813.203,33.52168,3.702027,0,89.35806,22.89762,14.3691,96.90579,396.3277,234.9031,0,2,3.797825,273,300,0.7,0,0,42.42826,42.42826,1,1,0.9941629,0.996968,300,0.6326451,0,0,275.7559,1,0,1,1,37.71202,1.907724,0,1,270,220,0,0,0,1.000642,1.015795,0,1,1,2,30,23.62205,1,1000,6,25,15,0.9489418,13.02281,1.209555,1.209555,1,0,16,0,13.79045,13.79045,1,1,150,0,0,0,127,30,0,0,30,1,-116.4783,
96.84782,2797.203,29.35675,3.00649,0,89.4398,22.94988,14.3746,96.96677,393.3437,225.0801,0,2,3.519814,274.86,300,0.7,0,0,39.95673,39.95673,1,1,0.9937783,0.996792,300,0.5216864,0,0,275.7559,1,0,1,1,37.40858,1.906351,0,1,270,212,0,0,0,1.00056,1.0159,0,1,1,2,30,23.31606,1,1000,6,25,15,0.9489418,13.02037,0.1554956,0.1554956,1,0,16,0,14.8445,14.8445,1,1,150,0,0,0,127,30,0,0,30,1,-120.6432,
96.95212,2749.771,27.8077,3.015921,0,89.52155,22.96458,14.3105,96.97692,396.5481,228.1319,0,2,3.391384,275.74,300,0.7,0,0,38.65854,38.65854,1,1,0.9982651,0.9967426,300,0.4894308,0,0,275.7559,1,0,1,1,36.86916,1.922375,0,1,270,236,0,0,0,1.000479,1.015929,0,1,1,2,20,23.19588,1,1000,6,25,15,0.9715231,13.02037,-1.212336,-1.212336,1,0,16,0,16.21234,16.21234,1,1,150,0,0,0,127,30,0,0,30,1,-122.1923,
97.05451,2806.361,27.39784,3.018278,0,89.33762,22.90416,14.39657,96.89563,398.2266,224.7177,0,2,3.461179,274.54,300,0.7,0,0,38.9893,38.9893,1,1,0.99224,0.996946,300,0.4864737,0,0,275.7559,1,0,1,1,37.45361,1.900857,0,1,270,240,0,0,0,1.000662,1.015808,0,1,1,2,30,23.19588,1,1000,6,25,15,0.9715231,13.02159,-2.001945,-2.001945,1,0,16,0,17.00195,17.00195,1,1,150,0,0,0,127,30,0,0,30,1,-122.6022,
97.15582,2825.923,26.71071,3.00649,0,89.46024,22.94988,14.3398,97.04806,394.2253,226.7586,0,2,3.508854,274.61,300,0.7,0,0,38.52234,38.52234,1,1,0.996214,0.996792,300,0.5000526,0,0,275.7559,1,0,1,1,37.64218,1.91505,0,1,270,236,0,0,0,1.00054,1.0159,0,1,1,2,20,23.4375,1,1000,6,25,15,1.036942,13.02281,-3.42655,-3.42655,1,0,16,0,18.42655,18.42655,1,1,150,0,0,0,127,30,0,0,30,1,-123.2893,
97.25771,2744.739,27.1025,3.056003,0,89.35124,22.84536,14.35399,96.8245,388.4608,222.6577,0,2,3.47667,275.23,300,0.7,0,0,38.29295,38.29295,1,1,0.9952205,0.997144,300,0.504495,0,0,275.7559,1,0,1,1,36.80407,1.911502,0,1,270,200,0,0,0,1.000649,1.015691,0,1,1,2,20,22.90076,1,1000,6,25,15,1.036942,13.02312,-5.449623,-5.449623,1,0,16,0,20.44962,20.44962,1,1,150,0,0,0,127,30,0,0,30,1,-122.8975,
97.35792,2784.74,27.27126,3.188037,0,89.33762,22.85843,14.2519,96.87531,400.8036,224.1455,0,2,3.504131,274.89,300,0.7,0,0,38.79813,38.79813,1,1,1.002367,0.9971,300,0.514331,0,0,275.7559,1,0,1,1,37.22495,1.937026,0,1,270,236,0,0,0,1.000662,1.015717,0,1,1,2,10,23.13625,1,1000,6,25,15,1.036942,13.0222,-6.137232,-6.137232,1,0,16,0,21.13723,21.13723,1,1,150,0,0,0,127,30,0,0,30,1,-122.7287,
97.46191,2777.521,28.04277,3.364868,0,89.35124,22.89762,14.26838,96.87531,389.1729,225.9194,0,2,3.657068,273.58,300,0.7,0,0,39.08369,39.08369,1,1,1.001214,0.996968,300,0.5949215,0,0,275.7559,1,0,1,1,37.16498,1.932905,0,1,270,228,0,0,0,1.000649,1.015795,0,1,1,2,10,23.07692,1,1000,6,25,15,1.157979,13.02525,-6.785555,-6.785555,1,0,16,0,21.78555,21.78555,1,1,150,0,0,0,127,30,0,0,30,1,-121.9572,
97.56391,2744.488,28.25976,3.440316,0,89.41936,22.93519,14.33064,97.0379,391.5465,225.3472,0,2,3.636446,273.96,300,0.7,0,0,38.79637,38.79637,1,1,0.996855,0.9968415,300,0.5950455,0,0,275.7559,1,0,1,1,36.82146,1.917339,0,1,270,220,0,0,0,1.000581,1.01587,0,1,1,2,20,22.90076,1,1000,6,25,15,1.157979,13.02296,-4.843695,-4.843695,1,0,16,0,19.84369,19.84369,1,1,150,0,0,0,127,30,0,0,30,1,-121.7402,
97.66502,2741.479,28.64551,3.546416,0,89.42617,22.7784,14.19009,96.98708,396.5311,228.4371,0,2,3.723841,273.43,300,0.7,0,0,38.92839,38.92839,1,1,1.006694,0.9973696,300,0.6273172,0,0,275.7559,1,0,1,1,36.79588,1.952478,0,1,270,216,0,0,0,1.000574,1.015557,0,1,1,2,20,22.95918,1,1000,6,25,15,1.2,13.02312,-3.583826,-3.583826,1,0,16,0,18.58383,18.58383,1,1,150,0,0,0,127,30,0,0,30,1,-121.3545,
97.76641,2774.182,28.98305,3.52048,0,89.39211,22.84373,14.15667,96.88547,394.0388,229.6769,0,2,3.768264,272.24,300,0.7,0,0,39.48474,39.48474,1,1,1.009033,0.9971495,300,0.6437428,0,0,275.7559,1,0,1,1,37.15155,1.960833,0,1,270,208,0,0,0,1.000608,1.015687,0,1,1,2,10,22.90076,1,1000,6,25,15,1.2,13.02098,-2.39349,-2.39349,1,0,16,0,17.39349,17.39349,1,1,150,0,0,0,127,30,0,0,30,1,-121.017,
97.86791,2761.414,28.65757,3.534626,0,89.4398,22.89109,14.11317,96.97692,388.7999,224.8703,0,2,3.773932,272.42,300,0.7,0,0,39.1768,39.1768,1,1,1.012078,0.99699,300,0.6314771,0,0,275.7559,1,0,1,1,37.0082,1.971707,0,1,270,228,0,0,0,1.00056,1.015782,0,1,1,2,30,23.13625,1,1000,6,25,15,1.2,13.02312,-2.010031,-2.010031,1,0,16,0,17.01003,17.01003,1,1,150,0,0,0,127,30,0,0,30,1,-121.3424,
97.96802,2720.842,28.8625,3.515765,0,89.53516,22.84536,14.25922,96.9566,389.3255,226.1483,0,2,3.673136,273.98,300,0.7,0,0,38.76656,38.76656,1,1,1.001854,0.997144,300,0.6293136,0,0,275.7559,1,0,1,1,36.57885,1.935194,0,1,270,224,0,0,0,1.000465,1.015691,0,1,1,2,10,22.84264,1,1000,6,25,15,1.2,13.02037,-1.768845,-1.768845,1,0,16,0,16.76884,16.76884,1,1,150,0,0,0,127,30,0,0,30,1,-121.1375,
98.06922,2700.999,28.68168,3.38373,0,89.46705,22.82576,14.24457,97.04806,392.7503,227.0829,0,2,3.646349,274.01,300,0.7,0,0,38.44933,38.44933,1,1,1.00288,0.99721,300,0.6203127,0,0,275.7559,1,0,1,1,36.36551,1.938857,0,1,270,220,0,0,0,1.000533,1.015651,0,1,1,2,20,22.55639,1,1000,6,25,15,1.2,13.0222,-1.527658,-1.527658,1,0,16,0,16.52766,16.52766,1,1,150,0,0,0,127,30,0,0,30,1,-121.3183,
98.17442,2678.093,29.00113,3.360153,0,89.42617,22.86823,14.32469,97.06837,393.4963,229.3336,0,2,3.593108,273.89,300,0.7,0,0,38.2874,38.2874,1,1,0.9972716,0.997067,300,0.6245684,0,0,275.7559,1,0,1,1,36.12243,1.918827,0,1,270,224,0,0,0,1.000574,1.015736,0,1,1,2,10,22.61307,1,1000,6,25,15,1.2,13.02342,-1.325495,-1.325495,1,0,16,0,16.32549,16.32549,1,1,150,0,0,0,127,30,0,0,30,1,-120.9989,
98.27522,2728.761,29.5436,3.763329,0,89.40574,22.83066,14.27021,97.01757,394.7,229.3526,0,2,3.706567,272.66,300,0.7,0,0,39.15174,39.15174,1,1,1.001085,0.9971935,300,0.650662,0,0,275.7559,1,0,1,1,36.67253,1.932448,0,1,270,208,0,0,0,1.000594,1.015661,0,1,1,2,20,22.72727,1,1000,6,25,15,1.2,13.02342,-1.392883,-1.392883,1,0,16,0,16.39288,16.39288,1,1,150,0,0,0,127,30,0,0,30,1,-120.4564,
98.37712,2760.906,28.91072,3.560562,0,89.30356,22.84536,14.39474,96.84483,393.3607,224.2409,0,2,3.75023,273.25,300,0.7,0,0,39.28555,39.28555,1,1,0.9923682,0.997144,300,0.6389518,0,0,275.7559,1,0,1,1,37.0079,1.901315,0,1,270,228,0,0,0,1.000696,1.015691,0,1,1,2,30,22.90076,1,1000,6,25,15,1.2,13.02159,-1.564529,-1.564529,1,0,16,0,16.56453,16.56453,1,1,150,0,0,0,127,30,0,0,30,1,-121.0893,
98.47782,2650.177,29.1036,3.600644,0,89.32399,22.81433,14.32515,96.89563,390.1902,227.3499,0,2,3.577739,274.6,300,0.7,0,0,37.97202,37.97202,1,1,0.9972395,0.9972485,300,0.6217231,0,0,275.7559,1,0,1,1,35.82296,1.918712,0,1,270,244,0,0,0,1.000676,1.015629,0,1,1,2,20,22.55639,1,1000,6,25,15,1.2,13.02098,-1.470442,-1.470442,1,0,16,0,16.47044,16.47044,1,1,150,0,0,0,127,30,0,0,30,1,-120.8964,
98.57892,2595.829,27.434,1.339558,0,89.31718,22.80616,14.34713,96.85499,381.5434,221.2081,0,2,3.39621,275.79,300,0.7,0,0,36.80756,36.80756,1,1,0.9957012,0.9972761,300,0.5680947,0,0,275.7559,1,0,1,1,35.25233,1.913218,0,1,270,248,0,0,0,1.000683,1.015612,0,1,1,2,20,21.68675,1,1000,6,25,15,1.2,13.02419,-1.330584,-1.330584,1,0,16,0,16.33058,16.33058,1,1,150,0,0,0,127,30,0,0,30,1,-122.566,
98.68063,2699.541,23.7814,1.308907,0,89.26269,22.80127,14.34713,96.83466,389.105,219.9111,0,2,3.287428,275.6,300,0.7,0,0,36.37457,36.37457,1,1,0.9957012,0.9972926,300,0.4866944,0,0,275.7559,1,0,1,1,36.28505,1.913218,0,1,270,224,0,0,0,1.000737,1.015602,0,1,1,2,20,22.11302,1,1000,6,25,15,1.2,13.02403,-1.369997,-1.369997,1,0,16,0,16.37,16.37,1,1,150,0,0,0,127,30,0,0,30,1,-126.2186,
98.78302,2738.976,23.00386,2.360465,0,89.41255,22.7931,14.40985,96.90579,392.8011,221.5705,0,2,3.537843,274.41,300,0.7,0,0,35.86528,50.8215,1,1,0.9913105,0.9973201,300,0.6576719,14.95622,0.4197555,174.9532,1,0,1,1,36.67396,1.898358,0,1,270,224,0,0,0,1.000587,1.015586,0,1,1,2,40,22.72727,1,1000,6,25,15,1.2,13.0222,-1.486971,-1.486971,1,0,16,0,16.48697,16.48697,1,1,150,0,0,0,127,30,0,0,30,1,-126.9961,
98.88342,2675.943,24.61318,2.674047,0,89.35806,22.76044,14.27845,96.86515,394.6153,224.1837,0,2,3.344929,275.6,300,0.7,0,0,36.64854,36.64854,1,1,1.000509,0.9974302,300,0.5074919,0,0,174.9532,1,0,1,1,36.05484,1.930387,0,1,270,212,0,0,0,1.000642,1.015521,0,1,1,2,20,22.55639,1,1000,6,25,15,1.2,13.02357,-1.185637,-1.185637,1,0,16,0,16.18564,16.18564,1,1,150,0,0,0,127,30,0,0,30,1,-125.3868,
98.98342,2611.875,26.6203,3.077222,0,89.31718,22.7539,14.48264,96.85499,383.0354,221.3417,0,2,3.330141,275.67,300,0.7,0,0,36.73756,36.73756,1,1,0.9862149,0.9974522,300,0.5502371,0,0,174.9532,1,0,1,1,35.41367,1.886226,0,1,270,228,0,0,0,1.000683,1.015508,0,1,1,2,40,21.63462,1,1000,6,25,15,1.2,13.0222,-0.5215836,-0.5215836,1,0,16,0,15.52158,15.52158,1,1,150,0,0,0,127,30,0,0,30,1,-123.3797,
99.08353,2582.2,29.3688,3.756256,0,89.35806,22.7539,14.25922,96.92612,390.4106,231.9467,0,2,3.658117,273.69,300,0.7,0,0,37.18393,43.22845,1,1,1.001854,0.9974522,300,0.7142737,6.044525,0.1638449,61.97525,1,0,1,1,35.08833,1.935194,0,1,270,204,0,0,0,1.000642,1.015508,0,1,1,2,20,22.05882,1,1000,6,25,15,1.2,13.0222,-0.05540276,-0.05540276,1,0,16,0,15.0554,15.0554,1,1,150,0,0,0,127,30,0,0,30,1,-120.6312,
99.18732,2689.618,30.74305,3.968453,0,89.45342,22.79147,14.16949,97.02773,387.2401,228.8758,0,2,3.698225,272.84,300,0.7,0,0,39.09622,39.09622,1,1,1.008136,0.9973256,300,0.6697997,0,0,61.97525,1,0,1,1,36.25448,1.957628,0,1,270,224,0,0,0,1.000547,1.015583,0,1,1,2,30,22.11302,1,1000,6,25,15,1.188776,13.02342,0.4705896,0.4705896,1,0,16,0,14.52941,14.52941,1,1,150,0,0,0,127,30,0,0,30,1,-119.257,
99.28762,2694.449,31.49045,4.067479,0,89.37167,22.74084,14.27387,96.8245,390.8853,232.7478,0,2,3.772229,272.41,300,0.7,0,0,39.4541,39.4541,1,1,1.000829,0.9974962,300,0.6924699,0,0,61.97525,1,0,1,1,36.3125,1.931532,0,1,270,216,0,0,0,1.000628,1.015482,0,1,1,2,20,22.44389,1,1000,6,25,15,1.188776,13.02525,-0.4413729,-0.4413729,1,0,16,0,15.44137,15.44137,1,1,150,0,0,0,127,30,0,0,30,1,-118.5096,
99.38972,2621.232,31.77976,3.600644,0,89.34443,22.76534,14.26288,96.79402,389.868,232.1946,0,2,3.647881,274.24,300,0.7,0,0,38.43939,38.43939,1,1,1.001598,0.9974136,300,0.6872817,0,0,61.97525,1,0,1,1,35.48614,1.934279,0,1,270,244,0,0,0,1.000656,1.015531,0,1,1,2,20,22.05882,1,1000,6,25,15,1.2,13.02205,-0.6997004,-0.6997004,1,0,16,0,15.6997,15.6997,1,1,150,0,0,0,127,30,0,0,30,1,-118.2202,
99.49422,2583.312,30.58031,3.074865,0,89.50111,22.72777,14.06144,97.05822,386.8501,231.6415,0,2,3.487471,274.49,300,0.7,0,0,37.52879,37.52879,1,1,1.015699,0.9975402,300,0.6456082,0,0,61.97525,1,0,1,1,35.07868,1.984641,0,1,270,220,0,0,0,1.000499,1.015455,0,1,1,2,10,21.58273,1,1000,6,25,15,1.2,13.02159,-1.344568,-1.344568,1,0,16,0,16.34457,16.34457,1,1,150,0,0,0,127,30,0,0,30,1,-119.4197,
99.59772,2595.605,27.80168,1.766311,0,89.37167,22.76697,14.14431,96.92612,391.9873,229.6578,0,2,3.395916,275.12,300,0.7,0,0,36.91002,36.91002,1,1,1.009899,0.9974082,300,0.5773113,0,0,61.97525,1,0,1,1,35.25249,1.963924,0,1,270,212,0,0,0,1.000628,1.015534,0,1,1,2,40,21.89781,1,1000,6,25,15,1.2,13.02281,-1.479342,-1.479342,1,0,16,0,16.47934,16.47934,1,1,150,0,0,0,127,30,0,0,30,1,-122.1983,
99.70202,2641.31,24.69756,1.544682,0,89.3853,22.70164,14.09852,96.79402,390.631,227.2927,0,2,3.301638,276.12,300,0.7,0,0,36.39707,36.39707,1,1,1.013103,0.9976285,300,0.5057658,0,0,61.97525,1,0,1,1,35.70042,1.975369,0,1,270,264,0,0,0,1.000615,1.015403,0,1,1,2,30,21.84466,1,1000,6,25,15,1.2,13.02525,-1.375082,-1.375082,1,0,16,0,16.37508,16.37508,1,1,150,0,0,0,127,30,0,0,30,1,-125.3024,
99.80381,2601.006,23.474,1.542325,0,89.39211,22.74737,14.29402,96.84483,391.377,223.8594,0,2,3.164557,277.82,300,0.7,0,0,35.33175,35.33175,1,1,0.9994188,0.9974742,300,0.4666059,0,0,61.97525,1,0,1,1,35.2779,1.926496,0,1,270,216,0,0,0,1.000608,1.015495,0,1,1,2,40,21.84466,1,1000,6,25,15,1.2,13.02602,-1.105474,-1.105474,1,0,16,0,16.10547,16.10547,1,1,150,0,0,0,127,30,0,0,30,1,-126.526,
99.90461,2588.438,22.82907,1.544682,0,89.4398,22.74737,14.2226,96.96677,389.6137,224.279,0,2,3.127696,277.75,300,0.7,0,0,34.58559,34.58559,1,1,1.004418,0.9974742,300,0.4441816,0,0,61.97525,1,0,1,1,35.14594,1.944351,0,1,270,220,0,0,0,1.00056,1.015495,0,1,1,2,20,21.58273,1,1000,6,25,15,1.2,13.02373,-0.8506851,-0.8506851,1,0,16,0,15.85069,15.85069,1,1,150,0,0,0,127,30,0,0,30,1,-127.1709,
100.0068,2612.785,25.55948,3.213972,0,89.54198,22.75227,14.27754,96.94644,392.2755,223.4779,0,2,3.744992,272.8,300,0.7,0,0,36.42547,50.05503,1,1,1.000573,0.9974577,300,0.719664,13.62956,0.3874361,146.8952,1,0,1,1,35.41458,1.930616,0,1,270,208,0,0,0,1.000458,1.015504,0,1,1,2,20,21.63462,1,1000,6,25,15,1.2,13.02281,-0.4732218,-0.4732218,1,0,16,0,15.47322,15.47322,1,1,150,0,0,0,127,30,0,0,30,1,-124.4405,
100.1086,2601.908,28.85044,3.760971,0,89.37849,22.73594,14.0912,97.00741,384.9512,225.4616,0,2,3.512576,274.24,300,0.7,0,0,37.2874,37.2874,1,1,1.013616,0.9975128,300,0.605237,0,0,146.8952,1,0,1,1,35.30823,1.977201,0,1,270,240,0,0,0,1.000622,1.015472,0,1,1,2,20,21.63462,1,1000,6,25,15,1.2,13.02464,-0.3117104,-0.3117104,1,0,16,0,15.31171,15.31171,1,1,150,0,0,0,127,30,0,0,30,1,-121.1496,
100.2107,2576.434,32.051,4.44472,0,89.69184,22.798,14.17132,97.07854,386.6975,232.9957,0,2,3.800241,272.2,300,0.7,0,0,37.82226,43.5508,1,1,1.008008,0.9973035,300,0.785009,5.728539,0.1525717,57.48443,1,0,1,1,34.97423,1.95717,0,1,270,212,0,0,0,1.000308,1.015596,0,1,1,2,30,21.42857,1,1000,6,25,15,1.2,13.02342,-1.143221,-1.143221,1,0,16,0,16.14322,16.14322,1,1,150,0,0,0,127,30,0,0,30,1,-117.949,
100.314,2597.178,35.2636,5.029442,0,89.36487,22.71471,14.34713,97.00741,392.5129,236.3718,0,2,3.85248,272.16,300,0.7,0,0,41.44653,41.44653,1,1,0.9957012,0.9975844,300,0.8223275,0,0,57.48443,1,0,1,1,35.16221,1.913218,0,1,270,208,0,0,0,1.000635,1.015429,0,1,1,2,20,21.42857,1,1000,6,25,15,1.2,13.02495,-0.2045479,-0.2045479,1,0,16,0,15.20455,15.20455,1,1,150,0,0,0,127,30,0,0,30,1,-114.7364,
100.4188,2630.195,36.64991,5.23221,0,89.44661,22.60855,14.11271,96.96677,383.0014,234.617,0,2,4.076801,270.21,300,0.7,0,0,43.78612,43.78612,1,1,1.01211,0.9979424,300,0.9029602,0,0,57.48443,1,0,1,1,35.54944,1.971821,0,1,270,228,0,0,0,1.000553,1.015217,0,1,1,2,30,21.79177,1,1000,6,25,15,1.2,13.02327,-0.8400698,-0.8400698,1,0,16,0,15.84007,15.84007,1,1,150,0,0,0,127,30,0,0,30,1,-113.3501,
100.5212,2577.32,38.06635,5.328877,0,89.42617,22.70164,14.20062,96.91595,382.2216,239.1184,0,2,4.145189,270.3,300,0.7,0,0,44.91726,44.91726,1,1,1.005957,0.9976285,300,0.9619793,0,0,57.48443,1,0,1,1,34.86913,1.949845,0,1,270,216,0,0,0,1.000574,1.015403,0,1,1,2,10,42.85714,1,1000,6,25,15,1.2,13.02419,-1.152657,-1.152657,1,0,16,0,16.15266,16.15266,1,1,150,0,0,0,127,30,0,0,30,1,-111.9337,
100.6218,2578.206,37.57813,5.119038,0,89.4398,22.75554,14.14247,97.07854,386.9688,240.1865,0,2,4.168099,269.77,300,0.7,0,0,44.27188,44.27188,1,1,1.010027,0.9974467,300,0.9359129,0,0,57.48443,1,0,1,1,34.8896,1.964381,0,1,270,208,0,0,0,1.00056,1.015511,0,1,1,2,10,21.58273,1,1000,6,25,15,1.2,13.02419,-1.202166,-1.202166,1,0,16,0,16.20217,16.20217,1,1,150,0,0,0,127,30,0,0,30,1,-112.4219,
100.7226,2659.574,37.01758,5.090744,0,89.48067,22.70164,14.24823,96.97692,390.6479,233.32,0,2,4.299645,268.88,300,0.7,0,0,44.69793,44.69793,1,1,1.002624,0.9976285,300,0.9308571,0,0,57.48443,1,0,1,1,35.91183,1.937941,0,1,270,228,0,0,0,1.000519,1.015403,0,1,1,2,30,22.05882,1,1000,6,25,15,1.2,13.02403,-0.8318129,-0.8318129,1,0,16,0,15.83181,15.83181,1,1,150,0,0,0,127,30,0,0,30,1,-112.9824,
100.8243,2606.656,36.80662,5.043589,0,89.4398,22.7539,14.29585,97.0379,379.2715,233.0148,0,2,4.192371,269.79,300,0.7,0,0,43.64863,43.64863,1,1,0.9992906,0.9974522,300,0.9037949,0,0,57.48443,1,0,1,1,35.25664,1.926038,0,1,270,216,0,0,0,1.00056,1.015508,0,1,1,2,40,21.89781,1,1000,6,25,15,1.2,13.0222,-0.4177675,-0.4177675,1,0,16,0,15.41777,15.41777,1,1,150,0,0,0,127,30,0,0,30,1,-113.1934,
100.9265,2574.665,37.86744,5.024727,0,89.58966,22.74084,14.06144,97.0379,386.2906,240.816,0,2,4.076553,270.19,300,0.7,0,0,44.61185,44.61185,1,1,1.015699,0.9974962,300,0.9502379,0,0,57.48443,1,0,1,1,34.83945,1.984641,0,1,270,220,0,0,0,1.00041,1.015482,0,1,1,2,50,21.5311,1,1000,6,25,15,1.2,13.02419,-0.2045479,-0.2045479,1,0,16,0,15.20455,15.20455,1,1,150,0,0,0,127,30,0,0,30,1,-112.1326,
101.0311,2621.232,37.62635,5.086029,0,89.29675,22.62978,14.20794,96.84483,381.4077,235.6279,0,2,4.259502,268.44,300,0.7,0,0,44.94769,44.94769,1,1,1.005444,0.9978707,300,0.9517236,0,0,57.48443,1,0,1,1,35.42921,1.948014,0,1,270,232,0,0,0,1.000703,1.01526,0,1,1,2,10,21.68675,1,1000,6,25,15,1.2,13.02388,-0.2664156,-0.2664156,1,0,16,0,15.26642,15.26642,1,1,150,0,0,0,127,30,0,0,30,1,-112.3737,
101.1326,2637.594,37.1984,4.982287,0,89.35124,22.72614,14.09806,96.9566,390.0376,238.5653,0,2,4.198171,269.51,300,0.7,0,0,44.61681,44.61681,1,1,1.013135,0.9975458,300,0.9337949,0,0,57.48443,1,0,1,1,35.63744,1.975484,0,1,270,208,0,0,0,1.000649,1.015452,0,1,1,2,40,21.95122,1,1000,6,25,15,1.2,13.02403,-0.2918243,-0.2918243,1,0,16,0,15.29182,15.29182,1,1,150,0,0,0,127,30,0,0,30,1,-112.8016,
101.2349,2624.213,36.99347,5.012938,0,89.3308,22.67551,14.28303,96.89563,389.2916,238.0121,0,2,4.133135,270.46,300,0.7,0,0,44.15268,44.15268,1,1,1.000188,0.9977165,300,0.9190747,0,0,57.48443,1,0,1,1,35.47242,1.929242,0,1,270,224,0,0,0,1.000669,1.015351,0,1,1,2,20,21.89781,1,1000,6,25,15,1.2,13.0248,-0.2686253,-0.2686253,1,0,16,0,15.26863,15.26863,1,1,150,0,0,0,127,30,0,0,30,1,-113.0065,
101.3376,2627.43,36.70415,5.024727,0,89.42617,22.74084,14.37093,96.90579,391.1735,238.9086,0,2,4.094413,271.06,300,0.7,0,0,43.81714,43.81714,1,1,0.9940346,0.9974962,300,0.9047872,0,0,57.48443,1,0,1,1,35.51484,1.907266,0,1,270,236,0,0,0,1.000574,1.015482,0,1,1,2,40,21.79177,1,1000,6,25,15,1.2,13.02464,-0.303977,-0.303977,1,0,16,0,15.30398,15.30398,1,1,150,0,0,0,127,30,0,0,30,1,-113.2958,
101.4415,2626.74,36.60169,5.003507,0,89.44661,22.71471,14.03351,97.0887,391.716,238.3555,0,2,4.159005,270.02,300,0.7,0,0,43.67157,43.67157,1,1,1.017654,0.9975844,300,0.8992785,0,0,57.48443,1,0,1,1,35.50718,1.991623,0,1,270,216,0,0,0,1.000553,1.015429,0,1,1,2,20,21.89781,1,1000,6,25,15,1.2,13.02403,-0.2498426,-0.2498426,1,0,16,0,15.24984,15.24984,1,1,150,0,0,0,127,30,0,0,30,1,-113.3983,
101.5455,2646.203,36.60169,5.067167,0,89.31037,22.64285,14.32515,96.83466,384.2052,235.647,0,2,4.189821,269.46,300,0.7,0,0,43.95837,43.95837,1,1,0.9972395,0.9978267,300,0.9053994,0,0,57.48443,1,0,1,1,35.74741,1.918712,0,1,270,228,0,0,0,1.00069,1.015286,0,1,1,2,10,22.05882,1,1000,6,25,15,1.2,13.02663,-0.3382244,-0.3382244,1,0,16,0,15.33822,15.33822,1,1,150,0,0,0,127,30,0,0,30,1,-113.3983,
101.6458,2660.518,37.12004,5.192128,0,89.35806,22.62325,14.39062,96.96677,393.0724,238.4508,0,2,4.190316,269.54,300,0.7,0,0,44.84524,44.84524,1,1,0.9926566,0.9978928,300,0.9367283,0,0,57.48443,1,0,1,1,35.92342,1.902345,0,1,270,232,0,0,0,1.000642,1.015247,0,1,1,2,20,22.05882,1,1000,6,25,15,1.2,13.02556,-0.3647394,-0.3647394,1,0,16,0,15.36474,15.36474,1,1,150,0,0,0,127,30,0,0,30,1,-112.88,
101.7488,2651.114,38.01813,5.524571,0,89.37167,22.66898,14.15667,96.96677,394.3948,239.4427,0,2,4.263875,269.64,300,0.7,0,0,45.88474,45.88474,1,1,1.009033,0.9977385,300,0.9815531,0,0,57.48443,1,0,1,1,35.8033,1.960833,0,1,270,236,0,0,0,1.000628,1.015338,0,1,1,2,40,22.11302,1,1000,6,25,15,1.2,13.02586,-0.4932747,-0.4932747,1,0,16,0,15.49327,15.49327,1,1,150,0,0,0,127,30,0,0,30,1,-111.9819,
101.851,2657.454,39.76005,6.095148,0,89.34443,22.63305,14.20657,96.98708,395.2426,240.9686,0,2,4.517672,267.41,300,0.7,0,0,48.24766,48.24766,1,1,1.00554,0.9978597,300,1.079473,0,0,57.48443,1,0,1,1,35.88005,1.948357,0,1,270,212,0,0,0,1.000656,1.015266,0,1,1,2,40,21.95122,1,1000,6,25,15,1.2,13.02434,-0.4100351,-0.4100351,1,0,16,0,15.41004,15.41004,1,1,150,0,0,0,127,30,0,0,30,1,-110.24,
101.9516,2672.13,41.32718,6.361574,0,89.32399,22.60528,14.26288,96.94644,390.0376,242.9141,0,2,4.743031,266.42,300,0.7,0,0,50.47346,50.47346,1,1,1.001598,0.9979534,300,1.173852,0,0,57.48443,1,0,1,1,36.07296,1.934279,0,1,270,240,0,0,0,1.000676,1.015211,0,1,1,2,20,22.11302,1,1000,6,25,15,1.2,13.02525,-0.5204048,-0.5204048,1,0,16,0,15.5204,15.5204,1,1,150,0,0,0,127,30,0,0,30,1,-108.6728,
102.0532,2675.943,42.53868,6.514828,0,89.28993,22.62325,14.18917,96.90579,393.225,243.4672,0,2,4.883597,263.87,300,0.7,0,0,52.09011,52.09011,1,1,1.006758,0.9978928,300,1.246975,0,0,57.48443,1,0,1,1,36.01435,1.952707,0,1,270,248,0,0,0,1.00071,1.015247,0,1,1,2,40,22.33251,1,1000,6,25,15,1.2,13.02647,-0.3592157,-0.3592157,1,0,16,0,15.35922,15.35922,1,1,150,0,0,0,127,30,0,0,30,1,-107.4613,
102.1553,2684.083,42.65923,6.665724,0,89.42617,22.62978,14.37643,97.11919,384.4934,241.331,0,2,4.943187,263.75,300,0.7,0,0,52.34035,52.34035,1,1,0.9936501,0.9978707,300,1.256333,0,0,57.48443,1,0,1,1,36.09902,1.905893,0,1,270,216,0,0,0,1.000574,1.01526,0,1,1,2,30,22.22222,1,1000,6,25,15,1.2,13.02464,-0.036623,-0.036623,1,0,16,0,15.03662,15.03662,1,1,150,0,0,0,127,30,0,0,30,1,-107.3408,
102.2572,2703.677,42.56882,6.213035,0,89.46024,22.64938,14.33248,97.07854,383.171,239.5952,0,2,5.182048,262.34,300,0.7,0,0,52.45081,52.45081,1,1,0.9967267,0.9978046,300,1.256239,0,0,57.48443,1,0,1,1,36.38134,1.916881,0,1,270,236,0,0,0,1.00054,1.015299,0,1,1,2,30,22.67002,1,1000,6,25,15,1.2,13.0251,0.07606411,0.07606411,1,0,16,0,14.92394,14.92394,1,1,150,0,0,0,127,30,0,0,30,1,-107.4312,
102.359,2694.449,39.76608,5.63067,0,89.42617,22.59712,14.35079,97.05822,392.2247,238.241,0,2,4.670379,267.09,300,0.7,0,0,48.73913,48.73913,1,1,0.9954448,0.997981,300,1.086833,0,0,57.48443,1,0,1,1,36.36177,1.912303,0,1,270,208,0,0,0,1.000574,1.015194,0,1,1,2,20,22.55639,1,1000,6,25,15,1.195854,13.02281,0.2326479,0.2326479,1,0,16,0,14.76735,14.76735,1,1,150,0,0,0,127,30,0,0,30,1,-110.2339,
102.46,2719.608,35.51675,3.933087,0,89.37167,22.58242,14.35399,97.09886,394.4457,236.2383,0,2,4.26072,269.12,300,0.7,0,0,43.65909,43.65909,1,1,0.9952205,0.9980305,300,0.8695869,0,0,57.48443,1,0,1,1,36.64116,1.911502,0,1,270,216,0,0,0,1.000628,1.015165,0,1,1,2,20,22.67002,1,1000,6,25,15,1.195854,13.02495,0.398695,0.398695,1,0,16,0,14.60131,14.60131,1,1,150,0,0,0,127,30,0,0,30,1,-114.4832,
102.5606,2719.608,29.62798,2.478353,0,89.46705,22.59712,14.20657,97.0887,397.1584,229.4671,0,2,3.716798,273.42,300,0.7,0,0,39.06657,39.06657,1,1,1.00554,0.997981,300,0.6490257,0,0,57.48443,1,0,1,1,36.57436,1.948357,0,1,270,220,0,0,0,1.000533,1.015194,0,1,1,2,20,22.78481,1,1000,6,25,15,1.195854,13.02403,0.5412788,0.5412788,1,0,16,0,14.45872,14.45872,1,1,150,0,0,0,127,30,0,0,30,1,-120.372,
102.6637,2693.24,26.84332,2.412336,0,89.3308,22.57099,14.29356,97.05822,390.987,227.0829,0,2,3.478768,275.26,300,0.7,0,0,37.64672,37.64672,1,1,0.9994509,0.9980692,300,0.5619728,0,0,57.48443,1,0,1,1,36.26305,1.92661,0,1,270,220,0,0,0,1.000669,1.015142,0,1,1,2,10,22.5,1,1000,6,25,15,1.18577,13.02525,0.5440235,0.5440235,1,0,16,0,14.45598,14.45598,1,1,150,0,0,0,127,30,0,0,30,1,-123.1567,
102.7661,2663.825,25.24606,1.664928,0,89.39893,22.59712,14.05274,97.11919,390.1054,225.9957,0,2,3.35198,276.19,300,0.7,0,0,36.7754,36.7754,1,1,1.016308,0.997981,300,0.5162467,0,0,57.48443,1,0,1,1,35.93794,1.986815,0,1,270,240,0,0,0,1.000601,1.015194,0,1,1,2,30,22.33251,1,1000,6,25,15,1.18577,13.02724,0.8357019,0.8357019,1,0,16,0,14.1643,14.1643,1,1,150,0,0,0,127,30,0,0,30,1,-124.7539,
102.8667,2680.965,23.31126,1.627204,0,89.41255,22.58405,14.32332,97.01757,386.9349,224.7749,0,2,3.239499,276.26,300,0.7,0,0,35.75524,35.75524,1,1,0.9973677,0.9980251,300,0.4570715,0,0,57.48443,1,0,1,1,36.08953,1.91917,0,1,270,256,0,0,0,1.000587,1.015168,0,1,1,2,20,22.27723,1,1000,6,25,15,1.169421,13.02769,0.784524,0.784524,1,0,16,0,14.21548,14.21548,1,1,150,0,0,0,127,30,0,0,30,1,-126.6887,
102.967,2710.762,22.8592,1.674359,0,89.48067,22.61018,14.08341,97.11919,397.1584,223.7068,0,2,3.275504,276.45,300,0.7,0,0,35.50995,35.50995,1,1,1.014161,0.997937,300,0.4450863,0,0,57.48443,1,0,1,1,36.3856,1.979147,0,1,270,224,0,0,0,1.000519,1.01522,0,1,1,2,30,22.38806,1,1000,6,25,15,1.169421,13.0248,0.2485018,0.2485018,1,0,16,0,14.7515,14.7515,1,1,150,0,0,0,127,30,0,0,30,1,-127.1408,
103.0681,2670.227,23.26304,1.886557,0,89.37167,22.55139,14.1411,97.11919,389.2746,223.2681,0,2,3.226524,277.19,300,0.7,0,0,35.62687,35.62687,1,1,1.010123,0.9981353,300,0.4559204,0,0,57.48443,1,0,1,1,35.97979,1.964725,0,1,270,248,0,0,0,1.000628,1.015103,0,1,1,2,30,22.38806,1,1000,6,25,15,1.173003,13.02617,-0.2509489,-0.2509489,1,0,16,0,15.25095,15.25095,1,1,150,0,0,0,127,30,0,0,30,1,-126.737,
103.1695,2655.102,23.81153,2.110543,0,89.41936,22.63631,14.2519,97.14967,393.8693,224.7749,0,2,3.2525,276.75,300,0.7,0,0,36.07571,36.07571,1,1,1.002367,0.9978487,300,0.4724702,0,0,57.48443,1,0,1,1,35.83217,1.937026,0,1,270,268,0,0,0,1.000581,1.015273,0,1,1,2,10,22.11302,1,1000,6,25,15,1.173003,13.02525,-0.3824158,-0.3824158,1,0,16,0,15.38242,15.38242,1,1,150,0,0,0,127,30,0,0,30,1,-126.1885,
103.2726,2645.736,25.48112,2.513719,0,89.28993,22.54486,14.16994,96.94644,388.1895,225.6714,0,2,3.30717,275.81,300,0.7,0,0,36.69684,36.69684,1,1,1.008104,0.9981574,300,0.5207806,0,0,57.48443,1,0,1,1,35.75401,1.957514,0,1,270,244,0,0,0,1.00071,1.01509,0,1,1,2,20,22.00489,1,1000,6,25,15,1.187469,13.03014,-0.8471479,-0.8471479,1,0,16,0,15.84715,15.84715,1,1,150,0,0,0,127,30,0,0,30,1,-124.5189,
103.3763,2615.519,26.67455,2.789576,0,89.3853,22.55139,14.21069,97.0379,384.3917,222.6387,0,2,3.312991,276.09,300,0.7,0,0,36.79101,36.79101,1,1,1.005252,0.9981353,300,0.5465135,0,0,57.48443,1,0,1,1,35.45201,1.947327,0,1,270,228,0,0,0,1.000615,1.015103,0,1,1,2,30,21.95122,1,1000,6,25,15,1.187469,13.02403,-1.578516,-1.578516,1,0,16,0,16.57852,16.57852,1,1,150,0,0,0,127,30,0,0,30,1,-123.3254,
103.4785,2624.442,27.61483,2.949903,0,89.37167,22.58732,14.1878,97.0379,390.2919,227.903,0,2,3.411775,275.26,300,0.7,0,0,37.17777,37.17777,1,1,1.006854,0.9980141,300,0.5777376,0,0,57.48443,1,0,1,1,35.55322,1.95305,0,1,270,208,0,0,0,1.000628,1.015175,0,1,1,2,30,21.89781,1,1000,6,25,15,1.2,13.02525,-1.85508,-1.85508,1,0,16,0,16.85508,16.85508,1,1,150,0,0,0,127,30,0,0,30,1,-122.3852,
103.5818,2610.284,26.93976,0.8279251,0,89.4398,22.63631,14.24503,97.12935,391.5804,225.2327,0,2,3.371618,276.05,300,0.7,0,0,36.8174,36.8174,1,1,1.002848,0.9978487,300,0.5580744,0,0,57.48443,1,0,1,1,35.39964,1.938743,0,1,270,224,0,0,0,1.00056,1.015273,0,1,1,2,30,21.58273,1,1000,6,25,15,1.2,13.02403,-1.720339,-1.720339,1,0,16,0,16.72034,16.72034,1,1,150,0,0,0,127,30,0,0,30,1,-123.0602,
103.6858,2586.43,21.75619,0.02157322,0,89.34443,22.55792,14.21893,97.06837,387.7318,222.467,0,2,2.995948,278.04,300,0.7,0,0,33.48421,33.48421,1,1,1.004675,0.9981133,300,0.4099753,0,0,57.48443,1,0,1,1,35.11897,1.945267,0,1,270,232,0,0,0,1.000656,1.015116,0,1,1,2,20,21.63462,1,1000,6,25,15,1.2,13.02525,-1.354738,-1.354738,1,0,16,0,16.35474,16.35474,1,1,150,0,0,0,127,30,0,0,30,1,-128.2438,
103.7864,2565.199,19.80331,0.04986627,0,89.26949,22.53016,14.41305,96.97692,392.5299,216.268,0,2,2.864472,279.72,300,0.7,0,0,31.35881,31.35881,1,1,0.9910862,0.998207,300,0.3495277,0,0,57.48443,1,0,1,1,34.89642,1.897824,0,1,270,208,0,0,0,1.000731,1.01506,0,1,1,2,30,21.22641,1,1000,6,25,15,1.2,13.02663,-1.321682,-1.321682,1,0,16,0,16.32168,16.32168,1,1,150,0,0,0,127,30,0,0,30,1,-130.1967,
103.8868,2575.107,19.45372,0.05222402,0,89.32399,22.49912,14.23862,97.00741,391.5126,219.7204,0,2,2.854077,279.67,300,0.7,0,0,31.07395,31.07395,1,1,1.003297,0.9983118,300,0.3402348,0,0,57.48443,1,0,1,1,34.99277,1.940345,0,1,270,232,0,0,0,1.000676,1.014998,0,1,1,2,20,21.47971,1,1000,6,25,15,1.2,13.02724,-1.342026,-1.342026,1,0,16,0,16.34203,16.34203,1,1,150,0,0,0,127,30,0,0,30,1,-130.5463,
103.988,2542.157,19.18851,0.02393097,0,89.28312,22.56282,14.43915,96.94644,379.8649,221.7231,0,2,2.669265,281.07,300,0.7,0,0,30.57944,30.57944,1,1,0.9892595,0.9980967,300,0.2751997,0,0,57.48443,1,0,1,1,34.66612,1.893475,0,1,270,220,0,0,0,1.000717,1.015126,0,1,1,2,30,21.17647,1,1000,6,25,15,1,13.02342,-1.152657,-1.152657,1,0,6,0,16.15266,16.15266,1,1,150,0,0,0,127,30,0,0,30,1,-130.8115,
104.0889,2522.068,19.58632,0.0640128,0,89.20138,22.51219,14.35811,96.86515,380.8652,213.8075,0,2,2.669189,280.45,300,0.7,0,0,30.84136,30.84136,1,1,0.9949321,0.9982677,300,0.2833545,0,0,57.48443,1,0,1,1,34.46845,1.910472,0,1,270,200,0,0,0,1.000799,1.015024,0,1,1,2,20,21.02804,1,1000,6,25,15,1,13.02769,-0.8506851,-0.8506851,1,0,6,0,15.85069,15.85069,1,1,150,0,0,0,127,30,0,0,30,1,-130.4137,
104.1902,2504.801,19.50797,0.007426695,0,89.26269,22.53832,14.4277,97.0379,388.02,220.8267,0,2,2.650914,281.44,300,0.7,0,0,30.64337,30.64337,1,1,0.9900607,0.9981794,300,0.2803816,0,0,57.48443,1,0,1,1,34.2975,1.895382,0,1,270,212,0,0,0,1.000737,1.015077,0,1,1,2,30,21.07728,1,1000,6,25,15,1,13.02525,-0.4968128,-0.4968128,1,0,6,0,15.49681,15.49681,1,1,150,0,0,0,127,30,0,0,30,1,-130.492,
104.2919,2456.198,19.76112,0,0,89.26949,22.54322,14.16125,97.01757,383.4253,218.595,0,2,2.619944,281,300,0.7,0,0,30.56024,30.56024,1,1,1.008713,0.9981629,300,0.2832456,0,0,57.48443,1,0,1,1,33.6046,1.959689,0,1,270,208,0,0,0,1.000731,1.015086,0,1,1,2,40,20.45455,1,1000,6,25,15,1,13.02647,-0.8601217,-0.8601217,1,0,6,0,15.86012,15.86012,1,1,150,0,0,0,127,30,0,0,30,1,-130.2389,
104.3935,2452.182,19.96002,0.03336199,0,89.31037,22.54486,14.17864,96.92612,376.5079,216.7067,0,2,2.676966,280.26,300,0.7,0,0,30.73065,30.73065,1,1,1.007495,0.9981574,300,0.2876796,0,0,57.48443,1,0,1,1,33.54339,1.955339,0,1,270,208,0,0,0,1.00069,1.01509,0,1,1,2,90,20.45455,1,1000,6,25,15,1,13.02907,-3.070606,-3.070606,1,0,6,0,18.07061,18.07061,1,1,150,0,0,0,127,30,0,0,30,1,-130.04,
104.495,2441.009,19.92988,0.04750851,0,89.37167,22.53179,14.10539,97.0379,383.0354,219.4724,0,2,2.644426,281.3,300,0.7,0,0,30.6229,30.6229,1,1,1.012623,0.9982014,300,0.2862258,0,0,57.48443,1,0,1,1,33.37866,1.973652,0,1,270,220,0,0,0,1.000628,1.015064,0,1,1,2,30,20.36199,1,1000,6,25,15,1,13.02556,-6.730183,-6.730183,1,0,6,0,21.73018,21.73018,1,1,150,0,0,0,127,30,0,0,30,1,-130.0701,
104.5968,2381.33,20.49646,0.002711187,0,89.40574,22.52199,14.27204,97.07854,376.9318,217.6604,0,2,2.540086,282.04,300,0.7,0,0,30.76774,30.76774,1,1,1.000957,0.9982345,300,0.2957489,0,0,57.48443,1,0,1,1,32.48276,1.93199,0,1,270,240,0,0,0,1.000594,1.015044,0,1,1,2,30,19.82379,1,1000,6,25,15,1,13.02525,-12.51701,-12.51701,1,0,6,0,27.51701,27.51701,1,1,150,0,0,0,128,30,0,0,30,1,-129.5035,
104.6974,2306.805,20.27947,0.02864648,0,89.33762,22.53179,14.44419,96.96677,374.3886,216.2489,0,2,2.575933,281.24,300,0.7,0,0,30.03181,30.03181,1,1,0.9889069,0.9982014,300,0.3427614,0,0,57.48443,1,0,1,1,31.38191,1.892635,0,1,270,208,0,0,0,1.000662,1.015064,0,1,1,2,50,19.27195,1,1000,6,25,15,1.2,13.02556,-20.18673,-20.18673,1,0,16,0,35.18673,35.18673,1,1,150,0,0,0,127,30,0,0,30,1,-129.7205,
104.7993,2213.206,20.70139,0.04515076,0,89.26269,22.53016,14.23587,96.9566,372.2014,222.7531,0,2,2.489856,282.31,300,0.7,0,0,30.79358,30.79358,1,1,1.003489,0.998207,300,0.3587955,0,0,57.48443,1,0,1,1,29.96643,1.941032,0,1,270,200,0,0,0,1.000737,1.01506,0,1,1,2,10,18.51852,1,1000,6,25,15,1.2,13.02724,-26.32919,-26.32919,1,0,16,0,41.32919,41.32919,1,1,150,0,0,0,128,30,0,0,30,1,-129.2986,
104.9012,2048.76,20.19509,0.007426695,0,89.36487,22.50239,14.03946,97.01757,353.9754,217.2599,0,2,2.42346,282.75,300,0.7,0,0,33.59739,33.59739,1,1,1.017238,0.9983008,300,0.3818662,0,0,57.48443,1,0,1,1,27.55924,1.990135,0,1,270,196,0,0,0,1.000635,1.015005,0,1,1,2,20,17.54386,1,1000,6,25,15,1.2,13.02831,-32.23475,-32.23475,1,0,16,0,47.23475,47.23475,1,1,150,0,0,0,127,30,0,0,30,1,-129.8049,
105.0047,1946.661,20.37591,0.0003534328,0,89.37167,22.52526,14.19696,97.15983,345.7525,220.3689,0,2,2.30355,283.52,300,0.7,0,0,35.853,35.853,1,1,1.006213,0.9982235,300,0.4118683,0,0,57.48443,1,0,1,1,26.19634,1.950761,0,1,270,196,0,0,0,1.000628,1.015051,0,1,1,2,40,16.27486,1,1000,6,25,14.97333,1.2,13.02663,-33.50025,-33.50025,1,0,16,0,48.47358,48.47358,1,1,150,0,0,0,127,30,0,0,30,1,-129.6241,
105.1048,1848.087,20.70742,0.03571974,0,89.23544,22.51219,14.29402,96.94644,329.2049,216.3825,0,2,2.263907,283.99,300,0.7,0,0,38.21668,38.21668,1,1,0.9994188,0.9982677,300,0.447707,0,0,57.48443,1,0,1,1,25.02483,1.926496,0,1,270,192,0,0,0,1.000765,1.015024,0,1,1,2,30,15.46392,1,1000,6,25,14.92404,1.2,13.02708,-41.3221,-41.3221,1,0,16,0,56.24614,56.24614,1,1,150,0,0,0,127,30,0,0,30,1,-129.2926,
105.2071,1762.632,21.72002,0.04043525,0,89.26269,22.42563,14.31782,96.9566,323.1013,217.7939,0,2,2.188601,284.32,300,0.7,0,0,40.39349,40.39349,1,1,0.9977523,0.99856,300,0.4978206,0,0,57.48443,1,0,1,1,23.97975,1.920544,0,1,270,216,0,0,0,1.000737,1.014851,0,1,1,2,30,14.95017,1,1000,6,25,14.88132,1.2,13.02647,-35.40677,-35.40677,1,0,16,0,50.28809,50.28809,1,1,150,0,0,0,127,30,0,0,30,1,-128.28,
105.3115,1655.812,22.9677,0.03336199,0,89.26949,22.42727,14.03809,96.92612,314.4206,222.7722,0,2,2.180152,284.62,300,0.7,0,0,42.97151,42.97151,1,1,1.017334,0.9985544,300,0.5620265,0,0,57.48443,1,0,1,1,22.72614,1.990478,0,1,270,204,0,0,0,1.000731,1.014855,0,1,1,2,30,13.93189,1,1000,5,27.1,14.82791,1.2,13.02525,-31.68185,-31.68185,1,0,16,0,46.50975,46.50975,1,1,150,0,0,0,127,30,0,0,30,1,-127.0323,
105.4133,1551.59,23.98633,0.02628873,0,89.35124,22.52526,14.3746,97.04806,307.3676,224.5461,0,2,2.055857,285.67,300,0.7,0,0,45.15345,45.15345,1,1,0.9937783,0.9982235,300,0.6187952,0,0,57.48443,1,0,1,1,21.56027,1.906351,0,1,270,196,0,0,0,1.000649,1.015051,0,1,1,2,30,13.43284,1,1000,5,27.1,14.7758,1.2,13.02708,-24.51919,-24.51919,1,0,16,0,39.29498,39.29498,1,1,150,0,0,0,128,30,0,0,30,1,-126.0137,
105.514,1499.55,25.1014,0.0380775,0,89.31718,22.50566,14.21985,96.97692,306.0282,226.606,0,2,2.036889,285.4,300,0.7,0,0,44.91147,44.91147,1,1,1.004611,0.9982898,300,0.6452674,0,0,57.48443,1,0,1,1,20.9964,1.945038,0,1,270,208,0,0,0,1.000683,1.015011,0,1,1,2,30,12.44813,1,1000,5,27.1,14.74978,1.2,13.02586,-17.93375,-17.93375,1,0,16,0,32.68352,32.68352,1,1,150,0,0,0,127,30,0,0,30,1,-124.8986,
105.6145,1453.277,25.93921,0.0380775,0,89.24906,22.4191,14.28852,96.85499,298.3478,227.7504,0,2,1.998256,285.71,300,0.7,0,0,44.65187,44.65187,1,1,0.9998034,0.9985821,300,0.664118,0,0,57.48443,1,0,1,1,20.62622,1.927869,0,1,270,204,0,0,0,1.000751,1.014838,0,1,1,2,40,12.16216,1,1000,5,27.1,14.72664,1.2,13.02769,-13.41093,-13.41093,1,0,16,0,28.13757,28.13757,1,1,150,0,0,0,127,30,0,0,30,1,-124.0608,
105.7166,1428.435,26.33702,0.06637054,0,89.26949,22.44523,14.12737,96.93628,288.243,227.2927,0,2,1.99981,285.73,300,0.7,0,0,44.51048,44.51048,1,1,1.011084,0.9984938,300,0.6726968,0,0,57.48443,1,0,1,1,20.42748,1.968159,0,1,270,220,0,0,0,1.000731,1.01489,0,1,1,2,30,12.11305,1,1000,5,27.1,14.71422,1.2,13.02678,-9.355461,-9.355461,1,0,16,0,24.06968,24.06968,1,1,150,0,0,0,128,30,0,0,30,1,-123.663,
105.8195,1412.429,27.31346,0.04279301,0,89.22181,22.44033,14.15484,96.91595,296.5336,220.2735,0,2,2.012712,285.47,300,0.7,0,0,44.77957,44.77957,1,1,1.009161,0.9985103,300,0.7022747,0,0,57.48443,1,0,1,1,20.29943,1.961291,0,1,270,216,0,0,0,1.000778,1.014881,0,1,1,2,30,11.8421,1,1000,5,27.1,14.70622,1.2,13.02892,-5.601031,-5.601031,1,0,16,0,20.30725,20.30725,1,1,150,0,0,0,127,30,0,0,30,1,-122.6865,
105.9245,1421.397,27.40387,0.02157322,0,89.36487,22.37337,14.23358,97.13951,301.8235,223.0011,0,2,2.02549,285.51,300,0.7,0,0,44.9342,44.9342,1,1,1.003649,0.9987366,300,0.7067827,0,0,57.48443,1,0,1,1,20.37117,1.941604,0,1,270,204,0,0,0,1.000635,1.014747,0,1,1,2,30,11.7801,1,1000,5,27.1,14.7107,1.2,13.02907,-2.684444,-2.684444,1,0,16,0,17.39514,17.39514,1,1,150,0,0,0,128,30,0,0,30,1,-122.5961,
106.029,1452.644,27.07236,0.05222402,0,89.24906,22.40113,14.20611,96.96677,298.7547,221.8757,0,2,2.070017,284.9,300,0.7,0,0,45.16588,45.16588,1,1,1.005572,0.9986428,300,0.7011418,0,0,57.48443,1,0,1,1,20.62115,1.948472,0,1,270,204,0,0,0,1.000751,1.014802,0,1,1,2,30,12.09677,1,1000,5,27.1,14.72632,1.2,13.02739,-1.125543,-1.125543,1,0,16,0,15.85186,15.85186,1,1,150,0,0,0,127,30,0,0,30,1,-122.9276,
106.1317,1440.438,26.98195,0.05693953,0,89.20819,22.4534,14.37643,96.89563,300.3315,222.3335,0,2,2.04062,285.11,300,0.7,0,0,44.97031,44.97031,1,1,0.9936501,0.9984662,300,0.6960398,0,0,57.48443,1,0,1,1,20.5235,1.905893,0,1,270,208,0,0,0,1.000792,1.014907,0,1,1,2,50,11.95219,1,1000,5,27.1,14.72022,1.2,13.02892,-0.02240849,-0.02240849,1,0,16,0,14.74263,14.74263,1,1,150,0,0,0,127,30,0,0,30,1,-123.0181,
106.2366,1434.103,27.1025,0,0,89.36487,22.47953,14.20794,97.12935,299.6703,221.4942,0,2,2.031646,285.45,300,0.7,0,0,44.94762,44.94762,1,1,1.005444,0.998378,300,0.6988121,0,0,57.48443,1,0,1,1,20.47282,1.948014,0,1,270,200,0,0,0,1.000635,1.014959,0,1,1,2,30,11.95219,1,1000,5,27.1,14.71705,1.2,13.02525,0.2974491,0.2974491,1,0,16,0,14.4196,14.4196,1,1,150,0,0,0,128,30,0,0,30,1,-122.8975,
106.338,1398.732,27.62085,0.02864648,0,89.3308,22.47789,14.2226,97.07854,298.0256,224.012,0,2,1.993193,285.75,300,0.7,0,0,44.76369,44.76369,1,1,1.004418,0.9983834,300,0.7101115,0,0,57.48443,1,0,1,1,20.18985,1.944351,0,1,270,208,0,0,0,1.000669,1.014956,0,1,1,2,30,11.71875,1,1000,5,27.1,14.7,1.2,13.028,0.5833511,0.5833511,1,0,16,0,14.11665,14.11665,1,1,150,0,0,0,127,30,0,0,30,1,-122.3792,
106.4391,1382.616,27.72332,0.02628873,0,89.24906,22.42727,14.44968,96.9566,294.7195,228.1319,0,2,1.935662,286.11,300,0.7,0,0,44.62023,44.62023,1,1,0.9885224,0.9985544,300,0.7105704,0,0,57.48443,1,0,1,1,20.06093,1.89172,0,1,270,204,0,0,0,1.000751,1.014855,0,1,1,2,40,11.64295,1,1000,5,27.1,14.7,1.2,13.02892,0.7993765,0.7993765,1,0,16,0,13.90062,13.90062,1,1,150,0,0,0,128,30,0,0,30,1,-122.2767,
106.5396,1399.45,27.44606,0.007426695,0,89.24225,22.3946,14.25556,97.0379,288.582,224.7749,0,2,1.982553,285.2,300,0.7,0,0,44.68518,44.68518,1,1,1.002111,0.9986649,300,0.6929429,0,0,57.48443,1,0,1,1,20.1956,1.93611,0,1,270,212,0,0,0,1.000758,1.014789,0,1,1,2,20,11.65803,1,1000,5,27.1,14.7,1.180272,13.02769,1.006472,1.006472,1,0,16,0,13.69353,13.69353,1,1,150,0,0,0,127,30,0,0,30,1,-122.5539,
106.6448,1427.756,26.95181,0.05929728,0,89.26949,22.42727,14.21802,96.96677,288.2599,222.7913,0,2,2.010756,285.38,300,0.7,0,0,44.79599,44.79599,1,1,1.004739,0.9985544,300,0.6814584,0,0,57.48443,1,0,1,1,20.42204,1.945496,0,1,270,216,0,0,0,1.000731,1.014855,0,1,1,2,20,11.88904,1,1000,5,27.1,14.71388,1.180272,13.02678,1.113695,1.113695,1,0,16,0,13.60018,13.60018,1,1,150,0,0,0,127,30,0,0,30,1,-123.0482,
106.7498,1417.501,27.33756,0.007426695,0,89.28993,22.48443,14.30729,97.18015,298.1613,220.4261,0,2,1.996315,285.53,300,0.7,0,0,44.85403,44.85403,1,1,0.9984894,0.9983613,300,0.6922787,0,0,57.48443,1,0,1,1,20.34001,1.923176,0,1,270,208,0,0,0,1.00071,1.014969,0,1,1,2,40,11.71875,1,1000,5,27.1,14.70875,1.180272,13.028,1.23813,1.23813,1,0,16,0,13.47062,13.47062,1,1,150,0,0,0,128,30,0,0,30,1,-122.6624,
106.8501,1356.729,28.25373,0.009784449,0,89.41255,22.45993,14.3224,97.06837,285.5641,224.794,0,2,1.910727,286.53,300,0.7,0,0,44.58846,44.58846,1,1,0.9974318,0.9984441,300,0.7116039,0,0,57.48443,1,0,1,1,19.8409,1.919399,0,1,270,212,0,0,0,1.000587,1.01492,0,1,1,2,30,11.50895,1,1000,5,27.1,14.7,1.180272,13.02678,1.29416,1.29416,1,0,16,0,13.40584,13.40584,1,1,150,0,0,0,127,30,0,0,30,1,-121.7463,
106.953,1316.367,27.85592,0,0,89.3308,22.45666,14.11638,97.06837,278.2906,226.0147,0,2,1.864853,286.17,300,0.7,0,0,43.89412,43.89412,1,1,1.011854,0.9984552,300,0.6739952,0,0,57.48443,1,0,1,1,19.53094,1.970906,0,1,270,220,0,0,0,1.000669,1.014913,0,1,1,2,40,10.96224,1,1000,5,27.1,14.7,1.151695,13.02815,1.400258,1.400258,1,0,16,0,13.29974,13.29974,1,1,150,0,0,0,128,30,0,0,30,1,-122.1441,
107.0552,1298.308,29.1699,0.06165504,0,89.18094,22.39787,14.22626,96.91595,282.3258,226.8158,0,2,1.839269,286.46,300,0.7,0,0,44.42837,44.42837,1,1,1.004162,0.9986538,300,0.7145445,0,0,57.48443,1,0,1,1,19.33661,1.943436,0,1,270,208,0,0,0,1.000819,1.014796,0,1,1,2,30,11.07011,1,1000,5,27.1,14.7,1.151695,13.02968,1.493966,1.493966,1,0,16,0,13.20603,13.20603,1,1,150,0,0,0,127,30,0,0,30,1,-120.8301,
107.1552,1365.498,28.5551,0.2125513,0,89.26269,22.38154,14.14064,97.07854,285.8184,224.4698,0,2,1.968593,285.49,300,0.7,0,0,44.84876,44.84876,1,1,1.010155,0.998709,300,0.7060618,0,0,57.48443,1,0,1,1,19.895,1.964839,0,1,270,208,0,0,0,1.000737,1.014763,0,1,1,2,20,11.25,1,1000,5,27.1,14.7,1.151695,13.02892,1.56732,1.56732,1,0,16,0,13.13268,13.13268,1,1,150,0,0,0,127,30,0,0,30,1,-121.4449,
107.2554,1393.275,29.51346,0.4035293,0,89.35806,22.34887,14.2377,96.99725,297.0931,225.4044,0,2,2.03186,285.57,300,0.7,0,0,45.65025,45.65025,1,1,1.003361,0.9988194,300,0.7427633,0,0,57.48443,1,0,1,1,20.06117,1.940574,0,1,270,204,0,0,0,1.000642,1.014698,0,1,1,2,20,11.45038,1,1000,5,27.1,14.7,1.151695,13.02708,1.574196,1.574196,1,0,16,0,13.1258,13.1258,1,1,150,0,0,0,127,30,0,0,30,1,-120.4865,
107.356,1370.802,30.37538,0.4978395,0,89.32399,22.36847,14.17864,96.99725,291.7864,232.7287,0,2,1.987663,286.1,300,0.7,0,0,45.85533,45.85533,1,1,1.007495,0.9987531,300,0.7679133,0,0,57.48443,1,0,1,1,19.84059,1.955339,0,1,270,208,0,0,0,1.000676,1.014737,0,1,1,2,50,11.23596,1,1000,5,27.1,14.69964,1.151695,13.02739,1.559525,1.559525,1,0,16,0,13.14048,13.14048,1,1,150,0,0,0,128,30,0,0,30,1,-119.6246,
107.4598,1324.737,31.53264,0.5119861,0,89.29675,22.3554,14.25922,97.25128,291.5829,227.1401,0,2,1.965027,285.69,300,0.7,0,0,46.02548,46.02548,1,1,1.001854,0.9987973,300,0.7783594,0,0,57.48443,1,0,1,1,19.43402,1.935194,0,1,270,204,0,0,0,1.000703,1.014711,0,1,1,2,30,11.05651,1,1000,5,27.1,14.69616,1.120045,13.03029,1.573932,1.573932,1,0,16,0,13.12168,13.12168,1,1,150,0,0,0,127,30,0,0,30,1,-118.4674,
107.5608,1349.649,32.06305,0.5685722,0,89.26269,22.3848,14.19879,96.99725,294.4991,233.2246,0,2,2.001979,285.56,300,0.7,0,0,46.54217,46.54217,1,1,1.006085,0.998698,300,0.8003104,0,0,57.48443,1,0,1,1,19.59424,1.950303,0,1,270,208,0,0,0,1.000737,1.01477,0,1,1,2,30,11.22195,1,1000,5,27.1,14.69654,1.120045,13.02892,1.555281,1.555281,1,0,16,0,13.14231,13.14231,1,1,150,0,0,0,128,30,0,0,30,1,-117.937,
107.6624,1410.238,31.68935,0.8963,0,89.13326,22.41747,14.22992,96.84483,287.853,233.4726,0,2,2.315141,283.4,300,0.7,0,0,46.90259,53.30618,1,1,1.003906,0.9985876,300,0.9054834,6.403588,0.1371784,72.01865,1,0,1,1,20.06569,1.94252,0,1,270,200,0,0,0,1.000867,1.014835,0,1,1,2,20,11.56812,1,1000,5,27.1,14.70512,1.120045,13.028,1.535762,1.535762,1,0,16,0,13.16936,13.16936,1,1,150,0,0,0,127,30,0,0,30,1,-118.3106,
107.7641,1442.377,32.44278,1.235816,0,89.215,22.40277,14.21069,96.89563,291.4473,229.1428,0,2,2.211645,283.91,300,0.7,0,0,47.55265,47.55265,1,1,1.005252,0.9986372,300,0.826003,0,0,72.01865,1,0,1,1,20.25825,1.947327,0,1,270,200,0,0,0,1.000785,1.014806,0,1,1,2,20,11.85771,1,1000,5,27.1,14.72119,1.120045,13.02861,1.478577,1.478577,1,0,16,0,13.24261,13.24261,1,1,150,0,0,0,127,30,0,0,30,1,-117.5572,
107.8642,1392.37,34.17265,1.285329,0,89.20138,22.375,14.39108,96.89563,295.5334,228.7423,0,2,2.14657,284.68,300,0.7,0,0,47.57819,47.57819,1,1,0.9926245,0.9987311,300,0.8497013,0,0,72.01865,1,0,1,1,19.79296,1.90223,0,1,270,208,0,0,0,1.000799,1.01475,0,1,1,2,50,11.88904,1,1000,5,27.1,14.69894,1.091558,13.03059,1.322106,1.322106,1,0,16,0,13.37677,13.37677,1,1,150,0,0,0,128,30,0,0,30,1,-115.8274,
107.9654,1381.915,38.32553,5.538717,0,89.23544,22.375,14.40985,96.9566,299.0429,242.3991,0,2,3.166889,276.36,300,0.7,0,0,48.10637,90.79605,1,1,0.9913105,0.9987311,300,1.819018,42.68968,0.8989677,436.2097,1,0,1,1,19.49197,1.898358,0,1,270,212,0,0,0,1.000765,1.01475,0,1,1,2,20,11.6129,1,1000,6,25,14.69498,1.091558,13.03151,1.201576,1.201576,1,0,16,0,13.49409,13.49409,1,1,150,0,0,0,127,30,0,0,30,1,-111.6745,
108.067,1452.292,54.98528,7.872685,0,89.20819,22.36194,14.14202,96.88547,296.7371,260.5573,0,2,4.853076,264.69,300,0.7,0,0,64.46764,107.1573,1,1,1.010059,0.9987752,300,3.064995,42.68968,0.8989677,436.2097,1,0,1,1,20.61731,1.964496,0,1,270,212,0,0,0,1.000792,1.014724,0,1,1,2,50,11.82654,1,1000,6,25,14.76758,1.091558,13.02739,1.209888,1.209888,1,0,16,0,13.56601,13.56601,1,1,150,0,0,0,128,30,0,0,30,1,-95.01472,
108.1688,1460.636,63.92392,7.884588,0,89.27631,22.39787,14.30272,96.91595,292.0746,270.037,0,2,3.980233,271.47,300,0.7,0,0,68.80279,68.80279,1,1,0.9988099,0.9986538,300,2.302335,0,0,436.2097,1,0,1,1,21.50696,1.924321,0,1,270,228,0,0,0,1.000724,1.014796,0,1,1,2,30,12.17862,1,1000,6,25,14.67304,1.091558,13.02739,1.315767,1.315767,1,0,16,0,13.36401,13.36401,1,1,150,0,0,0,128,30,0,0,30,1,-86.07608,
108.2697,1471.021,67.88995,8.136933,0,89.18094,22.37337,14.27387,96.83466,292.4646,269.4648,0,2,4.364029,269,300,0.7,0,0,70.1086,70.1086,1,1,1.000829,0.9987366,300,2.440999,0,0,436.2097,1,0,1,1,21.94574,1.931532,0,1,270,256,0,0,0,1.000819,1.014747,0,1,1,2,20,12.11305,1,1000,6,25,14.6261,1.065836,13.03151,1.483342,1.483342,1,0,16,0,13.11709,13.11709,1,1,150,0,0,0,127,30,0,0,30,1,-82.11005,
108.3699,1518.142,71.69927,9.234396,0,89.22862,22.3701,14.39154,96.81434,299.7889,273.3749,0,2,5.149031,263.59,300,0.7,0,0,70.57629,83.09929,1,1,0.9925925,0.9987476,300,3.070995,12.523,0.1783296,59.44321,1,0,1,1,22.07062,1.902116,0,1,270,260,0,0,0,1.000771,1.01474,0,1,1,2,40,12.5523,1,1000,6,25,14.55237,1.065836,13.02968,1.775835,1.775835,1,0,16,0,12.77417,12.77417,1,1,150,0,0,0,128,30,0,0,30,1,-78.30073,
108.4704,1565.925,75.21928,9.4058,0,89.20138,22.37664,14.24503,96.76353,312.8269,282.2824,0,2,4.81522,264.41,300,0.7,0,0,71.06396,71.06396,1,1,1.002848,0.9987255,300,2.773212,0,0,59.44321,1,0,1,1,22.02199,1.938743,0,1,270,280,0,0,0,1.000799,1.014753,0,1,1,2,40,12.82051,1,1000,6,25,14.45786,1.065836,13.03014,0.4243813,0.4243813,1,0,16,0,14.07665,14.07665,1,1,150,0,0,0,127,30,0,0,30,1,-74.78072,
108.571,1592.949,77.37708,9.855736,0,89.26269,22.34561,14.30775,97.06837,311.674,282.9118,0,2,5.150534,262.61,300,0.7,0,0,71.69331,71.69331,1,1,0.9984573,0.9988304,300,2.889061,0,0,59.44321,1,0,1,1,21.95598,1.923062,0,1,270,264,0,0,0,1.000737,1.014691,0,1,1,2,40,13.13869,1,1000,6,25,14.40241,1.065836,13.03258,-0.02042103,-0.02042103,1,0,16,0,14.42509,14.42509,1,1,150,0,0,0,127,30,0,0,30,1,-72.62292,
108.6727,1639.613,75.50859,10.1676,0,89.20138,22.34724,14.12004,96.85499,314.0815,277.9717,0,2,5.178444,262.4,300,0.7,0,0,71.14834,71.14834,1,1,1.011597,0.998825,300,2.775664,0,0,59.44321,1,0,1,1,22.59558,1.96999,0,1,270,264,0,0,0,1.000799,1.014694,0,1,1,2,30,13.41282,1,1000,6,25,14.45674,1.061305,13.02998,0.329587,0.329587,1,0,16,0,14.12136,14.12136,1,1,150,0,0,0,127,30,0,0,30,1,-74.49141,
108.7748,1685.204,77.82915,9.005857,0,89.24906,22.4191,14.3105,96.94644,326.9839,283.3696,0,2,5.505,259.4,300,0.7,0,0,71.82516,71.82516,1,1,0.9982651,0.9985821,300,2.898659,0,0,59.44321,1,0,1,1,22.63799,1.922375,0,1,270,252,0,0,0,1.000751,1.014838,0,1,1,2,50,13.95349,1,1000,6,25,14.40234,1.061305,13.02892,-0.03219223,-0.03219223,1,0,16,0,14.42784,14.42784,1,1,150,0,0,0,127,30,0,0,30,1,-72.17085,
108.8756,1725.129,72.06091,7.534638,0,89.31037,22.32274,14.30546,96.91595,330.2222,276.7891,0,2,5.13226,263.35,300,0.7,0,0,70.06483,70.06483,1,1,0.9986176,0.9989077,300,2.591794,0,0,59.44321,1,0,1,1,23.81972,1.923634,0,1,270,256,0,0,0,1.00069,1.014645,0,1,1,2,20,14.30843,1,1000,6,25,14.54934,1.061305,13.03029,0.02295589,0.02295589,1,0,16,0,14.53765,14.53765,1,1,150,0,0,0,128,30,0,0,30,1,-77.93909,
108.977,1759.324,68.49269,7.448936,0,89.46705,22.375,14.37643,96.99725,334.3421,272.9744,0,2,4.926108,264.7,300,0.7,0,0,68.92949,68.92949,1,1,0.9936501,0.9987311,300,2.409106,0,0,59.44321,1,0,1,1,24.50104,1.905893,0,1,270,240,0,0,0,1.000533,1.01475,0,1,1,2,30,14.61039,1,1000,6,25,14.63313,1.061305,13.02724,0.3286095,0.3286095,1,0,16,0,14.31803,14.31803,1,1,150,0,0,0,127,30,0,0,30,1,-81.50731,
109.0784,1804.946,60.3798,4.666348,0,89.36487,22.34887,14.3984,97.02773,339.0894,263.5328,0,2,4.482281,267.48,300,0.7,0,0,65.9943,65.9943,1,1,0.9921118,0.9988194,300,1.993907,0,0,59.44321,1,0,1,1,23.47379,1.900399,0,1,270,244,0,0,0,1.000635,1.014698,0,1,1,2,40,14.87603,1,1000,6,25,14.82606,1.05431,13.02647,0.9365435,0.9365435,1,0,16,0,13.88583,13.88583,1,1,150,0,0,0,128,30,0,0,30,1,-89.62019,
109.1827,1814.004,54.46692,6.038561,0,89.46024,22.40113,14.35491,96.97692,335.2407,257.4292,0,2,4.096626,270.32,300,0.7,0,0,63.54811,63.54811,1,1,0.9951564,0.9986428,300,1.723862,0,0,59.44321,1,0,1,1,22.5934,1.911273,0,1,270,196,0,0,0,1.00054,1.014802,0,1,1,2,20,15.17707,1,1000,6,25,14.89333,1.05431,13.02678,1.171327,1.171327,1,0,16,0,13.72158,13.72158,1,1,150,0,0,0,127,30,0,0,30,1,-95.53308,
109.2843,1871.141,57.86035,7.644146,0,89.27631,22.34561,14.25785,96.89563,334.02,256.1513,0,2,6.64255,251.86,300,0.7,0,0,64.78552,110.461,1,1,1.001951,0.9988304,300,3.187172,45.6755,0.7234194,303.7984,1,0,1,1,23.4144,1.935538,0,1,270,196,0,0,0,1.000724,1.014691,0,1,1,2,20,15.35836,1,1000,6,25,14.87844,1.05431,13.028,1.495382,1.495382,1,0,16,0,13.37064,13.37064,1,1,150,0,0,0,127,30,0,0,30,1,-92.13965,
109.3856,1888.574,60.84994,7.272771,0,89.3308,22.3652,14.25922,97.0379,342.6498,265.0397,0,2,4.564054,267.26,300,0.7,0,0,65.88062,65.88062,1,1,1.001854,0.9987642,300,1.939649,0,0,303.7984,1,0,1,1,24.11465,1.935194,0,1,270,212,0,0,0,1.000669,1.01473,0,1,1,2,40,15.70681,1,1000,6,25,14.84052,1.020435,13.03014,1.962597,1.962597,1,0,16,0,12.89979,12.89979,1,1,150,0,0,0,127,30,0,0,30,1,-89.15005,
109.4856,1917.178,59.14419,6.965672,0,89.34443,22.34887,14.23725,97.04806,350.3641,262.0451,0,2,4.553298,266.54,300,0.7,0,0,64.89849,64.89849,1,1,1.003393,0.9988194,300,1.852142,0,0,303.7984,1,0,1,1,23.94987,1.940688,0,1,270,208,0,0,0,1.000656,1.014698,0,1,1,2,30,16.01423,1,1000,6,25,14.88095,1.020435,13.02785,3.028871,3.028871,1,0,16,0,11.85057,11.85057,1,1,150,0,0,0,127,30,0,0,30,1,-90.85581,
109.5873,1953.379,57.72774,6.95615,0,89.37849,22.3946,14.14064,97.00741,351.144,263.056,0,2,4.476495,267.55,300,0.7,0,0,63.93768,63.93768,1,1,1.010155,0.9986649,300,1.777712,0,0,303.7984,1,0,1,1,23.86379,1.964839,0,1,270,224,0,0,0,1.000622,1.014789,0,1,1,2,30,16.24549,1,1000,6,25,14.90718,1.020435,13.03029,2.937665,2.937665,1,0,16,0,11.97573,11.97573,1,1,150,0,0,0,127,30,0,0,30,1,-92.27226,
109.6894,1972.905,55.43733,7.006142,0,89.215,22.33091,14.33248,96.88547,351.0423,254.53,0,2,4.241746,269.32,300,0.7,0,0,62.71653,62.71653,1,1,0.9967267,0.9988801,300,1.592682,0,0,303.7984,1,0,1,1,23.46267,1.916881,0,1,270,212,0,0,0,1.000785,1.014662,0,1,1,2,20,16.48352,1,1000,6,25,14.9366,0.972201,13.02937,1.614085,1.614085,1,0,16,0,13.32372,13.32372,1,1,150,0,0,0,127,30,0,0,30,1,-94.56267,
109.7897,2000.934,55.26254,6.932343,0,89.45342,22.40113,14.14568,97.0887,358.7905,259.5655,0,2,4.318682,268.5,300,0.7,0,0,62.344,62.344,1,1,1.009802,0.9986428,300,1.576559,0,0,303.7984,1,0,1,1,23.57525,1.96358,0,1,270,232,0,0,0,1.000547,1.014802,0,1,1,2,30,16.63586,1,1000,6,25,14.94738,0.972201,13.02846,0.7722063,0.7722063,1,0,16,0,14.17077,14.17077,1,1,150,0,0,0,127,30,0,0,30,1,-94.73746,
109.895,2023.472,54.045,6.95853,0,89.41255,22.29661,14.1237,96.86515,349.7029,249.7616,0,2,4.299879,268.5,300,0.7,0,0,61.53774,61.53774,1,1,1.011341,0.9989961,300,1.520933,0,0,303.7984,1,0,1,1,23.97746,1.969074,0,1,270,196,0,0,0,1.000587,1.014593,0,1,1,2,10,16.91729,1,1000,6,25,14.95955,0.972201,13.0248,0.07205009,0.07205009,1,0,16,0,14.87864,14.87864,1,1,150,0,0,0,127,30,0,0,30,1,-95.955,
109.9957,2058.037,54.37651,6.977575,0,89.22862,22.35867,14.36178,96.89563,358.0784,258.6499,0,2,4.304727,268.45,300,0.7,0,0,61.32033,61.32033,1,1,0.9946756,0.9987863,300,1.525512,0,0,303.7984,1,0,1,1,24.47708,1.909556,0,1,270,232,0,0,0,1.000771,1.014717,0,1,1,2,20,16.91729,1,1000,6,25,14.95623,0.9723102,13.02769,-0.5247011,-0.5247011,1,0,16,0,15.48148,15.48148,1,1,150,0,0,0,127,30,0,0,30,1,-95.62349,
110.0967,2064.268,54.23788,7.003762,0,89.30356,22.25905,14.44464,96.84483,361.5032,258.0205,0,2,4.266153,269.14,300,0.7,0,0,61.18632,61.18632,1,1,0.9888749,0.9991232,300,1.518257,0,0,303.7984,1,0,1,1,24.59162,1.892559,0,1,270,200,0,0,0,1.000696,1.014518,0,1,1,2,20,17.20841,1,1000,6,25,14.95762,0.9723102,13.03014,-1.133111,-1.133111,1,0,16,0,16.09604,16.09604,1,1,150,0,0,0,127,30,0,0,30,1,-95.76212,
110.1998,2114.761,51.47733,6.49125,0,89.46705,22.35377,14.26746,96.97692,357.4172,249.1894,0,2,4.266451,269.08,300,0.7,0,0,58.76734,58.76734,1,1,1.001278,0.9988028,300,1.381053,0,0,303.7984,1,0,1,1,25.74745,1.933134,0,1,270,220,0,0,0,1.000533,1.014708,0,1,1,2,20,17.47573,1,1000,6,25,14.98523,0.9723102,13.02846,-1.493578,-1.493578,1,0,16,0,16.46663,16.46663,1,1,150,0,0,0,127,30,0,0,30,1,-98.52267,
110.3006,2098.342,48.65047,5.387821,0,89.40574,22.30804,14.24457,96.89563,357.2137,245.5272,0,2,4.12674,270.43,300,0.7,0,0,56.75155,56.75155,1,1,1.00288,0.9989574,300,1.297742,0,0,303.7984,1,0,1,1,25.85301,1.938857,0,1,270,212,0,0,0,1.000594,1.014616,0,1,1,2,30,17.57813,1,1000,6,25,15,1.001944,13.02861,-1.655664,-1.655664,1,0,16,0,16.65566,16.65566,1,1,150,0,0,0,127,30,0,0,30,1,-101.3495,
110.4013,2119.243,45.41978,5.307658,0,89.49429,22.34887,14.35216,97.02773,362.2492,242.7997,0,2,3.867618,272.01,300,0.7,0,0,53.66706,53.66706,1,1,0.9953486,0.9988194,300,1.145547,0,0,303.7984,1,0,1,1,26.62942,1.911959,0,1,270,240,0,0,0,1.000506,1.014698,0,1,1,2,40,17.50973,1,1000,6,25,15,1.001944,13.02708,-1.70417,-1.70417,1,0,16,0,16.70417,16.70417,1,1,150,0,0,0,128,30,0,0,30,1,-104.5802,
110.5019,2120.891,44.47348,5.404325,0,89.40574,22.30314,14.33888,96.93628,364.2159,241.9986,0,2,3.782256,272.47,300,0.7,0,0,52.8364,52.8364,1,1,0.9962781,0.998974,300,1.139177,0,0,303.7984,1,0,1,1,26.78419,1.915279,0,1,270,216,0,0,0,1.000594,1.014606,0,1,1,2,30,17.71654,1,1000,6,25,15,1.033413,13.02876,-1.595045,-1.595045,1,0,16,0,16.59505,16.59505,1,1,150,0,0,0,127,30,0,0,30,1,-105.5265,
110.6023,2157.963,44.60608,5.383106,0,89.46024,22.30314,14.34713,96.96677,368.1324,243.7915,0,2,3.740469,272.44,300,0.7,0,0,51.97335,51.97335,1,1,0.9957012,0.998974,300,1.12385,0,0,303.7984,1,0,1,1,27.40032,1.913218,0,1,270,212,0,0,0,1.00054,1.014606,0,1,1,2,20,17.75148,1,1000,6,25,15,1.033413,13.02968,-1.375082,-1.375082,1,0,16,0,16.37508,16.37508,1,1,150,0,0,0,127,30,0,0,30,1,-105.3939,
110.7055,2182.771,44.26855,5.413756,0,89.39211,22.29008,14.11271,97.00741,372.2693,248.0259,0,2,3.819849,272.05,300,0.7,0,0,51.0027,51.0027,1,1,1.01211,0.9990182,300,1.09461,0,0,303.7984,1,0,1,1,27.87294,1.971821,0,1,270,216,0,0,0,1.000608,1.01458,0,1,1,2,30,18.18182,1,1000,6,25,15,1.033413,13.02769,-1.534014,-1.534014,1,0,16,0,16.53401,16.53401,1,1,150,0,0,0,127,30,0,0,30,1,-105.7315,
110.8058,2138.885,43.47293,5.364244,0,89.42617,22.29661,14.19696,97.04806,360.5198,238.8323,0,2,3.832169,272.46,300,0.7,0,0,51.49226,51.49226,1,1,1.006213,0.9989961,300,1.121,0,0,303.7984,1,0,1,1,27.22906,1.950761,0,1,270,212,0,0,0,1.000574,1.014593,0,1,1,2,30,17.85714,1,1000,6,25,15,1.067496,13.02892,-1.744593,-1.744593,1,0,16,0,16.74459,16.74459,1,1,150,0,0,0,127,30,0,0,30,1,-106.5271,
110.9064,2197.641,43.0932,5.392537,0,89.41255,22.29661,14.4277,97.01757,375.0328,241.865,0,2,3.772617,273.17,300,0.7,0,0,49.46086,49.46086,1,1,0.9900607,0.9989961,300,1.067385,0,0,303.7984,1,0,1,1,28.29934,1.895382,0,1,270,224,0,0,0,1.000587,1.014593,0,1,1,2,40,18.07229,1,1000,6,25,15,1.067496,13.03014,-1.872597,-1.872597,1,0,16,0,16.8726,16.8726,1,1,150,0,0,0,127,30,0,0,30,1,-106.9068,
111.0095,2196.676,43.88882,5.354813,0,89.43298,22.32111,14.25922,97.07854,370.3026,246.767,0,2,3.807571,272.82,300,0.7,0,0,50.26069,50.26069,1,1,1.001854,0.9989132,300,1.10461,0,0,303.7984,1,0,1,1,28.16673,1.935194,0,1,270,208,0,0,0,1.000567,1.014642,0,1,1,2,10,18.29268,1,1000,6,25,15,1.067496,13.02769,-2.124559,-2.124559,1,0,16,0,17.12456,17.12456,1,1,150,0,0,0,127,30,0,0,30,1,-106.1112,
111.112,2184.042,43.04499,5.437334,0,89.31718,22.22638,14.10905,96.91595,371.3368,240.3391,0,2,3.858474,271.16,300,0.7,0,0,49.80916,49.80916,1,1,1.012366,0.9992336,300,1.118172,0,0,303.7984,1,0,1,1,28.07057,1.972737,0,1,270,216,0,0,0,1.000683,1.014453,0,1,1,2,30,18.25558,1,1000,6,25,15,1.111496,13.02892,-2.055841,-2.055841,1,0,16,0,17.05584,17.05584,1,1,150,0,0,0,127,30,0,0,30,1,-106.955,
111.2146,2227.668,43.78635,5.423188,0,89.43298,22.29661,14.30134,97.06837,374.3716,246.5953,0,2,3.898419,272.15,300,0.7,0,0,49.30182,49.30182,1,1,0.998906,0.9989961,300,1.125603,0,0,303.7984,1,0,1,1,28.7155,1.924664,0,1,270,204,0,0,0,1.000567,1.014593,0,1,1,2,20,18.40491,1,1000,6,25,15,1.111496,13.03014,-1.941315,-1.941315,1,0,16,0,16.94131,16.94131,1,1,150,0,0,0,127,30,0,0,30,1,-106.2136,
111.3156,2215.657,43.31622,5.571726,0,89.32399,22.24598,14.47166,96.85499,372.3371,239.5762,0,2,3.8774,272.36,300,0.7,0,0,49.16283,49.16283,1,1,0.986984,0.9991673,300,1.110579,0,0,303.7984,1,0,1,1,28.57846,1.888057,0,1,270,208,0,0,0,1.000676,1.014492,0,1,1,2,30,18.44262,1,1000,6,25,15,1.111496,13.02953,-1.993862,-1.993862,1,0,16,0,16.99386,16.99386,1,1,150,0,0,0,127,30,0,0,30,1,-106.6838,
111.4188,2226.841,44.25649,5.602377,0,89.37167,22.22638,14.34163,96.94644,362.7239,243.5626,0,2,4.101099,269.94,300,0.7,0,0,49.80623,49.80623,1,1,0.9960858,0.9992336,300,1.191228,0,0,303.7984,1,0,1,1,28.6306,1.914592,0,1,270,204,0,0,0,1.000628,1.014453,0,1,1,2,20,18.44262,1,1000,6,25,15,1.151832,13.02953,-1.876637,-1.876637,1,0,16,0,16.87664,16.87664,1,1,150,0,0,0,127,30,0,0,30,1,-105.7435,
111.5188,2249.887,44.78691,5.635386,0,89.37849,22.29171,14.21939,96.92612,372.0997,244.4591,0,2,4.068546,270.97,300,0.7,0,0,49.75156,49.75156,1,1,1.004643,0.9990126,300,1.204062,0,0,303.7984,1,0,1,1,28.94432,1.945152,0,1,270,200,0,0,0,1.000622,1.014583,0,1,1,2,20,18.82845,1,1000,6,25,15,1.151832,13.02983,-1.741898,-1.741898,1,0,16,0,16.7419,16.7419,1,1,150,0,0,0,127,30,0,0,30,1,-105.2131,
111.6195,2243.494,44.76279,5.727338,0,89.33762,22.21332,14.26288,96.96677,366.0978,242.0748,0,2,4.225246,270.12,300,0.7,0,0,49.89201,49.89201,1,1,1.001598,0.9992778,300,1.241089,0,0,303.7984,1,0,1,1,28.83886,1.934279,0,1,270,196,0,0,0,1.000662,1.014427,0,1,1,2,20,18.63354,1,1000,6,25,15,1.184368,13.03014,-1.639545,-1.639545,1,0,16,0,16.63955,16.63955,1,1,150,0,0,0,127,30,0,0,30,1,-105.2372,
111.7196,2272.899,45.22088,5.753273,0,89.48067,22.28354,14.37688,96.9566,377.8134,245.6035,0,2,4.148041,270.48,300,0.7,0,0,50.46909,50.46909,1,1,0.9936181,0.9990402,300,1.267984,0,0,303.7984,1,0,1,1,29.26887,1.905779,0,1,270,208,0,0,0,1.000519,1.014567,0,1,1,2,20,18.86792,1,1000,6,25,15,1.184368,13.02831,-1.297523,-1.297523,1,0,16,0,16.29752,16.29752,1,1,150,0,0,0,127,30,0,0,30,1,-104.7791,
111.8196,2276.521,44.51567,5.783924,0,89.36487,22.24761,14.45151,96.9566,370.3704,240.6443,0,2,4.325391,268.7,300,0.7,0,0,49.75934,49.75934,1,1,0.9883942,0.9991617,300,1.230862,0,0,303.7984,1,0,1,1,29.44184,1.891415,0,1,270,196,0,0,0,1.000635,1.014495,0,1,1,2,50,18.82845,1,1000,6,25,15,1.184368,13.03014,-1.242851,-1.242851,1,0,16,0,16.24285,16.24285,1,1,150,0,0,0,127,30,0,0,30,1,-105.4843,
111.9229,2288.679,45.28718,5.772135,0,89.48067,22.26231,14.28211,97.01757,376.3214,249.2466,0,2,4.367562,267.94,300,0.7,0,0,50.71742,50.71742,1,1,1.000252,0.9991121,300,1.292973,0,0,303.7984,1,0,1,1,29.5266,1.929472,0,1,270,228,0,0,0,1.000519,1.014525,0,1,1,2,40,19.10828,1,1000,6,25,15,1.2,13.03212,-1.001673,-1.001673,1,0,16,0,16.00167,16.00167,1,1,150,0,0,0,127,30,0,0,30,1,-104.7128,
112.0262,2312.852,45.36554,5.786282,0,89.42617,22.23292,14.35445,96.97692,372.6762,249.0558,0,2,4.394418,268.59,300,0.7,0,0,51.073,51.073,1,1,0.9951884,0.9992115,300,1.304416,0,0,303.7984,1,0,1,1,29.92459,1.911387,0,1,270,200,0,0,0,1.000574,1.014466,0,1,1,2,10,19.0678,1,1000,6,25,15,1.2,13.02892,-0.8518648,-0.8518648,1,0,16,0,15.85186,15.85186,1,1,150,0,0,0,127,30,0,0,30,1,-104.6345,
112.1284,2330.64,45.10033,5.835794,0,89.50792,22.28518,14.23587,97.09886,376.813,245.6798,0,2,4.408794,267.21,300,0.7,0,0,50.99172,50.99172,1,1,1.003489,0.9990347,300,1.294525,0,0,303.7984,1,0,1,1,30.27077,1.941032,0,1,270,212,0,0,0,1.000492,1.01457,0,1,1,2,30,19.43845,1,1000,6,25,15,1.2,13.03014,-0.5958967,-0.5958967,1,0,16,0,15.5959,15.5959,1,1,150,0,0,0,127,30,0,0,30,1,-104.8997,
112.2316,2351.281,45.08828,5.814575,0,89.60329,22.23292,14.05549,97.24112,379.3393,245.222,0,2,4.506623,267.96,300,0.7,0,0,51.21164,51.21164,1,1,1.016116,0.9992115,300,1.299733,0,0,303.7984,1,0,1,1,30.62419,1.986129,0,1,270,196,0,0,0,1.000397,1.014466,0,1,1,2,20,19.60784,1,1000,6,25,15,1.2,13.03014,-0.2918243,-0.2918243,1,0,16,0,15.29182,15.29182,1,1,150,0,0,0,127,30,0,0,30,1,-104.9117,
112.3332,2353.68,45.00389,5.802786,0,89.61691,22.20679,14.12462,97.30209,376.9318,244.3828,0,2,4.452377,267.27,300,0.7,0,0,51.14917,51.14917,1,1,1.011277,0.9992999,300,1.295748,0,0,303.7984,1,0,1,1,30.67934,1.968845,0,1,270,204,0,0,0,1.000383,1.014414,0,1,1,2,30,19.56522,1,1000,6,25,15,1.2,13.0309,-0.2233295,-0.2233295,1,0,16,0,15.22333,15.22333,1,1,150,0,0,0,127,30,0,0,30,1,-104.9961,
112.4362,2361.461,45.1606,5.920673,0,89.37167,22.20679,14.26975,97.06837,373.7443,248.2738,0,2,4.506454,267.36,300,0.7,0,0,51.4031,51.4031,1,1,1.001117,0.9992999,300,1.307036,0,0,303.7984,1,0,1,1,30.78512,1.932562,0,1,270,216,0,0,0,1.000628,1.014414,0,1,1,2,10,19.69365,1,1000,6,25,15,1.2,13.02953,0.0141964,0.0141964,1,0,16,0,14.9858,14.9858,1,1,150,0,0,0,127,30,0,0,30,1,-104.8394,
112.5384,2395.783,44.37704,5.958398,0,89.52835,22.24108,14.33248,97.07854,372.744,244.3065,0,2,4.611883,266.43,300,0.7,0,0,50.96031,50.96031,1,1,0.9967267,0.9991838,300,1.273033,0,0,303.7984,1,0,1,1,31.5072,1.916881,0,1,270,224,0,0,0,1.000472,1.014482,0,1,1,2,20,19.82379,1,1000,6,25,15,1.2,13.03014,0.08600712,0.08600712,1,0,16,0,14.91399,14.91399,1,1,150,0,0,0,127,30,0,0,30,1,-105.623,
112.6406,2417.016,45.08225,5.967829,0,89.50792,22.14146,14.24457,97.15983,381.5773,243.5626,0,2,4.612472,266.34,300,0.7,0,0,51.94638,51.94638,1,1,1.00288,0.999521,300,1.31593,0,0,303.7984,1,0,1,1,31.74439,1.938857,0,1,270,200,0,0,0,1.000492,1.014283,0,1,1,2,10,20.40816,1,1000,6,25,15,1.197661,13.0338,0.1257792,0.1257792,1,0,16,0,14.87422,14.87422,1,1,150,0,0,0,127,30,0,0,30,1,-104.9178,
112.7418,2398.082,44.79293,6.231897,0,89.46705,22.22965,14.153,96.92612,373.5578,244.4781,0,2,4.676259,266.1,300,0.7,0,0,51.4266,51.4266,1,1,1.00929,0.9992225,300,1.294294,0,0,303.7984,1,0,1,1,31.47312,1.961749,0,1,270,232,0,0,0,1.000533,1.014459,0,1,1,2,20,20.04454,1,1000,6,25,15,1.197661,13.03212,0.1467686,0.1467686,1,0,16,0,14.85323,14.85323,1,1,150,0,0,0,128,30,0,0,30,1,-105.2071,
112.8426,2437.241,45.25704,6.394582,0,89.4398,22.18719,14.35766,96.94644,383.0354,246.3664,0,2,4.75262,265.77,300,0.7,0,0,52.35915,52.35915,1,1,0.9949641,0.9993662,300,1.331534,0,0,303.7984,1,0,1,1,32.05681,1.910586,0,1,270,216,0,0,0,1.00056,1.014374,0,1,1,2,30,20.27027,1,1000,6,25,15,1.197661,13.03227,0.3883896,0.3883896,1,0,16,0,14.61161,14.61161,1,1,150,0,0,0,127,30,0,0,30,1,-104.743,
112.9439,2448.78,46.55896,6.64922,0,89.53516,22.20025,14.44236,97.04806,382.2385,243.8106,0,2,4.754714,266.49,300,0.7,0,0,53.86444,53.86444,1,1,0.9890351,0.999322,300,1.398571,0,0,303.7984,1,0,1,1,32.01285,1.892941,0,1,270,212,0,0,0,1.000465,1.0144,0,1,1,2,30,20.50114,1,1000,6,25,15,1.188745,13.02769,0.3810291,0.3810291,1,0,16,0,14.61897,14.61897,1,1,150,0,0,0,127,30,0,0,30,1,-103.441,
113.0479,2459.218,48.22855,7.584631,0,89.6646,22.16759,14.26746,97.19032,374.219,246.8814,0,2,5.143864,262.5,300,0.7,0,0,55.74431,55.74431,1,1,1.001278,0.9994326,300,1.499159,0,0,303.7984,1,0,1,1,31.87759,1.933134,0,1,270,224,0,0,0,1.000335,1.014335,0,1,1,2,40,20.31603,1,1000,6,25,15,1.188745,13.02953,0.4104719,0.4104719,1,0,16,0,14.58953,14.58953,1,1,150,0,0,0,127,30,0,0,30,1,-101.7714,
113.1498,2505.638,54.91295,9.748608,0,89.76678,22.21005,14.07243,97.34274,387.7826,258.7834,0,2,5.930009,257.29,300,0.7,0,0,62.3322,71.8936,1,1,1.01493,0.9992888,300,1.85769,9.561399,0.1561309,57.71179,1,0,1,1,31.33725,1.981894,0,1,270,216,0,0,0,1.000233,1.01442,0,1,1,2,30,20.78522,1,1000,6,25,14.95087,1,13.02953,0.5515966,0.5515966,1,0,8,0,14.40313,14.40313,1,1,150,0,0,0,127,30,0,0,30,1,-95.08705,
113.2521,2520.797,59.39131,10.04618,0,89.50792,22.10226,14.4831,97.09886,374.6259,255.5791,0,2,5.944879,257.29,300,0.7,0,0,64.94032,64.94032,1,1,0.9861829,0.9996536,300,1.821072,0,0,57.71179,1,0,1,1,31.00358,1.88615,0,1,270,232,0,0,0,1.000492,1.014205,0,1,1,2,40,20.88167,1,1000,6,25,14.90609,1,13.03273,0.7704268,0.7704268,1,0,8,0,14.12842,14.12842,1,1,150,0,0,0,127,30,0,0,30,1,-90.60869,
113.3525,2512.563,41.86964,0,0,89.58966,22.19045,14.37643,97.0887,384.5104,245.0694,0,2,4.187604,270.77,300,0.7,0,0,49.26823,49.26823,1,1,0.9936501,0.9993551,300,0.9676955,0,0,57.71179,1,0,1,1,33.9239,1.905893,0,1,270,240,0,0,0,1.00041,1.014381,0,1,1,2,20,21.07728,1,1000,6,25,15,1,13.02892,1.168237,1.168237,1,0,8,0,13.83176,13.83176,1,1,150,0,0,0,127,30,0,0,30,1,-108.1304,
113.454,2477.087,29.1036,0,0,89.63734,22.19372,14.15575,97.20048,387.3079,229.2382,0,2,3.034431,278.55,300,0.7,0,0,35.78185,35.78185,1,1,1.009097,0.9993441,300,0.4776136,0,0,57.71179,1,0,1,1,33.83072,1.961062,0,1,270,208,0,0,0,1.000363,1.014387,0,1,1,2,50,20.68966,1,1000,6,25,15,0.9777268,13.03014,0.6572628,0.6572628,1,0,16,0,14.34274,14.34274,1,1,150,0,0,0,127,30,0,0,30,1,-120.8964,
113.5549,2475.86,23.55838,0.0121422,0,89.56242,22.18719,14.17864,97.11919,381.2721,223.0011,0,2,2.847239,279.34,300,0.7,0,0,34.49242,34.49242,1,1,1.007495,0.9993662,300,0.3727117,0,0,57.71179,1,0,1,1,33.87467,1.955339,0,1,270,240,0,0,0,1.000438,1.014374,0,1,1,2,20,21.07728,1,1000,6,25,15,0.9777268,13.0309,1.164157,1.164157,1,0,16,0,13.83584,13.83584,1,1,150,0,0,0,127,30,0,0,30,1,-126.4416,
113.6581,2516.356,21.41262,0.01685771,0,89.59647,22.15779,14.15667,97.13951,383.3914,222.4098,0,2,2.747022,280.42,300,0.7,0,0,32.63636,32.63636,1,1,1.009033,0.9994657,300,0.3087988,0,0,57.71179,1,0,1,1,34.41404,1.960833,0,1,270,208,0,0,0,1.000404,1.014316,0,1,1,2,30,21.02804,1,1000,6,25,15,0.9419209,13.03212,2.545307,2.545307,1,0,16,0,12.45469,12.45469,1,1,150,0,0,0,127,30,0,0,30,1,-128.5874,
113.7592,2505.638,20.71947,0.0380775,0,89.52155,22.18065,14.22992,96.97692,387.5114,218.5378,0,2,2.714441,280.8,300,0.7,0,0,31.86453,31.86453,1,1,1.003906,0.9993883,300,0.2917486,0,0,57.71179,1,0,1,1,34.30626,1.94252,0,1,270,228,0,0,0,1.000479,1.014361,0,1,1,2,80,20.83333,1,1000,6,25,15,0.9419209,13.03273,3.142756,3.142756,1,0,16,0,11.85724,11.85724,1,1,150,0,0,0,127,30,0,0,30,1,-129.2805,
113.8595,2455.394,20.87619,0.01685771,0,89.53516,22.0892,14.18414,96.94644,386.8162,220.9792,0,2,2.598625,281.47,300,0.7,0,0,31.66657,31.66657,1,1,1.00711,0.9996979,300,0.2724062,0,0,57.71179,1,0,1,1,33.58209,1.953966,0,1,270,216,0,0,0,1.000465,1.014178,0,1,1,2,30,20.59496,1,1000,6,25,15,0.8782262,13.03441,3.130202,3.130202,1,0,16,0,11.8698,11.8698,1,1,150,0,0,0,127,30,0,0,30,1,-129.1238,
113.9631,2426.792,20.99673,0.02628873,0,89.53516,22.15289,14.21527,97.05822,383.0523,217.7176,0,2,2.548131,281.76,300,0.7,0,0,31.58417,31.58417,1,1,1.004931,0.9994823,300,0.2732416,0,0,57.71179,1,0,1,1,33.15193,1.946183,0,1,270,236,0,0,0,1.000465,1.014306,0,1,1,2,20,20.17937,1,1000,6,25,15,0.8782262,13.03273,2.745832,2.745832,1,0,16,0,12.25417,12.25417,1,1,150,0,0,0,127,30,0,0,30,1,-129.0033,
114.0638,2355.713,20.99673,0.0121422,0,89.45342,22.11533,14.44968,97.00741,378.2542,219.3008,0,2,2.453867,282.53,300,0.7,0,0,31.08068,31.08068,1,1,0.9885224,0.9996094,300,0.2689221,0,0,57.71179,1,0,1,1,32.08579,1.89172,0,1,270,248,0,0,0,1.000547,1.014231,0,1,1,2,50,19.65066,1,1000,6,25,15,0.8782262,13.03166,1.388595,1.388595,1,0,16,0,13.61141,13.61141,1,1,150,0,0,0,127,30,0,0,30,1,-129.0033,
114.1686,2268.774,20.94851,0,0,89.61691,22.19209,14.32881,97.13951,374.1004,221.7613,0,2,2.3444,283.23,300,0.7,0,0,30.41785,30.41785,1,1,0.9969831,0.9993497,300,0.2575679,0,0,57.71179,1,0,1,1,30.78416,1.917797,0,1,270,208,0,0,0,1.000383,1.014384,0,1,1,2,30,19.02748,1,1000,6,25,15,0.8616886,13.03014,-2.660032,-2.660032,1,0,16,0,17.66003,17.66003,1,1,150,0,0,0,127,30,0,0,30,1,-129.0515,
114.2701,2164.19,20.32166,0.02628873,0,89.61691,22.05653,14.2464,97.11919,372.4727,217.546,0,2,2.272399,283.84,300,0.7,0,0,31.40567,31.40567,1,1,1.002752,0.9998085,300,0.2580244,0,0,57.71179,1,0,1,1,29.26166,1.938399,0,1,270,220,0,0,0,1.000383,1.014113,0,1,1,2,30,18.18182,1,1000,6,25,15,0.8616886,13.03181,-9.570339,-9.570339,1,0,16,0,24.57034,24.57034,1,1,150,0,0,0,127,30,0,0,30,1,-129.6783,
114.3715,2073.398,20.64715,0.02628873,0,89.63734,22.15452,14.31782,97.0887,365.0128,218.08,0,2,2.384408,283,300,0.7,0,0,33.58175,33.58175,1,1,0.9977523,0.9994768,300,0.3806161,0,0,57.71179,1,0,1,1,27.88323,1.920544,0,1,270,248,0,0,0,1.000363,1.014309,0,1,1,2,40,17.40812,1,1000,6,25,15,1.170173,13.03212,-14.32879,-14.32879,1,0,16,0,29.32879,29.32879,1,1,150,0,0,0,127,30,0,0,30,1,-129.3529,
114.4728,1982.292,20.55071,0.03336199,0,89.57604,22.09246,14.40939,96.99725,349.6859,216.3443,0,2,2.296154,283.65,300,0.7,0,0,35.32699,35.32699,1,1,0.9913426,0.9996868,300,0.3988214,0,0,57.71179,1,0,1,1,26.59278,1.898435,0,1,270,204,0,0,0,1.000424,1.014185,0,1,1,2,40,16.42336,1,1000,6,25,14.99115,1.170173,13.03227,-19.50001,-19.50001,1,0,16,0,34.49781,34.49781,1,1,150,0,0,0,127,30,0,0,30,1,-129.4493,
114.573,1866.136,21.05098,0.002711187,0,89.60329,22.13329,14.14202,97.06837,341.5478,221.418,0,2,2.239363,284.55,300,0.7,0,0,38.26519,38.26519,1,1,1.010059,0.9995486,300,0.4441915,0,0,57.71179,1,0,1,1,25.20656,1.964496,0,1,270,216,0,0,0,1.000397,1.014267,0,1,1,2,30,16.07143,1,1000,6,25,14.93307,1.170173,13.03136,-22.68668,-22.68668,1,0,16,0,37.61975,37.61975,1,1,150,0,0,0,127,30,0,0,30,1,-128.949,
114.6752,1722.95,22.27454,0.05458177,0,89.56923,22.05653,14.14431,96.99725,323.576,223.5542,0,2,2.168045,285.02,300,0.7,0,0,41.46787,41.46787,1,1,1.009899,0.9998085,300,0.5118747,0,0,57.71179,1,0,1,1,23.50303,1.963924,0,1,270,212,0,0,0,1.000431,1.014113,0,1,1,2,40,14.7541,1,1000,6,25,14.86147,1.170173,13.03288,-29.57183,-29.57183,1,0,16,0,44.43331,44.43331,1,1,150,0,0,0,127,30,0,0,30,1,-127.7255,
114.7766,1613.597,23.21482,0.007426695,0,89.64416,22.12839,14.18597,97.15983,311.7079,222.6387,0,2,2.12457,284.96,300,0.7,0,0,43.69409,43.69409,1,1,1.006982,0.9995652,300,0.5784774,0,0,57.71179,1,0,1,1,22.25245,1.953508,0,1,270,220,0,0,0,1.000356,1.014257,0,1,1,2,40,13.23529,1,1000,5,27.1,14.8068,1.2,13.03883,-34.56071,-34.56071,1,0,16,0,49.36751,49.36751,1,1,150,0,0,0,127,30,0,0,30,1,-126.7852,
114.8777,1491.424,24.10688,0.04279301,0,89.62373,22.03693,14.15026,96.9566,291.9899,218.3852,0,2,2.025851,285.24,300,0.7,0,0,44.36711,44.36711,1,1,1.009482,0.9998749,300,0.6125773,0,0,57.71179,1,0,1,1,20.93139,1.962436,0,1,270,196,0,0,0,1.000376,1.014074,0,1,1,2,40,12.72985,1,1000,5,27.1,14.74571,1.2,13.03304,-36.90123,-36.90123,1,0,16,0,51.64694,51.64694,1,1,150,0,0,0,127,30,0,0,30,1,-125.8931,
114.9783,1406.338,25.9151,0.03100424,0,89.70547,22.10226,14.31096,97.0379,293.9735,220.0637,0,2,1.945434,286.69,300,0.7,0,0,44.01323,44.01323,1,1,0.998233,0.9996536,300,0.6550494,0,0,57.71179,1,0,1,1,20.2507,1.922261,0,1,270,204,0,0,0,1.000295,1.014205,0,1,1,2,30,12.17862,1,1000,5,27.1,14.70317,1.2,13.03288,-33.99566,-33.99566,1,0,16,0,48.69883,48.69883,1,1,150,0,0,0,127,30,0,0,30,1,-124.0849,
115.0817,1266.25,27.45209,0.03336199,0,89.58966,22.02387,14.34346,96.87531,271.1359,227.0829,0,2,1.828529,287.24,300,0.7,0,0,43.05362,43.05362,1,1,0.9959576,0.9999192,300,0.6790708,0,0,57.71179,1,0,1,1,19.13,1.914134,0,1,270,196,0,0,0,1.00041,1.014048,0,1,1,2,50,10.66351,1,1000,5,27.1,14.7,1.2,13.03258,-26.51657,-26.51657,1,0,16,0,41.21658,41.21658,1,1,150,0,0,0,127,30,0,0,30,1,-122.5479,
115.182,1241.722,29.5014,0.03336199,0,89.63054,22.08266,14.47898,96.90579,280.5965,229.6578,0,2,1.769454,287.49,300,0.7,0,0,44.09069,44.09069,1,1,0.9864713,0.99972,300,0.7472497,0,0,57.71179,1,0,1,1,18.88193,1.886836,0,1,270,220,0,0,0,1.000369,1.014165,0,1,1,2,50,10.46512,1,1000,5,27.1,14.7,1.2,13.0338,-16.87098,-16.87098,1,0,16,0,31.57098,31.57098,1,1,150,0,0,0,127,30,0,0,30,1,-120.4986,
115.2836,1253.028,30.73702,0.04515076,0,89.53516,22.07613,14.23725,96.87531,287.9886,230.5161,0,2,1.858658,286.17,300,0.7,0,0,44.8742,44.8742,1,1,1.003393,0.9997421,300,0.7926597,0,0,57.71179,1,0,1,1,18.92529,1.940688,0,1,270,228,0,0,0,1.000465,1.014152,0,1,1,2,10,10.50175,1,1000,5,27.1,14.69639,1.2,13.03258,-9.999221,-9.999221,1,0,16,0,24.69724,24.69724,1,1,150,0,0,0,127,30,0,0,30,1,-119.263,
115.3884,1283.587,29.92935,0.0380775,0,89.6101,22.0696,14.22626,97.00741,285.5472,226.7586,0,2,1.893291,286.12,300,0.7,0,0,44.70762,44.70762,1,1,1.004162,0.9997642,300,0.7687268,0,0,57.71179,1,0,1,1,19.19053,1.943436,0,1,270,220,0,0,0,1.00039,1.014139,0,1,1,2,30,10.51402,1,1000,5,27.1,14.7,1.2,13.03151,-5.475533,-5.475533,1,0,16,0,20.1748,20.1748,1,1,150,0,0,0,127,30,0,0,30,1,-120.0706,
115.4904,1288.826,29.99565,0.009784449,0,89.73272,22.07613,14.29585,97.07854,289.0059,229.5815,0,2,1.890278,286.23,300,0.7,0,0,44.80097,44.80097,1,1,0.9992906,0.9997421,300,0.7719363,0,0,57.71179,1,0,1,1,19.22827,1.926038,0,1,270,220,0,0,0,1.000267,1.014152,0,1,1,2,20,10.62574,1,1000,5,27.1,14.7,1.2,13.03288,-2.014948,-2.014948,1,0,16,0,16.71495,16.71495,1,1,150,0,0,0,127,30,0,0,30,1,-120.0043,
115.5907,1275.781,30.32113,0,0,89.87577,22.14146,14.18963,97.20048,279.6301,225.6905,0,2,1.903041,286.89,300,0.7,0,0,44.85576,44.85576,1,1,1.006726,0.999521,300,0.7811536,0,0,57.71179,1,0,1,1,19.11481,1.952592,0,1,270,228,0,0,0,1.000124,1.014283,0,1,1,2,50,10.75269,1,1000,5,27.1,14.69867,1.2,13.03014,-0.6357088,-0.6357088,1,0,16,0,15.33381,15.33381,1,1,150,0,0,0,127,30,0,0,30,1,-119.6789,
115.6919,1231.072,30.1825,0,0,89.75996,22.0304,14.26655,97.07854,276.0526,228.9521,0,2,1.826091,286.73,300,0.7,0,0,44.4958,44.4958,1,1,1.001342,0.999897,300,0.7715369,0,0,57.71179,1,0,1,1,18.77653,1.933363,0,1,270,216,0,0,0,1.00024,1.014061,0,1,1,2,40,10.29748,1,1000,5,27.1,14.69897,1.2,13.03197,-0.01631737,-0.01631737,1,0,16,0,14.71319,14.71319,1,1,150,0,0,0,127,30,0,0,30,1,-119.8175,
115.7935,1234.009,29.95346,0,0,89.71228,22.10879,14.25739,97.0379,278.7315,227.2164,0,2,1.820164,286.55,300,0.7,0,0,44.35931,44.35931,1,1,1.001983,0.9996315,300,0.7632319,0,0,57.71179,1,0,1,1,18.80677,1.935652,0,1,270,244,0,0,0,1.000288,1.014218,0,1,1,2,40,10.27397,1,1000,5,27.1,14.7,1.2,13.03273,0.300416,0.300416,1,0,16,0,14.39764,14.39764,1,1,150,0,0,0,127,30,0,0,30,1,-120.0465,
115.8939,1259.499,29.46524,0.02628873,0,89.75996,22.0304,14.10356,96.97692,272.2718,229.963,0,2,1.836769,286.73,300,0.7,0,0,44.17663,44.17663,1,1,1.012751,0.999897,300,0.7477469,0,0,57.71179,1,0,1,1,19.02167,1.97411,0,1,270,224,0,0,0,1.00024,1.014061,0,1,1,2,30,10.45296,1,1000,5,27.1,14.7,1.2,13.03395,0.5409966,0.5409966,1,0,16,0,14.159,14.159,1,1,150,0,0,0,127,30,0,0,30,1,-120.5348,
115.9951,1270.218,30.37538,0,0,89.72591,22.05,14.38696,97.02773,289.3619,228.0556,0,2,1.862986,286.46,300,0.7,0,0,44.83096,44.83096,1,1,0.992913,0.9998307,300,0.7823526,0,0,57.71179,1,0,1,1,19.07005,1.903261,0,1,270,224,0,0,0,1.000274,1.0141,0,1,1,2,40,10.52632,1,1000,5,27.1,14.69838,1.2,13.02953,0.7494211,0.7494211,1,0,16,0,13.9501,13.9501,1,1,150,0,0,0,127,30,0,0,30,1,-119.6246,
116.0964,1286.284,30.18853,0,0,89.72591,22.0598,14.02069,97.05822,285.4793,225.1755,0,2,1.907988,286.17,300,0.7,0,0,44.88623,44.88623,1,1,1.018552,0.9997975,300,0.7669455,0,0,57.71179,1,0,1,1,19.20077,1.994827,0,1,270,204,0,0,0,1.000274,1.01412,0,1,1,2,30,10.58823,1,1000,5,27.1,14.69929,1.182281,13.03014,0.9545202,0.9545202,1,0,16,0,13.74454,13.74454,1,1,150,0,0,0,127,30,0,0,30,1,-119.8115,
116.1983,1232.59,29.77264,0.007426695,0,89.74634,22.0892,14.30317,97.01757,274.1707,228.3608,0,2,1.797527,287.5,300,0.7,0,0,44.24915,44.24915,1,1,0.9987778,0.9996979,300,0.7455616,0,0,57.71179,1,0,1,1,18.80182,1.924206,0,1,270,228,0,0,0,1.000254,1.014178,0,1,1,2,50,10.57579,1,1000,5,27.1,14.7,1.182281,13.03212,1.09524,1.09524,1,0,16,0,13.60273,13.60273,1,1,150,0,0,0,127,30,0,0,30,1,-120.2274,
116.301,1173.663,30.26688,0,0,89.71909,21.99774,14.21527,96.9566,272.4074,227.7504,0,2,1.731153,287.31,300,0.7,0,0,44.50867,44.50867,1,1,1.004931,1.000008,300,0.7626076,0,0,57.71179,1,0,1,1,18.33307,1.946183,0,1,270,248,0,0,0,1.000281,1.013995,0,1,1,2,40,9.879253,1,1000,5,27.1,14.69799,1.182281,13.03258,1.176754,1.176754,1,0,16,0,13.51755,13.51755,1,1,150,0,0,0,127,30,0,0,30,1,-119.7331,
116.4034,1212.023,30.05593,0.02628873,0,89.64416,22.02387,14.13149,96.83466,269.1183,229.3717,0,2,1.797835,286.84,300,0.7,0,0,44.40705,44.40705,1,1,1.010796,0.9999192,300,0.7555065,0,0,57.71179,1,0,1,1,18.63391,1.967128,0,1,270,240,0,0,0,1.000356,1.014048,0,1,1,2,40,10.12373,1,1000,5,27.1,14.69965,1.182281,13.03197,1.255158,1.255158,1,0,16,0,13.44155,13.44155,1,1,150,0,0,0,127,30,0,0,30,1,-119.9441,
116.504,1249.323,30.33319,0.04515076,0,89.60329,21.96997,14.44602,96.79402,282.7666,231.1837,0,2,1.801108,286.76,300,0.7,0,0,44.59905,44.59905,1,1,0.9887788,1.000102,300,0.7659313,0,0,57.71179,1,0,1,1,18.91148,1.89233,0,1,270,232,0,0,0,1.000397,1.01394,0,1,1,2,30,10.28571,1,1000,5,27.1,14.69833,1.182281,13.03319,1.287019,1.287019,1,0,16,0,13.41298,13.41298,1,1,150,0,0,0,127,30,0,0,30,1,-119.6668,
116.6048,1225.891,30.85154,0.02864648,0,89.6646,21.99774,14.15529,96.80418,279.5962,229.9058,0,2,1.797973,287.4,300,0.7,0,0,44.89626,44.89626,1,1,1.009129,1.000008,300,0.7665904,0,0,57.71179,1,0,1,1,18.71511,1.961177,0,1,270,228,0,0,0,1.000335,1.013995,0,1,1,2,40,10.26226,1,1000,5,27.1,14.69506,1.155575,13.03258,1.316522,1.316522,1,0,16,0,13.38085,13.38085,1,1,150,0,0,0,127,30,0,0,30,1,-119.1485,
116.707,1157.318,31.27346,0.04043525,0,89.63054,22.02223,14.16765,96.68224,276.7817,231.7178,0,2,1.6974,287.75,300,0.7,0,0,45.09929,45.09929,1,1,1.008264,0.9999246,300,0.7808725,0,0,57.71179,1,0,1,1,18.18498,1.958086,0,1,270,236,0,0,0,1.000369,1.014044,0,1,1,2,60,9.836065,1,1000,5,27.1,14.6897,1.155575,13.03456,1.298381,1.298381,1,0,16,0,13.39717,13.39717,1,1,150,0,0,0,127,30,0,0,30,1,-118.7265,
116.8076,1198.37,31.32168,0.4200337,0,89.65778,22.02387,14.21435,96.80418,285.6998,232.1183,0,2,1.75761,286.97,300,0.7,0,0,45.1592,45.1592,1,1,1.004995,0.9999192,300,0.7830168,0,0,57.71179,1,0,1,1,18.49283,1.946411,0,1,270,228,0,0,0,1.000342,1.014048,0,1,1,2,10,9.868422,1,1000,5,27.1,14.69112,1.155575,13.03334,1.296891,1.296891,1,0,16,0,13.39921,13.39921,1,1,150,0,0,0,127,30,0,0,30,1,-118.6783,
116.9093,1266.143,32.61757,0.6062962,0,89.63054,21.90628,14.19329,96.70257,287.853,229.9058,0,2,1.94142,285.98,300,0.7,0,0,46.12189,46.12189,1,1,1.006469,1.000318,300,0.8331157,0,0,57.71179,1,0,1,1,18.95358,1.951676,0,1,270,224,0,0,0,1.000369,1.013813,0,1,1,2,50,10.50175,1,1000,5,27.1,14.68832,1.155575,13.03197,1.296197,1.296197,1,0,16,0,13.39105,13.39105,1,1,150,0,0,0,127,30,0,0,30,1,-117.3824,
117.0139,1254.443,33.43127,1.469234,0,89.72591,22.02387,14.34941,96.81434,274.6454,233.7968,0,2,2.320719,284.08,300,0.7,0,0,46.29385,66.38557,1,1,0.995541,0.9999192,300,1.229154,20.09172,0.4355416,145.1805,1,0,1,1,18.83812,1.912646,0,1,270,232,0,0,0,1.000274,1.014048,0,1,1,2,30,10.29748,1,1000,5,27.1,14.68335,1.155575,13.03258,1.318592,1.318592,1,0,16,0,13.3635,13.3635,1,1,150,0,0,0,127,30,0,0,30,1,-116.5687,
117.1163,1173.204,42.83402,5.604735,0,89.81446,22.05,14.2519,96.80418,276.5782,240.3582,0,2,2.551719,280.78,300,0.7,0,0,47.20554,77.49406,1,1,1.002367,0.9998307,300,1.598685,30.28852,0.6565844,266.2037,1,0,1,1,18.06145,1.937026,0,1,270,224,0,0,0,1.000185,1.0141,0,1,1,2,20,9.868422,1,1000,6,25,14.60989,1,13.03273,1.227814,1.227814,1,0,7,0,13.37983,13.37983,1,1,150,0,0,0,127,30,0,0,30,1,-107.166,
117.2173,1344.809,79.51079,18.57592,0,89.80765,21.97161,14.38238,96.89563,297.1271,287.3178,0,2,6.91456,246.94,300,0.7,0,0,76.76144,136.7307,1,1,0.9932334,1.000096,300,5.358361,59.96929,1.053175,628.9689,1,0,1,1,20.02458,1.904405,0,1,270,240,0,0,0,1.000192,1.013943,0,1,1,2,20,10.30928,1,1000,6,25,14.27788,1,13.03258,0.9083996,0.9083996,1,0,7,0,13.42879,13.42879,1,1,150,0,0,0,127,30,0,0,30,1,-70.48921,
117.3183,1424.637,89.94422,19.45198,0,89.72591,22.0451,14.22809,96.87531,274.1538,294.9474,0,2,8.951468,242.48,300,0.7,0,0,77.84832,137.8176,1,1,1.004034,0.9998472,300,6.36378,59.96929,1.053175,628.9689,1,0,1,1,19.58949,1.942978,0,1,270,276,0,0,0,1.000274,1.01409,0,1,1,2,40,11.52369,1,1000,6,25,13.70745,1,13.03319,0.05756569,0.05756569,1,0,7,0,13.53438,13.53438,1,1,150,0,0,0,128,30,0,0,30,1,-60.05578,
117.4185,1225.64,95.57986,18.20692,0,89.86896,22.04836,14.08708,96.93628,281.7324,302.4243,0,2,5.147689,259.52,300,0.7,0,0,82.46917,82.46917,1,1,1.013905,0.9998361,300,4.183202,0,0,628.9689,1,0,1,1,18.09246,1.978231,0,1,270,292,0,0,0,1.000131,1.014097,0,1,1,2,50,10.41667,1,1000,6,25,13.25803,1,13.03319,0.1690893,0.1690893,1,0,7,0,13.20787,13.20787,1,1,150,0,0,0,127,30,0,0,30,1,-54.42014,
117.5188,1562.175,93.44012,26.61049,0,89.84171,22.04183,14.01932,96.86515,305.5873,299.2008,0,2,8.565925,237.61,300,0.7,0,0,75.98618,115.4182,1,1,1.018648,0.9998583,300,5.634592,39.43203,0.483457,168.8196,1,0,1,1,20.05831,1.995171,0,1,270,328,0,0,0,1.000158,1.014084,0,1,1,2,40,12.06434,1,1000,6,25,13.46762,1,13.03242,2.444304,2.444304,1,0,7,0,11.06332,11.06332,1,1,150,0,0,0,127,30,0,0,30,1,-56.55988,
117.6216,1391.659,94.52505,21.58977,0,89.80765,21.98304,14.16216,96.92612,273.4417,308.9666,0,2,5.833372,261.89,300,0.7,0,0,79.51451,79.51451,1,1,1.008649,1.000057,300,3.953004,0,0,168.8196,1,0,1,1,19.08091,1.95946,0,1,270,316,0,0,0,1.000192,1.013966,0,1,1,2,50,12.69393,1,1000,6,25,13.3802,1,13.03258,1.943152,1.943152,1,0,7,0,11.35752,11.35752,1,1,150,0,0,0,127,30,0,0,30,1,-55.47495,
117.7222,1426.262,95.32067,20.12332,0,89.76678,21.93894,14.34026,96.87531,322.9657,294.3179,0,2,6.037843,249.57,300,0.7,0,0,78.96915,78.96915,1,1,0.996182,1.000207,300,3.97507,0,0,168.8196,1,0,1,1,19.21439,1.914935,0,1,270,296,0,0,0,1.000233,1.013878,0,1,1,2,40,12.37964,1,1000,6,25,13.32727,1,13.03075,1.695712,1.695712,1,0,7,0,11.51878,11.51878,1,1,150,0,0,0,127,30,0,0,30,1,-54.67933,
117.8234,1713.405,95.62205,20.61848,0,89.80765,21.99774,14.11821,96.89563,305.6213,300.5741,0,2,6.967845,251.83,300,0.7,0,0,76.4897,76.4897,1,1,1.011725,1.000008,300,3.869887,0,0,168.8196,1,0,1,1,20.52556,1.970448,0,1,270,292,0,0,0,1.000192,1.013995,0,1,1,2,40,13.99689,1,1000,6,25,13.29996,1,13.03334,1.881431,1.881431,1,0,7,0,11.41271,11.41271,1,1,150,0,0,0,127,30,0,0,30,1,-54.37795,
117.9254,1527.884,96.87574,23.07766,0,89.85533,21.98467,14.30317,96.80418,319.0492,295.1953,0,2,7.397504,245.34,300,0.7,0,0,77.23019,93.80968,1,1,0.9987778,1.000052,300,4.681823,16.57949,0.2145465,71.5155,1,0,1,1,19.62128,1.924206,0,1,270,280,0,0,0,1.000145,1.013969,0,1,1,2,20,12.87554,1,1000,6,25,13.2107,0.9671713,13.03319,0.6723166,0.6723166,1,0,16,0,12.41484,12.41484,1,1,150,0,0,0,128,30,0,0,30,1,-53.12426,
118.0306,1820.388,94.81438,25.17736,0,89.64416,21.96997,14.27387,96.64159,321.9484,292.5441,0,2,8.692354,238.24,300,0.7,0,0,76.30331,76.96411,1,1,1.000829,1.000102,300,3.716663,0.6607973,0.008551031,74.36584,1,0,1,1,21.11273,1.931532,0,1,270,280,0,0,0,1.000356,1.01394,0,1,1,2,30,13.95349,1,1000,6,25,13.36559,0.9671713,13.03456,0.09297943,0.09297943,1,0,16,0,13.06804,13.06804,1,1,150,0,0,0,127,30,0,0,30,1,-55.18562,
118.1318,1744.592,92.13218,16.41432,0,89.77359,21.97161,14.19146,96.73305,314.8275,293.2689,0,2,6.862062,252.71,300,0.7,0,0,75.68435,75.68435,1,1,1.006598,1.000096,300,3.493989,0,0,74.36584,1,0,1,1,21.12373,1.952134,0,1,270,304,0,0,0,1.000226,1.013943,0,1,1,2,30,14.92537,1,1000,6,25,13.58369,0.9671713,13.0309,0.17416,0.17416,1,0,16,0,13.14185,13.14185,1,1,150,0,0,0,127,30,0,0,30,1,-57.86782,
118.2323,1837.11,93.00012,22.96101,0,89.72591,21.91934,14.31096,96.62128,330.6291,290.8274,0,2,9.859155,227.38,300,0.7,0,0,75.88464,99.99968,1,1,0.998233,1.000273,300,4.841775,24.11504,0.3178262,167.2746,1,0,1,1,21.47124,1.922261,0,1,270,276,0,0,0,1.000274,1.013839,0,1,1,2,20,15.05017,1,1000,6,25,13.51913,1,13.0338,0.7320719,0.7320719,1,0,7,0,12.63159,12.63159,1,1,150,0,0,0,127,30,0,0,30,1,-56.99988,
118.3329,1968.504,98.38862,30.04809,0,89.76678,21.93894,14.48264,96.65176,352.636,306.5251,0,2,9.809711,229.46,300,0.7,0,0,77.09142,95.42542,1,1,0.9862149,1.000207,300,5.063923,18.334,0.2404413,80.14709,1,0,1,1,20.90581,1.886226,0,1,270,264,0,0,0,1.000233,1.013878,0,1,1,2,30,16.36364,1,1000,6,25,13.04858,1,13.03258,0.02997589,0.02997589,1,0,7,0,13.08133,13.08133,1,1,150,0,0,0,127,30,0,0,30,1,-51.61138,
118.4342,1952.998,97.27355,31.51455,0,89.69865,21.95527,14.38009,96.62128,344.057,296.8166,0,2,8.446715,238.43,300,0.7,0,0,76.81682,76.81682,1,1,0.9933937,1.000152,300,3.999644,0,0,80.14709,1,0,1,1,21.21764,1.904977,0,1,270,312,0,0,0,1.000301,1.013911,0,1,1,2,20,16.12903,1,1000,6,25,13.14894,1,13.03258,1.754758,1.754758,1,0,7,0,11.19662,11.19662,1,1,150,0,0,0,127,30,0,0,30,1,-52.72645,
118.5362,2107.186,97.42424,35.91154,0,89.82127,21.99774,14.34346,96.74321,355.9252,298.6095,0,2,8.77994,236.04,300,0.7,0,0,76.7782,76.7782,1,1,0.9959576,1.000008,300,3.8055,0,0,80.14709,1,0,1,1,21.79725,1.914134,0,1,270,336,0,0,0,1.000179,1.013995,0,1,1,2,30,16.85393,1,1000,6,25,13.13182,0.9494019,13.03136,2.220059,2.220059,1,0,16,0,10.70671,10.70671,1,1,150,0,0,0,127,30,0,0,30,1,-52.57576,
118.6384,2098.489,99.66644,36.84474,0,89.90302,21.94547,14.25281,96.81434,368.8106,301.6613,0,2,8.603805,238.4,300,0.7,0,0,77.40708,77.40708,1,1,1.002303,1.000185,300,3.986197,0,0,80.14709,1,0,1,1,21.06503,1.936797,0,1,270,284,0,0,0,1.000097,1.013891,0,1,1,2,20,17.71654,1,1000,6,25,12.93002,0.9494019,13.03075,1.073106,1.073106,1,0,16,0,11.92472,11.92472,1,1,150,0,0,0,127,30,0,0,30,1,-50.33356,
118.7435,2186.589,101.9086,37.23278,0,89.9507,22.03203,14.05045,96.96677,375.2702,309.0429,0,2,9.402333,229.6,300,0.7,0,0,77.87164,77.87164,1,1,1.016469,0.9998915,300,4.125454,0,0,80.14709,1,0,1,1,20.76671,1.987388,0,1,270,272,0,0,0,1.000049,1.014064,0,1,1,2,40,17.75148,1,1000,6,25,12.8491,0.9494019,13.03471,-0.1637573,-0.1637573,1,0,16,0,13.00065,13.00065,1,1,150,0,0,0,127,30,0,0,30,1,-48.09138,
118.8457,2275.831,104.0062,37.4137,0,89.82809,21.86545,14.52293,96.69241,378.8137,310.5116,0,2,9.824001,229.76,300,0.7,0,0,78.47188,78.47188,1,1,0.9833946,1.000456,300,4.307347,0,0,80.14709,1,0,1,1,20.55839,1.879511,0,1,270,300,0,0,0,1.000172,1.013731,0,1,1,2,40,18.86792,1,1000,6,25,12.79317,0.9593009,13.03441,-0.4527426,-0.4527426,1,0,16,0,13.29413,13.29413,1,1,150,0,0,0,127,30,0,0,30,1,-45.99383,
118.9479,2317.139,102.9936,33.4357,0,89.82127,21.98141,14.39016,96.78386,383.9848,308.9475,0,2,9.925078,227.09,300,0.7,0,0,78.53814,78.53814,1,1,0.9926887,1.000063,300,4.25935,0,0,80.14709,1,0,1,1,21.04571,1.902459,0,1,270,288,0,0,0,1.000179,1.013963,0,1,1,2,20,19.3133,1,1000,6,25,12.82017,0.9593009,13.03487,-0.4849033,-0.4849033,1,0,16,0,13.35024,13.35024,1,1,150,0,0,0,127,30,0,0,30,1,-47.00644,
119.0481,2434.867,100.9623,23.74661,0,89.85533,21.96834,14.24457,96.74321,387.257,306.6968,0,2,10.18586,226.83,300,0.7,0,0,78.87968,78.87968,1,1,1.00288,1.000107,300,4.175797,0,0,80.14709,1,0,1,1,22.15048,1.938857,0,1,270,332,0,0,0,1.000145,1.013937,0,1,1,2,0,20.13423,1,1000,6,25,12.87434,0.9593009,13.03258,-0.03014851,-0.03014851,1,0,16,0,13.03503,13.03503,1,1,150,0,0,0,127,30,0,0,30,1,-49.03767,
119.1516,2471.17,97.96671,19.07347,0,89.86214,21.94547,14.31416,96.8245,379.3732,301.4324,0,2,10.33773,224.14,300,0.7,0,0,78.34471,78.34471,1,1,0.9980087,1.000185,300,3.969364,0,0,80.14709,1,0,1,1,23.12275,1.921459,0,1,270,320,0,0,0,1.000138,1.013891,0,1,1,2,20,20.6422,1,1000,6,25,13.083,0.9614879,13.03258,0.2932539,0.2932539,1,0,16,0,12.73061,12.73061,1,1,150,0,0,0,127,30,0,0,30,1,-52.03329,
119.2527,2546.257,79.61326,6.528974,0,89.85533,21.93731,14.12004,96.70257,388.4608,286.7647,0,2,7.999491,243.4,300,0.7,0,0,73.48547,73.48547,1,1,1.011597,1.000212,300,2.746837,0,0,80.14709,1,0,1,1,27.35035,1.96999,0,1,270,216,0,0,0,1.000145,1.013875,0,1,1,2,30,21.02804,1,1000,6,25,14.41126,0.9614879,13.03349,2.041807,2.041807,1,0,16,0,12.36471,12.36471,1,1,150,0,0,0,127,30,0,0,30,1,-70.38674,
119.3534,2507.313,54.12336,3.103158,0,89.79402,21.95201,14.27754,96.76353,384.8665,254.0723,0,2,5.056415,263.72,300,0.7,0,0,61.91979,61.91979,1,1,1.000573,1.000163,300,1.432679,0,0,80.14709,1,0,1,1,31.51049,1.930616,0,1,270,196,0,0,0,1.000206,1.013904,0,1,1,2,20,21.17647,1,1000,6,25,14.95877,0.9086757,13.03395,3.021698,3.021698,1,0,16,0,11.93845,11.93845,1,1,150,0,0,0,127,30,0,0,30,1,-95.87665,
119.4579,2559.29,42.02032,3.506334,0,89.7804,21.93241,14.27204,96.71273,384.6291,244.9168,0,2,4.009555,271.12,300,0.7,0,0,50.03186,50.03186,1,1,1.000957,1.000229,300,0.8963202,0,0,80.14709,1,0,1,1,34.54642,1.93199,0,1,270,224,0,0,0,1.00022,1.013865,0,1,1,2,20,20.97902,1,1000,6,25,15,0.9086757,13.03502,3.706622,3.706622,1,0,16,0,11.29338,11.29338,1,1,150,0,0,0,127,30,0,0,30,1,-107.9797,
119.562,2623.295,37.42744,3.581782,0,89.94389,21.97161,14.03809,96.88547,391.716,239.1184,0,2,3.563309,274.38,300,0.7,0,0,44.71372,44.71372,1,1,1.017334,1.000096,300,0.6470515,0,0,80.14709,1,0,1,1,35.45698,1.990478,0,1,270,224,0,0,0,1.000056,1.013943,0,1,1,2,40,21.84466,1,1000,6,25,15,0.8242418,13.0338,4.220744,4.220744,1,0,16,0,10.77926,10.77926,1,1,150,0,0,0,127,30,0,0,30,1,-112.5726,
119.662,2575.55,34.95621,3.610075,0,89.81446,21.91771,14.3691,96.76353,387.257,236.0666,0,2,3.305289,276.39,300,0.7,0,0,40.69802,40.69802,1,1,0.9941629,1.000279,300,0.5501674,0,0,80.14709,1,0,1,1,34.90745,1.907724,0,1,270,244,0,0,0,1.000185,1.013835,0,1,1,2,20,21.73913,1,1000,6,25,15,0.8242418,13.03166,3.863222,3.863222,1,0,16,0,11.13678,11.13678,1,1,150,0,0,0,127,30,0,0,30,1,-115.0438,
119.764,2532.073,37.81922,5.661321,0,89.80083,21.96997,14.38375,96.74321,381.9503,233.4153,0,2,3.882512,272.17,300,0.7,0,0,43.94642,56.04201,1,1,0.9931373,1.000102,300,0.8195912,12.09559,0.2982856,111.825,1,0,1,1,34.30357,1.904062,0,1,270,212,0,0,0,1.000199,1.01394,0,1,1,2,40,21.37767,1,1000,6,25,15,0.8242418,13.0338,2.820816,2.820816,1,0,16,0,12.17918,12.17918,1,1,150,0,0,0,127,30,0,0,30,1,-112.1808,
119.8663,2593.137,42.65923,6.116367,0,89.91664,21.89321,14.00833,96.80418,391.6482,244.3065,0,2,3.868096,272.27,300,0.7,0,0,51.28992,51.28992,1,1,1.019417,1.000362,300,0.8211989,0,0,111.825,1,0,1,1,34.87585,1.997918,0,1,270,208,0,0,0,1.000083,1.013786,0,1,1,2,20,21.47971,1,1000,6,25,15,0.8,13.0338,0.9498234,0.9498234,1,0,16,0,14.05018,14.05018,1,1,150,0,0,0,127,30,0,0,30,1,-107.3408,
119.9675,2672.13,45.70307,6.901395,0,89.91664,21.88015,14.39108,96.76353,389.139,248.2929,0,2,4.25314,269.02,300,0.7,0,0,55.4721,55.4721,1,1,0.9926245,1.000406,300,0.9515492,0,0,72.47009,1,0,1,1,35.31259,1.90223,0,1,270,232,0,0,0,1.000083,1.01376,0,1,1,2,30,21.89781,1,1000,6,25,15,0.8,13.03441,-2.243134,-2.243134,1,0,16,0,17.24313,17.24313,1,1,150,0,0,0,127,30,0,0,30,1,-104.2969,
120.0701,2621.69,47.37869,7.051374,0,89.80765,21.78706,14.21344,96.74321,387.0536,247.7207,0,2,4.522416,268.14,300,0.7,0,0,56.66154,56.66154,1,1,1.005059,1.000722,300,1.111517,0,0,72.47009,1,0,1,1,34.30811,1.94664,0,1,270,200,0,0,0,1.000192,1.013574,0,1,1,2,20,22.27723,1,1000,6,25,15,0.8823051,13.03258,-5.638355,-5.638355,1,0,16,0,20.63836,20.63836,1,1,150,0,0,0,127,30,0,0,30,1,-102.6213,
120.1756,2520.161,50.77814,8.098844,0,89.96432,21.89321,14.28669,96.81434,386.2906,252.0886,0,2,5.208333,261.24,300,0.7,0,0,59.10746,74.43406,1,1,0.9999316,1.000362,300,1.565256,15.3266,0.2616042,97.32651,1,0,1,1,32.32046,1.928327,0,1,270,228,0,0,0,1.000036,1.013786,0,1,1,2,20,21.07728,1,1000,6,25,14.99222,0.8823051,13.03426,-3.823879,-3.823879,1,0,16,0,18.82388,18.82388,1,1,150,0,0,0,127,30,0,0,30,1,-99.22186,
120.2805,2694.449,54.62363,9.420083,0,89.78722,21.81482,14.28669,96.70257,384.663,254.2248,0,2,6.444225,252.1,300,0.7,0,0,64.23416,68.69594,1,1,0.9999316,1.000628,300,1.766323,4.461775,0.07101209,54.24911,1,0,1,1,33.75863,1.928327,0,1,270,268,0,0,0,1.000213,1.01363,0,1,1,2,10,21.63462,1,1000,6,25,14.95376,1,13.03319,-3.138455,-3.138455,1,0,8,0,18.09379,18.09379,1,1,150,0,0,0,127,30,0,0,30,1,-95.37637,
120.3806,2649.708,37.96388,0.04515076,0,89.82127,21.89321,14.31599,96.74321,380.4244,234.4072,0,2,4.15121,270.69,300,0.7,0,0,45.79404,45.79404,1,1,0.9978805,1.000362,300,0.8157071,0,0,54.24911,1,0,1,1,35.78573,1.921002,0,1,270,232,0,0,0,1.000179,1.013786,0,1,1,2,30,22.5,1,1000,6,25,15,1,13.03456,-2.131298,-2.131298,1,0,8,0,17.1313,17.1313,1,1,150,0,0,0,127,30,0,0,30,1,-112.0361,
120.4824,2478.724,27.40387,0.06165504,0,89.84852,21.82788,14.41992,96.69241,385.5955,226.9112,0,2,2.995125,278.86,300,0.7,0,0,35.52035,35.52035,1,1,0.9906055,1.000584,300,0.4650315,0,0,54.24911,1,0,1,1,33.90167,1.89668,0,1,270,232,0,0,0,1.000152,1.013656,0,1,1,2,20,20.97902,1,1000,6,25,15,1.018146,13.03441,-0.7692947,-0.7692947,1,0,16,0,15.76929,15.76929,1,1,150,0,0,0,127,30,0,0,30,1,-122.5961,
120.5848,2619.401,22.64824,0.02628873,0,89.81446,21.84095,14.36315,96.69241,391.2752,219.2245,0,2,3.012311,277.94,300,0.7,0,0,34.62786,34.62786,1,1,0.9945796,1.000539,300,0.3746796,0,0,54.24911,1,0,1,1,35.45807,1.909212,0,1,270,244,0,0,0,1.000185,1.013682,0,1,1,2,20,21.68675,1,1000,6,25,15,1.018146,13.03487,0.6654987,0.6654987,1,0,16,0,14.3345,14.3345,1,1,150,0,0,0,127,30,0,0,30,1,-127.3518,
120.6854,2660.518,20.12276,0.04515076,0,89.72591,21.80829,14.35079,96.63144,390.0376,216.783,0,2,2.904399,279.76,300,0.7,0,0,32.34676,32.34676,1,1,0.9954448,1.00065,300,0.3110118,0,0,54.24911,1,0,1,1,35.84512,1.912303,0,1,270,248,0,0,0,1.000274,1.013617,0,1,1,2,30,22.55639,1,1000,6,25,15,1.018146,13.03258,2.106174,2.106174,1,0,16,0,12.89383,12.89383,1,1,150,0,0,0,127,30,0,0,30,1,-129.8772,
120.7876,2517.412,20.47838,0,0,89.86214,21.87361,14.3746,96.72289,377.2708,215.219,0,2,2.727196,280.87,300,0.7,0,0,31.70534,31.70534,1,1,0.9937783,1.000428,300,0.29677,0,0,54.24911,1,0,1,1,34.42347,1.906351,0,1,270,220,0,0,0,1.000138,1.013747,0,1,1,2,40,21.2766,1,1000,6,25,15,0.9741888,13.0338,2.589869,2.589869,1,0,16,0,12.41013,12.41013,1,1,150,0,0,0,127,30,0,0,30,1,-129.5216,
120.8925,2582.645,20.30961,0.02393097,0,89.90302,21.87688,14.21161,96.89563,386.6975,223.3253,0,2,2.797865,280,300,0.7,0,0,31.99248,31.99248,1,1,1.005188,1.000417,300,0.2969764,0,0,54.24911,1,0,1,1,35.07237,1.947098,0,1,270,224,0,0,0,1.000097,1.013754,0,1,1,2,20,21.32701,1,1000,6,25,15,0.9741888,13.0341,2.447268,2.447268,1,0,16,0,12.55273,12.55273,1,1,150,0,0,0,127,30,0,0,30,1,-129.6904,
120.993,2538.071,20.12879,0,0,90.03933,21.89648,14.37688,96.91595,384.9342,220.8076,0,2,2.664975,281.33,300,0.7,0,0,31.49832,31.49832,1,1,0.9936181,1.000351,300,0.2760431,0,0,54.24911,1,0,1,1,34.62834,1.905779,0,1,270,220,0,0,0,1,1.013793,0,1,1,2,30,21.47971,1,1000,6,25,15,0.9281042,13.03365,1.771958,1.771958,1,0,16,0,13.22804,13.22804,1,1,150,0,0,0,127,30,0,0,30,1,-129.8712,
121.0945,2453.386,20.66523,0.0380775,0,89.93708,21.88015,14.13469,96.86515,386.9179,217.2408,0,2,2.5965,281.09,300,0.7,0,0,31.44206,31.44206,1,1,1.010572,1.000406,300,0.2829179,0,0,54.24911,1,0,1,1,33.55413,1.966327,0,1,270,220,0,0,0,1.000063,1.01376,0,1,1,2,40,20.50114,1,1000,6,25,15,0.9281042,13.03441,0.2566357,0.2566357,1,0,16,0,14.74336,14.74336,1,1,150,0,0,0,127,30,0,0,30,1,-129.3348,
121.1957,2470.559,20.46632,0,0,89.84171,21.85892,14.23725,96.80418,378.4237,219.6059,0,2,2.676439,280.53,300,0.7,0,0,31.36432,31.36432,1,1,1.003393,1.000478,300,0.296518,0,0,54.24911,1,0,1,1,33.81175,1.940688,0,1,270,224,0,0,0,1.000158,1.013718,0,1,1,2,20,20.54795,1,1000,6,25,15,0.9844835,13.03456,-4.22121,-4.22121,1,0,16,0,19.22121,19.22121,1,1,150,0,0,0,127,30,0,0,30,1,-129.5337,
121.2974,2345.766,20.56276,0.02628873,0,89.81446,21.78216,14.36544,96.79402,375.1685,217.813,0,2,2.50215,282.25,300,0.7,0,0,30.58319,30.58319,1,1,0.9944192,1.000739,300,0.2905351,0,0,54.24911,1,0,1,1,31.95094,1.90864,0,1,270,208,0,0,0,1.000185,1.013564,0,1,1,2,40,20,1,1000,6,25,15,0.9844835,13.0338,-10.45773,-10.45773,1,0,16,0,25.45773,25.45773,1,1,150,0,0,0,127,30,0,0,30,1,-129.4372,
121.3998,2262.102,21.02687,0,0,89.86214,21.85402,14.22168,96.76353,369.6244,221.9711,0,2,2.450611,282.76,300,0.7,0,0,30.44694,30.44694,1,1,1.004482,1.000495,300,0.2957248,0,0,54.24911,1,0,1,1,30.68016,1.94458,0,1,270,232,0,0,0,1.000138,1.013708,0,1,1,2,20,18.78914,1,1000,6,25,15,0.9844835,13.03471,-16.53675,-16.53675,1,0,16,0,31.53675,31.53675,1,1,150,0,0,0,128,30,0,0,30,1,-128.9731,
121.5007,2181.342,20.92441,0.04750851,0,89.78722,21.80992,14.39108,96.79402,373.3543,219.9874,0,2,2.45401,282.77,300,0.7,0,0,31.66669,31.66669,1,1,0.9926245,1.000644,300,0.3731279,0,0,54.24911,1,0,1,1,29.4753,1.90223,0,1,270,212,0,0,0,1.000213,1.01362,0,1,1,2,40,18.36735,1,1000,6,25,15,1.2,13.03471,-20.8882,-20.8882,1,0,16,0,35.8882,35.8882,1,1,150,0,0,0,127,30,0,0,30,1,-129.0756,
121.6009,2087.683,20.87619,0.0003534328,0,89.86214,21.78869,14.28394,96.85499,362.8426,219.3008,0,2,2.400835,283.34,300,0.7,0,0,33.53273,33.53273,1,1,1.000124,1.000716,300,0.3941873,0,0,54.24911,1,0,1,1,28.07618,1.929014,0,1,270,208,0,0,0,1.000138,1.013577,0,1,1,2,10,17.24138,1,1000,6,25,15,1.2,13.0338,-23.56998,-23.56998,1,0,16,0,38.56998,38.56998,1,1,150,0,0,0,127,30,0,0,30,1,-129.1238,
121.7009,1954.779,20.36988,0.02157322,0,89.90302,21.83278,14.2812,96.83466,343.9892,215.8103,0,2,2.313156,283.19,300,0.7,0,0,35.68233,35.68233,1,1,1.000316,1.000567,300,0.4098591,0,0,54.24911,1,0,1,1,26.29137,1.9297,0,1,270,192,0,0,0,1.000097,1.013666,0,1,1,2,30,16.69759,1,1000,6,25,14.97739,1.2,13.03609,-29.04635,-29.04635,1,0,16,0,44.03913,44.03913,1,1,150,0,0,0,127,30,0,0,30,1,-129.6301,
121.8013,1851.166,20.97865,0.04279301,0,89.9507,21.76582,14.12416,96.89563,335.2407,220.7504,0,2,2.236826,284.21,300,0.7,0,0,38.48773,38.48773,1,1,1.011309,1.000794,300,0.4568967,0,0,54.24911,1,0,1,1,25.04002,1.96896,0,1,270,196,0,0,0,1.000049,1.013532,0,1,1,2,40,15.95745,1,1000,6,25,14.92558,1.2,13.03624,-33.27349,-33.27349,1,0,16,0,48.19907,48.19907,1,1,150,0,0,0,127,30,0,0,30,1,-129.0213,
121.9013,1755.721,21.89482,0.01449996,0,89.97114,21.80175,14.05045,96.84483,323.5251,221.5705,0,2,2.209282,284.47,300,0.7,0,0,40.6702,40.6702,1,1,1.016469,1.000672,300,0.5054702,0,0,54.24911,1,0,1,1,23.89175,1.987388,0,1,270,224,0,0,0,1.000029,1.013603,0,1,1,2,30,14.82702,1,1000,6,25,14.87786,1.2,13.0338,-34.27145,-34.27145,1,0,16,0,49.14931,49.14931,1,1,150,0,0,0,127,30,0,0,30,1,-128.1052,
122.0034,1659.935,22.55783,0,0,89.91664,21.78216,14.33248,96.91595,309.2495,217.6413,0,2,2.157915,284.42,300,0.7,0,0,42.48522,42.48522,1,1,0.9967267,1.000739,300,0.5458197,0,0,54.24911,1,0,1,1,22.78586,1.916881,0,1,270,200,0,0,0,1.000083,1.013564,0,1,1,2,50,14.44623,1,1000,5,27.1,14.82997,1.2,13.03502,-31.78095,-31.78095,1,0,16,0,46.62941,46.62941,1,1,150,0,0,0,128,30,0,0,30,1,-127.4422,
122.104,1592.357,24.2214,0.007426695,0,89.8962,21.75929,14.19284,96.99725,304.8922,226.0529,0,2,2.149682,284.85,300,0.7,0,0,44.8351,44.8351,1,1,1.006501,1.000816,300,0.6199332,0,0,54.24911,1,0,1,1,21.99835,1.951791,0,1,270,192,0,0,0,1.000104,1.013519,0,1,1,2,50,13.35312,1,1000,5,27.1,14.79618,1.2,13.0338,-24.6255,-24.6255,1,0,16,0,39.42168,39.42168,1,1,150,0,0,0,128,30,0,0,30,1,-125.7786,
122.2041,1478.852,25.02907,0.002711187,0,89.95751,21.85402,14.17132,96.97692,302.739,225.6905,0,2,2.021098,285.83,300,0.7,0,0,44.59074,44.59074,1,1,1.008008,1.000495,300,0.6394417,0,0,54.24911,1,0,1,1,20.83082,1.95717,0,1,270,224,0,0,0,1.000042,1.013708,0,1,1,2,50,12.69393,1,1000,5,27.1,14.73943,1.2,13.03502,-17.53331,-17.53331,1,0,16,0,32.27274,32.27274,1,1,150,0,0,0,128,30,0,0,30,1,-124.9709,
122.3046,1366.12,26.08386,0,0,90.03933,21.74786,14.1498,96.91595,279.3249,226.3008,0,2,1.901184,286.72,300,0.7,0,0,43.56379,43.56379,1,1,1.009514,1.000855,300,0.6528588,0,0,54.24911,1,0,1,1,19.92896,1.96255,0,1,270,200,0,0,0,1,1.013496,0,1,1,2,40,11.47959,1,1000,5,27.1,14.7,1.2,13.03502,-11.23936,-11.23936,1,0,16,0,25.93936,25.93936,1,1,150,0,0,0,127,30,0,0,30,1,-123.9161,
122.4052,1310.559,28.27181,0.005068941,0,89.98476,21.79522,14.0912,96.96677,289.6162,227.388,0,2,1.878467,286.65,300,0.7,0,0,44.05848,44.05848,1,1,1.013616,1.000694,300,0.7156198,0,0,54.24911,1,0,1,1,19.47241,1.977201,0,1,270,200,0,0,0,1.000015,1.01359,0,1,1,2,50,11.04294,1,1000,5,27.1,14.7,1.2,13.0341,-6.810997,-6.810997,1,0,16,0,21.511,21.511,1,1,150,0,0,0,127,30,0,0,30,1,-121.7282,
122.5058,1272.912,28.6877,0,0,89.96432,21.75929,14.10402,96.90579,283.1905,225.6905,0,2,1.835116,286.63,300,0.7,0,0,43.86366,43.86366,1,1,1.012719,1.000816,300,0.7229876,0,0,54.24911,1,0,1,1,19.15649,1.973996,0,1,270,208,0,0,0,1.000036,1.013519,0,1,1,2,20,10.65089,1,1000,5,27.1,14.7,1.2,13.03258,-4.620543,-4.620543,1,0,16,0,19.32054,19.32054,1,1,150,0,0,0,128,30,0,0,30,1,-121.3123,
122.6091,1250.26,28.68168,0.02628873,0,89.92345,21.77562,14.26197,96.87531,265.4561,227.9412,0,2,1.802459,287.67,300,0.7,0,0,43.60202,43.60202,1,1,1.001662,1.000761,300,0.7185367,0,0,54.24911,1,0,1,1,18.97771,1.934508,0,1,270,212,0,0,0,1.000077,1.013551,0,1,1,2,50,10.50175,1,1000,5,27.1,14.7,1.2,13.03731,-2.473066,-2.473066,1,0,16,0,17.17307,17.17307,1,1,150,0,0,0,127,30,0,0,30,1,-121.3183,
122.7101,1142.77,30.80935,0.007426695,0,89.92345,21.63844,14.28944,96.86515,265.0323,229.7341,0,2,1.714155,288.16,300,0.7,0,0,44.81161,44.81161,1,1,0.9997392,1.001227,300,0.7937809,0,0,54.24911,1,0,1,1,18.08486,1.92764,0,1,270,220,0,0,0,1.000077,1.013277,0,1,1,2,40,9.868422,1,1000,5,27.1,14.69306,1.2,13.03502,-1.197387,-1.197387,1,0,16,0,15.88843,15.88843,1,1,150,0,0,0,127,30,0,0,30,1,-119.1906,
122.8117,1087.075,32.90086,0,0,89.8894,21.74296,14.08616,96.87531,268.4401,231.5652,0,2,1.703084,287.52,300,0.7,0,0,46.00866,46.00866,1,1,1.013969,1.000872,300,0.8733154,0,0,54.24911,1,0,1,1,17.63564,1.97846,0,1,270,240,0,0,0,1.000111,1.013486,0,1,1,2,50,9.183674,1,1000,5,27.1,14.64083,1.2,13.03502,-0.1127224,-0.1127224,1,0,16,0,14.75572,14.75572,1,1,150,0,0,0,127,30,0,0,30,1,-117.0991,
122.9139,1087.508,32.5573,0.007426695,0,89.87577,21.76746,14.05411,96.79402,258.81,234.865,0,2,1.685638,287.65,300,0.7,0,0,45.80589,45.80589,1,1,1.016212,1.000788,300,0.8601078,0,0,54.24911,1,0,1,1,17.64309,1.986472,0,1,270,256,0,0,0,1.000124,1.013535,0,1,1,2,20,9.027081,1,1000,5,27.1,14.64528,1.2,13.03502,0.3463736,0.3463736,1,0,16,0,14.30156,14.30156,1,1,150,0,0,0,127,30,0,0,30,1,-117.4427,
123.0168,1106.113,32.98524,0.002711187,0,89.88258,21.80339,14.0651,96.97692,266.1512,232.0039,0,2,1.742128,287.36,300,0.7,0,0,46.07579,46.07579,1,1,1.015443,1.000667,300,0.8749756,0,0,54.24911,1,0,1,1,17.77333,1.983725,0,1,270,248,0,0,0,1.000117,1.013607,0,1,1,2,30,9.183674,1,1000,5,27.1,14.67076,1.2,13.03746,0.7120361,0.7120361,1,0,16,0,13.95724,13.95724,1,1,150,0,0,0,127,30,0,0,30,1,-117.0148,
123.1178,1076.233,34.23292,0.02628873,0,89.8962,21.72336,14.36681,96.84483,264.4388,231.26,0,2,1.704036,287.94,300,0.7,0,0,46.20968,46.20968,1,1,0.9943231,1.000938,300,0.9041977,0,0,54.24911,1,0,1,1,17.54199,1.908297,0,1,270,252,0,0,0,1.000104,1.013447,0,1,1,2,20,9.230769,1,1000,5,27.1,14.60221,1.185734,13.0338,0.8631868,0.8631868,1,0,16,0,13.73638,13.73638,1,1,150,0,0,0,127,30,0,0,30,1,-115.7671,
123.218,1050.972,33.35292,0.02628873,0,89.86214,21.77726,14.15667,96.83466,247.9591,233.9303,0,2,1.66005,288.16,300,0.7,0,0,46.07956,46.07956,1,1,1.009033,1.000755,300,0.8814631,0,0,54.24911,1,0,1,1,17.3688,1.960833,0,1,270,240,0,0,0,1.000138,1.013554,0,1,1,2,30,8.893281,1,1000,5,27.1,14.55207,1.185734,13.037,0.9197521,0.9197521,1,0,16,0,13.63589,13.63589,1,1,150,0,0,0,127,30,0,0,30,1,-116.6471,
123.3183,1070.396,34.30525,0.05222402,0,89.8894,21.74133,14.38284,96.7737,266.3717,233.9303,0,2,1.703714,287.43,300,0.7,0,0,46.21455,46.21455,1,1,0.9932014,1.000877,300,0.9070778,0,0,54.24911,1,0,1,1,17.49976,1.904291,0,1,270,236,0,0,0,1.000111,1.013483,0,1,1,2,40,8.789063,1,1000,5,27.1,14.58787,1.185734,13.03731,1.022,1.022,1,0,16,0,13.56244,13.56244,1,1,150,0,0,0,127,30,0,0,30,1,-115.6947,
123.4183,1090.314,34.66689,0.005068941,0,89.91664,21.76256,14.16491,96.79402,268.0671,233.4726,0,2,1.744503,287.68,300,0.7,0,0,46.27224,46.27224,1,1,1.008456,1.000805,300,0.9150433,0,0,54.24911,1,0,1,1,17.6365,1.958773,0,1,270,240,0,0,0,1.000083,1.013525,0,1,1,2,40,9.090909,1,1000,5,27.1,14.63073,1.185734,13.03639,1.23352,1.23352,1,0,16,0,13.40125,13.40125,1,1,150,0,0,0,127,30,0,0,30,1,-115.3331,
123.5246,1053.926,33.73867,0.04515076,0,89.84171,21.7103,14.31782,96.74321,248.4338,233.3772,0,2,1.668716,288.34,300,0.7,0,0,46.1311,46.1311,1,1,0.9977523,1.000983,300,0.8925721,0,0,54.24911,1,0,1,1,17.3872,1.920544,0,1,270,236,0,0,0,1.000158,1.013421,0,1,1,2,40,8.955224,1,1000,5,27.1,14.55511,1.185734,13.03654,1.419521,1.419521,1,0,16,0,13.13131,13.13131,1,1,150,0,0,0,127,30,0,0,30,1,-116.2613,
123.6254,1041.956,35.40826,0,0,89.93027,21.676,14.37505,96.8245,263.1842,231.2791,0,2,1.658447,288.14,300,0.7,0,0,46.33706,46.33706,1,1,0.9937463,1.001099,300,0.9186718,0,0,54.24911,1,0,1,1,17.29124,1.906237,0,1,270,232,0,0,0,1.00007,1.013352,0,1,1,2,40,8.763389,1,1000,5,27.1,14.51048,1.154189,13.03426,1.57173,1.57173,1,0,16,0,12.93646,12.93646,1,1,150,0,0,0,127,30,0,0,30,1,-114.5917,
123.7279,1037.811,33.92552,0.02628873,0,89.86896,21.76256,14.29951,96.79402,245.8907,234.5407,0,2,1.631378,288.39,300,0.7,0,0,46.14264,46.14264,1,1,0.9990342,1.000805,300,0.8761434,0,0,54.24911,1,0,1,1,17.27048,1.925122,0,1,270,252,0,0,0,1.000131,1.013525,0,1,1,2,50,8.620689,1,1000,5,27.1,14.51564,1.154189,13.03578,1.729646,1.729646,1,0,16,0,12.79113,12.79113,1,1,150,0,0,0,127,30,0,0,30,1,-116.0745,
123.829,1029.195,35.63128,0.0121422,0,90.00797,21.7103,14.25235,97.00741,258.4031,231.5843,0,2,1.655288,288.1,300,0.7,0,0,46.35969,46.35969,1,1,1.002335,1.000983,300,0.9268443,0,0,54.24911,1,0,1,1,17.20173,1.936911,0,1,270,252,0,0,0,1,1.013421,0,1,1,2,20,8.662175,1,1000,5,27.1,14.47848,1.154189,13.0338,1.759579,1.759579,1,0,16,0,12.71594,12.71594,1,1,150,0,0,0,127,30,0,0,30,1,-114.3687,
123.9327,1020.131,34.42579,0,0,90.03933,21.76256,14.09806,96.91595,243.89,233.1483,0,2,1.615207,288.81,300,0.7,0,0,46.19556,46.19556,1,1,1.013135,1.000805,300,0.8928115,0,0,54.24911,1,0,1,1,17.14256,1.975484,0,1,270,244,0,0,0,1,1.013525,0,1,1,2,50,8.604207,1,1000,5,27.1,14.46938,1.154189,13.03319,1.833381,1.833381,1,0,16,0,12.6325,12.6325,1,1,150,0,0,0,127,30,0,0,30,1,-115.5742,
124.0346,989.5112,36.47511,0.04515076,0,89.86896,21.7103,14.42404,96.75337,255.5547,234.6933,0,2,1.607956,288.42,300,0.7,0,0,46.45659,46.45659,1,1,0.9903171,1.000983,300,0.9575841,0,0,54.24911,1,0,1,1,17,1.895993,0,1,270,256,0,0,0,1.000131,1.013421,0,1,1,2,40,8.434864,1,1000,5,27.1,14.37744,1.154189,13.03746,1.805938,1.805938,1,0,16,0,12.5697,12.5697,1,1,150,0,0,0,127,30,0,0,30,1,-113.5249,
124.1364,968.9609,36.03511,0.02157322,0,89.91664,21.68416,14.35537,96.79402,243.9409,236.8296,0,2,1.574561,288.41,300,0.7,0,0,46.38754,46.38754,1,1,0.9951243,1.001071,300,0.9474866,0,0,54.24911,1,0,1,1,17,1.911158,0,1,270,244,0,0,0,1.000083,1.013368,0,1,1,2,60,8.174387,1,1000,5,27.1,14.33389,1.154189,13.03502,1.782379,1.782379,1,0,16,0,12.54952,12.54952,1,1,150,0,0,0,127,30,0,0,30,1,-113.9649,
124.237,997.0421,35.36607,0,0,89.99158,21.67763,14.17132,96.87531,240.6348,236.8296,0,2,1.57865,288.87,300,0.7,0,0,46.30807,46.30807,1,1,1.008008,1.001093,300,0.8933439,0,0,54.24911,1,0,1,1,17,1.95717,0,1,270,252,0,0,0,1.000008,1.013355,0,1,1,2,40,8.219178,1,1000,5,27.1,14.4061,1.116393,13.03685,1.867261,1.867261,1,0,16,0,12.53577,12.53577,1,1,150,0,0,0,127,30,0,0,30,1,-114.6339,
124.339,992.8514,37.29484,0.0380775,0,89.91664,21.7103,14.14751,96.79402,259.0812,233.2437,0,2,1.621657,288.08,300,0.7,0,0,46.57,46.57,1,1,1.009674,1.000983,300,0.9493355,0,0,54.24911,1,0,1,1,17,1.963122,0,1,270,252,0,0,0,1.000083,1.013421,0,1,1,2,60,8.325624,1,1000,5,27.1,14.37704,1.116393,13.03609,1.816198,1.816198,1,0,16,0,12.56144,12.56144,1,1,150,0,0,0,127,30,0,0,30,1,-112.7052,
124.4394,982.1253,36.60772,0.01449996,0,89.8962,21.69396,14.34529,96.75337,252.7403,234.2164,0,2,1.579585,288.53,300,0.7,0,0,46.47243,46.47243,1,1,0.9958294,1.001038,300,0.931109,0,0,54.24911,1,0,1,1,17,1.913676,0,1,270,252,0,0,0,1.000104,1.013388,0,1,1,2,40,8.189262,1,1000,5,27.1,14.35888,1.116393,13.03685,1.75513,1.75513,1,0,16,0,12.60225,12.60225,1,1,150,0,0,0,127,30,0,0,30,1,-113.3923,
124.5423,981.2259,38.2532,3.628937,0,89.91664,21.72336,14.27021,96.87531,239.3802,238.2792,0,2,2.28135,283.83,300,0.7,0,0,46.70057,69.96201,1,1,1.001085,1.000938,300,1.46655,23.26144,0.5005369,465.6015,1,0,1,1,17,1.932448,0,1,270,264,0,0,0,1.000083,1.013447,0,1,1,2,40,8.10081,1,1000,6,25,14.34033,1.116393,13.03441,1.676635,1.676635,1,0,16,0,12.66689,12.66689,1,1,150,0,0,0,127,30,0,0,30,1,-111.7468,
124.6432,1001.636,56.9261,5.828722,0,89.84171,21.64497,14.34713,96.63144,262.2009,256.9142,0,2,3.580849,273.24,300,0.7,0,0,63.87756,106.748,1,1,0.9957012,1.001204,300,3.310003,42.87045,0.9224812,465.6015,1,0,1,1,17.25363,1.913218,0,1,270,232,0,0,0,1.000158,1.01329,0,1,1,2,60,8.31793,1,1000,6,25,14.42945,1.116393,13.037,1.66634,1.66634,1,0,16,0,12.75675,12.75675,1,1,150,0,0,0,127,30,0,0,30,1,-93.0739,
124.7465,1029.548,63.99022,5.965471,0,89.8962,21.72336,14.31782,96.88547,260.6411,264.5819,0,2,2.925632,278.95,300,0.7,0,0,68.80948,68.80948,1,1,0.9977523,1.000938,300,2.392906,0,0,465.6015,1,0,1,1,18.34119,1.920544,0,1,270,232,0,0,0,1.000104,1.013447,0,1,1,2,50,8.587786,1,1000,6,25,14.4601,1.116393,13.03777,1.602,1.602,1,0,16,0,12.85394,12.85394,1,1,150,0,0,0,127,30,0,0,30,1,-86.00978,
124.847,1049.538,74.64065,8.634481,0,90.13339,21.73806,14.40573,96.89563,266.4903,272.9744,0,2,4.994053,262.68,300,0.7,0,0,74.64023,117.5009,1,1,0.991599,1.000888,300,4.695163,42.86066,0.5815598,224.0024,1,0,1,1,18.66393,1.899045,0,1,270,268,0,0,0,1,1.013476,0,1,1,2,40,8.72093,1,1000,6,25,14.26078,1.08471,13.03502,1.1858,1.1858,1,0,16,0,13.06666,13.06666,1,1,150,0,0,0,127,30,0,0,30,1,-75.35935,
124.9473,1092.021,85.46587,10.41756,0,89.91664,21.72663,14.03534,96.75337,265.6765,296.7594,0,2,6.069817,254.86,300,0.7,0,0,79.05853,123.3183,1,1,1.017526,1.000927,300,5.843086,44.25974,0.6005433,234.6806,1,0,1,1,18.07998,1.991165,0,1,270,272,0,0,0,1.000083,1.013453,0,1,1,2,50,9.027081,1,1000,6,25,13.77205,1.08471,13.03578,1.160645,1.160645,1,0,16,0,12.71411,12.71411,1,1,150,0,0,0,127,30,0,0,30,1,-64.53413,
125.049,1154.423,86.84614,10.64134,0,89.87577,21.73316,14.17132,96.80418,258.4709,299.2199,0,2,4.588833,267.91,300,0.7,0,0,80.10011,80.10011,1,1,1.008008,1.000905,300,3.869809,0,0,234.6806,1,0,1,1,18.3246,1.95717,0,1,270,260,0,0,0,1.000124,1.013466,0,1,1,2,60,9.544008,1,1000,6,25,13.72551,1.08471,13.03532,1.395197,1.395197,1,0,16,0,12.40156,12.40156,1,1,150,0,0,0,127,30,0,0,30,1,-63.15386,
125.15,1177.718,86.18916,11.63405,0,90.02888,21.70866,14.2464,96.8245,266.5243,293.2689,0,2,4.77957,264.9,300,0.7,0,0,80.09929,80.09929,1,1,1.002752,1.000988,300,3.824839,0,0,234.6806,1,0,1,1,18.49965,1.938399,0,1,270,296,0,0,0,1,1.013417,0,1,1,2,40,19.52278,1,1000,6,25,13.78046,1.08471,13.03563,1.961302,1.961302,1,0,16,0,11.77721,11.77721,1,1,150,0,0,0,127,30,0,0,30,1,-63.81084,
125.25,1275.836,92.25272,12.98148,0,89.9507,21.73643,13.98818,96.66192,288.1921,302.348,0,2,7.240367,247.32,300,0.7,0,0,81.46777,115.2189,1,1,1.021182,1.000894,300,6.021039,33.75111,0.4167906,138.9302,1,0,1,1,18.60619,2.002954,0,1,270,288,0,0,0,1.000049,1.013473,0,1,1,2,50,10.29748,1,1000,6,25,13.47818,1.08471,13.03548,2.969289,2.969289,1,0,16,0,10.64394,10.64394,1,1,150,0,0,0,128,30,0,0,30,1,-57.74728,
125.3506,1276.704,93.06643,12.93625,0,89.94389,21.6564,14.41901,96.83466,291.7016,291.8955,0,2,5.457911,258.44,300,0.7,0,0,81.6088,81.6088,1,1,0.9906695,1.001166,300,4.0506,0,0,138.9302,1,0,1,1,18.55284,1.896832,0,1,270,284,0,0,0,1.000056,1.013313,0,1,1,2,20,10.60071,1,1000,6,25,13.42836,1.017358,13.03502,2.356043,2.356043,1,0,16,0,10.98965,10.98965,1,1,150,0,0,0,127,30,0,0,30,1,-56.93357,
125.4509,1381.788,88.84724,13.74804,0,89.82127,21.68743,14.15529,96.69241,279.9861,297.0836,0,2,5.331399,262.63,300,0.7,0,0,78.53104,78.53104,1,1,1.009129,1.00106,300,3.632512,0,0,138.9302,1,0,1,1,19.43217,1.961177,0,1,270,268,0,0,0,1.000179,1.013375,0,1,1,2,40,11.46497,1,1000,6,25,13.75702,1.017358,13.03685,3.62042,3.62042,1,0,16,0,10.15544,10.15544,1,1,150,0,0,0,127,30,0,0,30,1,-61.15276,
125.5557,1354.096,90.83025,12.30301,0,89.95751,21.74786,14.39108,96.7737,298.8395,288.0808,0,2,5.54051,259.17,300,0.7,0,0,79.53229,79.53229,1,1,0.9926245,1.000855,300,3.799653,0,0,138.9302,1,0,1,1,19.13823,1.90223,0,1,270,300,0,0,0,1.000042,1.013496,0,1,1,2,40,11.32076,1,1000,6,25,13.61382,1.017358,13.03624,3.052647,3.052647,1,0,16,0,10.44175,10.44175,1,1,150,0,0,0,128,30,0,0,30,1,-59.16975,
125.6589,1458.647,87.59354,11.29601,0,90.00797,21.70703,14.22992,96.90579,300.0602,284.5331,0,2,5.518549,258.13,300,0.7,0,0,76.60933,76.60933,1,1,1.003906,1.000994,300,3.468407,0,0,138.9302,1,0,1,1,19.94445,1.94252,0,1,270,316,0,0,0,1,1.013414,0,1,1,2,20,11.68831,1,1000,6,25,13.85416,1.017358,13.03746,2.158014,2.158014,1,0,16,0,11.61948,11.61948,1,1,150,0,0,0,128,30,0,0,30,1,-62.40646,
125.76,1504.966,83.68176,11.26268,0,89.8894,21.68906,14.20428,96.76353,293.7531,283.5031,0,2,5.254841,263.05,300,0.7,0,0,74.50791,74.50791,1,1,1.0057,1.001055,300,3.036176,0,0,138.9302,1,0,1,1,20.48771,1.948929,0,1,270,260,0,0,0,1.000111,1.013378,0,1,1,2,20,12.53482,1,1000,6,25,14.09659,0.9751373,13.03731,1.648218,1.648218,1,0,16,0,12.29359,12.29359,1,1,150,0,0,0,127,30,0,0,30,1,-66.31824,
125.8608,1562.826,82.67518,11.11032,0,89.86214,21.60577,14.29585,96.72289,302.0947,284.0181,0,2,5.196395,262,300,0.7,0,0,73.23859,73.23859,1,1,0.9992906,1.001337,300,2.934401,0,0,138.9302,1,0,1,1,21.01398,1.926038,0,1,270,284,0,0,0,1.000138,1.013211,0,1,1,2,20,12.56983,1,1000,6,25,14.16663,0.9751373,13.03609,1.614336,1.614336,1,0,16,0,12.52431,12.52431,1,1,150,0,0,0,127,30,0,0,30,1,-67.32482,
125.9616,1639.613,77.46147,4.074553,0,89.96432,21.73316,14.15117,96.8245,315.031,283.8083,0,2,5.014483,263.33,300,0.7,0,0,71.71793,71.71793,1,1,1.009418,1.000905,300,2.646791,0,0,138.9302,1,0,1,1,22.32226,1.962207,0,1,270,272,0,0,0,1.000036,1.013466,0,1,1,2,40,13.67781,1,1000,6,25,14.40595,0.9751373,13.03578,1.191263,1.191263,1,0,16,0,13.20466,13.20466,1,1,150,0,0,0,127,30,0,0,30,1,-72.53853,
126.0625,1597.87,58.06528,1.954931,0,89.87577,21.66293,14.10768,96.71273,304.5701,257.6581,0,2,3.768309,272.64,300,0.7,0,0,64.84544,64.84544,1,1,1.012462,1.001143,300,1.748218,0,0,138.9302,1,0,1,1,21.84875,1.97308,0,1,270,244,0,0,0,1.000124,1.013326,0,1,1,2,30,13.57466,1,1000,5,27.1,14.7853,0.9751373,13.03502,1.080708,1.080708,1,0,16,0,13.68435,13.68435,1,1,150,0,0,0,128,30,0,0,30,1,-91.93472,
126.1628,1665.371,48.94582,1.898345,0,89.97114,21.6711,14.32607,96.81434,326.6787,254.3202,0,2,3.150327,276.94,300,0.7,0,0,59.24933,59.24933,1,1,0.9971754,1.001116,300,1.308714,0,0,138.9302,1,0,1,1,21.74622,1.918483,0,1,270,228,0,0,0,1.000029,1.013342,0,1,1,2,20,13.69863,1,1000,5,27.1,14.88258,0.9541273,13.03746,1.218036,1.218036,1,0,16,0,13.66037,13.66037,1,1,150,0,0,0,127,30,0,0,30,1,-101.0542,
126.2637,1696.929,41.74909,1.240532,0,89.91664,21.65803,14.33843,96.70257,319.2527,240.1865,0,2,2.856496,279.28,300,0.7,0,0,54.22312,54.22312,1,1,0.9963101,1.00116,300,1.023404,0,0,138.9302,1,0,1,1,21.98721,1.915393,0,1,270,208,0,0,0,1.000083,1.013316,0,1,1,2,40,14.33121,1,1000,5,27.1,14.8573,0.9541273,13.03746,1.797264,1.797264,1,0,16,0,13.06116,13.06116,1,1,150,0,0,0,127,30,0,0,30,1,-108.2509,
126.3674,1672.894,36.16771,0.9953256,0,89.84852,21.65803,14.26884,96.70257,313.6068,231.7368,0,2,2.592985,281.4,300,0.7,0,0,50.13965,50.13965,1,1,1.001181,1.00116,300,0.8210274,0,0,138.9302,1,0,1,1,22.14553,1.932791,0,1,270,208,0,0,0,1.000152,1.013316,0,1,1,2,20,13.93189,1,1000,5,27.1,14.83645,0.9541273,13.03624,2.414746,2.414746,1,0,16,0,12.4217,12.4217,1,1,150,0,0,0,127,30,0,0,30,1,-113.8323,
126.4725,1689.665,34.10634,0.9410972,0,89.93027,21.68416,14.19009,96.73305,324.2203,235.2274,0,2,2.421853,282.34,300,0.7,0,0,48.83586,48.83586,1,1,1.006694,1.001071,300,0.7100391,0,0,138.9302,1,0,1,1,22.46048,1.952478,0,1,270,216,0,0,0,1.00007,1.013368,0,1,1,2,40,13.93189,1,1000,5,27.1,14.84483,0.8989928,13.03746,2.724348,2.724348,1,0,16,0,12.12048,12.12048,1,1,150,0,0,0,127,30,0,0,30,1,-115.8937,
126.5745,1702.514,32.07511,0.943455,0,90.06023,21.64497,14.22992,96.90579,327.306,233.3963,0,2,2.340957,283.43,300,0.7,0,0,47.56888,47.56888,1,1,1.003906,1.001204,300,0.6501374,0,0,138.9302,1,0,1,1,22.73406,1.94252,0,1,270,216,0,0,0,1,1.01329,0,1,1,2,30,14.28571,1,1000,6,25,14.85126,0.8989928,13.03654,2.741057,2.741057,1,0,16,0,12.1102,12.1102,1,1,150,0,0,0,127,30,0,0,30,1,-117.9249,
126.6745,1673.08,30.46579,0.962317,0,89.97114,21.65803,14.05961,96.83466,319.7104,229.2,0,2,2.244716,283.72,300,0.7,0,0,46.95781,46.95781,1,1,1.015828,1.00116,300,0.6101962,0,0,138.9302,1,0,1,1,22.55467,1.985099,0,1,270,220,0,0,0,1.000029,1.013316,0,1,1,2,40,13.97515,1,1000,5,27.1,14.83654,0.8989928,13.0367,2.620078,2.620078,1,0,16,0,12.21646,12.21646,1,1,150,0,0,0,127,30,0,0,30,1,-119.5342,
126.7767,1648.714,31.05647,0.9316663,0,89.95751,21.68416,14.37139,96.66192,322.7113,231.0693,0,2,2.212025,283.79,300,0.7,0,0,47.37767,47.37767,1,1,0.9940027,1.001071,300,0.6280897,0,0,138.9302,1,0,1,1,22.26882,1.907152,0,1,270,196,0,0,0,1.000042,1.013368,0,1,1,2,20,13.86749,1,1000,5,27.1,14.82436,0.8989928,13.03685,2.455359,2.455359,1,0,16,0,12.369,12.369,1,1,150,0,0,0,127,30,0,0,30,1,-118.9435,
126.8786,1647.537,30.49592,0.9410972,0,89.93027,21.68253,14.15667,96.85499,323.6269,232.1183,0,2,2.169257,284.61,300,0.7,0,0,47.12885,47.12885,1,1,1.009033,1.001077,300,0.5810742,0,0,138.9302,1,0,1,1,22.29709,1.960833,0,1,270,212,0,0,0,1.00007,1.013365,0,1,1,2,50,13.88889,1,1000,5,27.1,14.82377,0.8513992,13.0399,2.097739,2.097739,1,0,16,0,12.72603,12.72603,1,1,150,0,0,0,127,30,0,0,30,1,-119.5041,
126.98,1674.855,29.48935,0.9363818,0,89.99158,21.60577,14.32607,96.83466,313.4203,225.7858,0,2,2.163354,284.23,300,0.7,0,0,46.484,46.484,1,1,0.9971754,1.001337,300,0.5537226,0,0,138.9302,1,0,1,1,22.64217,1.918483,0,1,270,216,0,0,0,1.000008,1.013211,0,1,1,2,30,13.76147,1,1000,5,27.1,14.83743,0.8513992,13.03685,1.621437,1.621437,1,0,16,0,13.21245,13.21245,1,1,150,0,0,0,127,30,0,0,30,1,-120.5107,
127.0847,1650.437,30.36332,0.9646748,0,89.93708,21.59271,14.35994,96.79402,322.084,230.5733,0,2,2.145569,284.5,300,0.7,0,0,47.05032,47.05032,1,1,0.9948039,1.001382,300,0.5775968,0,0,138.9302,1,0,1,1,22.33557,1.910014,0,1,270,228,0,0,0,1.000063,1.013185,0,1,1,2,30,13.93189,1,1000,5,27.1,14.82522,0.8513992,13.03685,0.9771338,0.9771338,1,0,16,0,13.84809,13.84809,1,1,150,0,0,0,127,30,0,0,30,1,-119.6367,
127.1861,1615.248,30.04387,0.9906101,0,89.84852,21.5976,14.4277,96.69241,319.8461,230.5733,0,2,2.072901,284.91,300,0.7,0,0,47.13054,47.13054,1,1,0.9900607,1.001365,300,0.5682187,0,0,138.9302,1,0,1,1,22.00649,1.895382,0,1,270,220,0,0,0,1.000152,1.013195,0,1,1,2,50,13.49325,1,1000,5,27.1,14.80762,0.843969,13.03746,0.3420401,0.3420401,1,0,16,0,14.46558,14.46558,1,1,150,0,0,0,128,30,0,0,30,1,-119.9561,
127.2906,1638.807,29.70634,0.9458128,0,90.01842,21.68416,14.21527,96.75337,309.5038,225.0801,0,2,2.157763,284.15,300,0.7,0,0,46.82693,46.82693,1,1,1.004931,1.001071,300,0.557619,0,0,138.9302,1,0,1,1,22.26619,1.946183,0,1,270,212,0,0,0,1,1.013368,0,1,1,2,20,13.67781,1,1000,5,27.1,14.8194,0.843969,13.03685,-0.5630121,-0.5630121,1,0,16,0,15.38242,15.38242,1,1,150,0,0,0,127,30,0,0,30,1,-120.2937,
127.3919,1603.678,30.55017,0.9953256,0,90.08114,21.68906,14.03992,96.99725,318.4219,230.8022,0,2,2.111509,285.22,300,0.7,0,0,47.42121,47.42121,1,1,1.017206,1.001055,300,0.5814215,0,0,138.9302,1,0,1,1,21.85462,1.99002,0,1,270,224,0,0,0,1,1.013378,0,1,1,2,20,13.39286,1,1000,5,27.1,14.80184,0.843969,13.03639,-1.382524,-1.382524,1,0,16,0,16.18436,16.18436,1,1,150,0,0,0,127,30,0,0,30,1,-119.4498,
127.497,1576.707,30.25483,1.096709,0,89.84852,21.61557,14.22992,96.65176,306.2825,224.3362,0,2,2.075997,284.88,300,0.7,0,0,47.46494,47.46494,1,1,1.003906,1.001304,300,0.5770047,0,0,138.9302,1,0,1,1,21.60601,1.94252,0,1,270,208,0,0,0,1.000152,1.013231,0,1,1,2,10,13.17716,1,1000,5,27.1,14.78835,0.843969,13.03502,-2.572024,-2.572024,1,0,16,0,17.36038,17.36038,1,1,150,0,0,0,128,30,0,0,30,1,-119.7452,
127.5989,1604.021,31.33373,1.117929,0,89.91664,21.6662,14.25556,96.64159,319.9308,233.32,0,2,2.178795,284.51,300,0.7,0,0,47.75389,47.75389,1,1,1.002111,1.001132,300,0.6417054,0,0,138.9302,1,0,1,1,21.80208,1.93611,0,1,270,232,0,0,0,1.000083,1.013332,0,1,1,2,50,13.37296,1,1000,5,27.1,14.80201,0.9017604,13.03746,-3.003711,-3.003711,1,0,16,0,17.80572,17.80572,1,1,150,0,0,0,128,30,0,0,30,1,-118.6663,
127.7037,1581.528,31.37593,1.813466,0,89.82809,21.62374,14.14293,96.71273,317.0147,229.2,0,2,2.306395,283.45,300,0.7,0,0,47.8969,55.90845,1,1,1.009995,1.001276,300,0.75298,8.011545,0.1686488,56.21628,1,0,1,1,21.57414,1.964267,0,1,270,232,0,0,0,1.000172,1.013247,0,1,1,2,30,13.13869,1,1000,5,27.1,14.79076,0.9017604,13.03853,-3.231832,-3.231832,1,0,16,0,18.0226,18.0226,1,1,150,0,0,0,127,30,0,0,30,1,-118.6241,
127.8054,1574.142,35.56498,5.086029,0,90.06023,21.60577,14.08341,96.88547,313.3355,235.399,0,2,2.912163,278.79,300,0.7,0,0,49.36445,81.41064,1,1,1.014161,1.001337,300,1.242962,32.04619,0.6536406,264.5478,1,0,1,1,21.20107,1.979147,0,1,270,200,0,0,0,1,1.013211,0,1,1,2,30,13.11953,1,1000,6,25,14.78707,0.9017604,13.03441,-3.308369,-3.308369,1,0,16,0,18.09544,18.09544,1,1,150,0,0,0,127,30,0,0,30,1,-114.435,
127.9054,1585.456,51.00719,7.42513,0,90.13339,21.59271,14.37643,96.83466,324.3729,254.4728,0,2,4.003276,268.5,300,0.7,0,0,60.4361,95.33977,1,1,0.9936501,1.001382,300,2.078607,34.90368,0.7119243,297.3324,1,0,1,1,21.25138,1.905893,0,1,270,212,0,0,0,1,1.013185,0,1,1,2,30,13.17716,1,1000,6,25,14.85175,0.9017604,13.0338,-3.683279,-3.683279,1,0,16,0,18.53913,18.53913,1,1,150,0,0,0,127,30,0,0,30,1,-98.99281,
128.0069,1691.38,57.96281,7.615579,0,90.08114,21.5976,14.27754,96.78386,308.6053,259.0887,0,2,3.876078,273.49,300,0.7,0,0,64.88515,64.88515,1,1,1.000573,1.001365,300,1.786776,0,0,297.3324,1,0,1,1,22.38344,1.930616,0,1,270,216,0,0,0,1,1.013195,0,1,1,2,40,13.80368,1,1000,6,25,14.8175,1,13.03624,-3.789711,-3.789711,1,0,8,0,18.61197,18.61197,1,1,150,0,0,0,127,30,0,0,30,1,-92.03719,
128.107,1510.194,65.96721,7.772699,0,89.95751,21.6368,14.24457,96.65176,314.5732,270.7427,0,2,3.901334,271,300,0.7,0,0,68.77048,68.77048,1,1,1.00288,1.001232,300,2.179138,0,0,297.3324,1,0,1,1,22.06213,1.938857,0,1,270,220,0,0,0,1.000042,1.013274,0,1,1,2,10,13.0246,1,1000,6,25,14.65514,1,13.03746,-2.704343,-2.704343,1,0,8,0,17.3819,17.3819,1,1,150,0,0,0,128,30,0,0,30,1,-84.03279,
128.2081,1659.109,67.7694,7.92982,0,89.90983,21.61884,14.25922,96.65176,329.9001,270.6855,0,2,4.479593,265.76,300,0.7,0,0,68.69936,68.69936,1,1,1.001854,1.001293,300,2.238593,0,0,297.3324,1,0,1,1,23.51616,1.935194,0,1,270,240,0,0,0,1.00009,1.013238,0,1,1,2,40,13.82489,1,1000,6,25,14.64157,1,13.03883,-1.172041,-1.172041,1,0,8,0,15.8153,15.8153,1,1,150,0,0,0,127,30,0,0,30,1,-82.2306,
128.3089,1670.751,68.78201,7.836976,0,90.16475,21.60414,14.09806,96.85499,304.5362,274.958,0,2,4.664179,267.8,300,0.7,0,0,69.02155,69.02155,1,1,1.013135,1.001343,300,2.379981,0,0,297.3324,1,0,1,1,23.75666,1.975484,0,1,270,244,0,0,0,1,1.013208,0,1,1,2,10,14.17323,1,1000,6,25,14.62317,1.04138,13.03639,-2.041234,-2.041234,1,0,16,0,16.67587,16.67587,1,1,150,0,0,0,127,30,0,0,30,1,-81.21799,
128.4102,1655.446,66.96776,7.667953,0,90.06023,21.63354,14.25373,96.84483,315.1666,265.5737,0,2,4.649045,265.87,300,0.7,0,0,68.44429,68.44429,1,1,1.002239,1.001243,300,2.29256,0,0,297.3324,1,0,1,1,23.37731,1.936568,0,1,270,236,0,0,0,1,1.013267,0,1,1,2,20,13.74046,1,1000,6,25,14.65614,1.04138,13.03502,-2.362883,-2.362883,1,0,16,0,16.98443,16.98443,1,1,150,0,0,0,128,30,0,0,30,1,-83.03224,
128.512,1755.926,66.29871,7.672714,0,89.98476,21.62374,14.30317,96.80418,317.4385,263.1514,0,2,4.858063,265.37,300,0.7,0,0,68.23141,68.23141,1,1,0.9987778,1.001276,300,2.258843,0,0,297.3324,1,0,1,1,24.11463,1.924206,0,1,270,240,0,0,0,1.000015,1.013247,0,1,1,2,30,14.30843,1,1000,6,25,14.68093,1.04138,13.03746,-1.785419,-1.785419,1,0,16,0,16.43103,16.43103,1,1,150,0,0,0,127,30,0,0,30,1,-83.70129,
128.6161,1722.95,67.22091,7.65605,0,90.10204,21.59271,14.24457,96.87531,330.6122,267.2522,0,2,4.781185,265.72,300,0.7,0,0,68.52483,68.52483,1,1,1.00288,1.001382,300,2.303822,0,0,297.3324,1,0,1,1,23.98437,1.938857,0,1,270,240,0,0,0,1,1.013185,0,1,1,2,30,14.44623,1,1000,6,25,14.65771,1.04138,13.03685,-1.15554,-1.15554,1,0,16,0,15.7976,15.7976,1,1,150,0,0,0,128,30,0,0,30,1,-82.77909,
128.7177,1804.62,65.37049,7.806028,0,89.88258,21.57801,14.33751,96.73305,324.5594,262.541,0,2,5.00782,263.72,300,0.7,0,0,67.93607,67.93607,1,1,0.9963742,1.001432,300,2.261304,0,0,297.3324,1,0,1,1,24.35163,1.915622,0,1,270,240,0,0,0,1.000117,1.013156,0,1,1,2,30,14.90066,1,1000,6,25,14.70874,1.063748,13.03807,-0.7276535,-0.7276535,1,0,16,0,15.39788,15.39788,1,1,150,0,0,0,127,30,0,0,30,1,-84.62951,
128.8196,1813.894,64.85816,7.996477,0,89.93027,21.59271,14.19696,96.63144,331.7311,265.2113,0,2,4.912631,264.89,300,0.7,0,0,67.77305,67.77305,1,1,1.006213,1.001382,300,2.235974,0,0,297.3324,1,0,1,1,24.33379,1.950761,0,1,270,244,0,0,0,1.00007,1.013185,0,1,1,2,40,15.07538,1,1000,6,25,14.72236,1.063748,13.03746,-0.2964573,-0.2964573,1,0,16,0,15.01121,15.01121,1,1,150,0,0,0,127,30,0,0,30,1,-85.14184,
128.9216,1840.717,66.2505,8.313099,0,89.93027,21.58617,14.39016,96.69241,343.5823,270.7046,0,2,5.000614,263.39,300,0.7,0,0,68.21606,68.21606,1,1,0.9926887,1.001404,300,2.303585,0,0,297.3324,1,0,1,1,24.8033,1.902459,0,1,270,208,0,0,0,1.00007,1.013172,0,1,1,2,20,30.61225,1,1000,6,25,14.69258,1.063748,13.03822,-0.02628803,-0.02628803,1,0,16,0,14.73821,14.73821,1,1,150,0,0,0,127,30,0,0,30,1,-83.7495,
129.0245,1890.717,66.2505,7.42513,0,89.94389,21.60904,14.2139,96.7737,346.8376,270.4948,0,2,5.199471,261.91,300,0.7,0,0,67.93152,67.93152,1,1,1.005027,1.001326,300,2.290049,0,0,297.3324,1,0,1,1,25.21402,1.946526,0,1,270,228,0,0,0,1.000056,1.013218,0,1,1,2,30,15.57093,1,1000,6,25,14.69883,1.062427,13.03853,0.06526279,0.06526279,1,0,16,0,14.62928,14.62928,1,1,150,0,0,0,127,30,0,0,30,1,-83.7495,
129.1259,1881.468,48.0417,1.346631,0,89.9507,21.6221,14.17498,96.76353,342.582,246.8051,0,2,3.872687,271.88,300,0.7,0,0,60.63148,60.63148,1,1,1.007751,1.001282,300,1.456596,0,0,297.3324,1,0,1,1,23.39299,1.956255,0,1,270,224,0,0,0,1.000049,1.013244,0,1,1,2,40,15.87302,1,1000,6,25,14.95662,1.062427,13.03868,0.4386683,0.4386683,1,0,16,0,14.51843,14.51843,1,1,150,0,0,0,127,30,0,0,30,1,-101.9583,
129.2271,1870.208,38.36169,1.186304,0,89.99839,21.55351,14.19513,96.74321,344.7691,242.4754,0,2,3.148183,277.45,300,0.7,0,0,53.20992,53.20992,1,1,1.006341,1.001515,300,1.022256,0,0,297.3324,1,0,1,1,23.96196,1.951218,0,1,270,228,0,0,0,1.000002,1.013107,0,1,1,2,30,15.54404,1,1000,6,25,14.9351,1.062427,13.03746,0.3919687,0.3919687,1,0,16,0,14.54314,14.54314,1,1,150,0,0,0,127,30,0,0,30,1,-111.6383,
129.3277,1924.064,31.9425,0.9976834,0,90.13339,21.55351,14.19329,96.93628,349.8724,233.1292,0,2,2.709723,280.24,300,0.7,0,0,44.14295,44.14295,1,1,1.006469,1.001515,300,0.6947652,0,0,297.3324,1,0,1,1,24.95903,1.951676,0,1,270,212,0,0,0,1,1.013107,0,1,1,2,30,16.04278,1,1000,6,25,14.96203,1.047179,13.03868,1.034373,1.034373,1,0,16,0,13.92766,13.92766,1,1,150,0,0,0,127,30,0,0,30,1,-118.0575,
129.4288,1911.315,28.6214,1.066058,0,89.94389,21.55351,14.42221,96.76353,347.3801,228.666,0,2,2.532492,281.82,300,0.7,0,0,42.96573,42.96573,1,1,0.9904453,1.001515,300,0.60622,0,0,297.3324,1,0,1,1,25.06876,1.896298,0,1,270,212,0,0,0,1.000056,1.013107,0,1,1,2,20,15.95745,1,1000,6,25,14.95566,1.047179,13.04494,2.140688,2.140688,1,0,16,0,12.81497,12.81497,1,1,150,0,0,0,127,30,0,0,30,1,-121.3786,
129.5325,1865.788,27.72332,1.025976,0,89.99158,21.60577,14.10814,96.74321,341.107,229.8867,0,2,2.518814,282.12,300,0.7,0,0,43.80692,43.80692,1,1,1.01243,1.001337,300,0.5995339,0,0,297.3324,1,0,1,1,24.67956,1.972966,0,1,270,208,0,0,0,1.000008,1.013211,0,1,1,2,30,15.625,1,1000,6,25,14.93289,1.047179,13.03807,2.856732,2.856732,1,0,16,0,12.07616,12.07616,1,1,150,0,0,0,127,30,0,0,30,1,-122.2767,
129.6331,1858.276,27.34962,1.933712,0,89.8894,21.48328,14.45701,96.68224,333.3418,224.4698,0,2,2.398082,281.93,300,0.7,0,0,43.80288,43.80288,1,1,0.9880096,1.001754,300,0.5577465,0,0,297.3324,1,0,1,1,24.63269,1.890499,0,1,270,220,0,0,0,1.000111,1.012967,0,1,1,2,30,15.67944,1,1000,6,25,14.92914,0.9870721,13.03746,2.992908,2.992908,1,0,16,0,11.92943,11.92943,1,1,150,0,0,0,127,30,0,0,30,1,-122.6504,
129.734,1934.984,31.86415,3.518122,0,89.90983,21.56821,14.53026,96.67208,351.0423,232.4235,0,2,3.337848,276.04,300,0.7,0,0,43.72484,74.77477,1,1,0.9828819,1.001465,300,1.106279,31.04993,0.7103201,296.4301,1,0,1,1,25.07384,1.87829,0,1,270,216,0,0,0,1.00009,1.013136,0,1,1,2,40,15.70681,1,1000,6,25,14.96749,0.9870721,13.03685,2.752316,2.752316,1,0,16,0,12.21518,12.21518,1,1,150,0,0,0,127,30,0,0,30,1,-118.1358,
129.8355,1979.153,36.00497,6.288483,0,89.9507,21.51431,14.35811,96.65176,346.312,230.6496,0,2,3.512996,275.14,300,0.7,0,0,46.55526,68.12372,1,1,0.9949321,1.001648,300,1.137217,21.56846,0.4787935,166.1964,1,0,1,1,25.21975,1.910472,0,1,270,200,0,0,0,1.000049,1.013029,0,1,1,2,20,16.24549,1,1000,6,25,14.98958,0.9870721,13.03746,2.033401,2.033401,1,0,16,0,12.95617,12.95617,1,1,150,0,0,0,128,30,0,0,30,1,-113.995,
129.9373,1875.352,48.4817,7.389421,0,90.11249,21.59597,14.27754,96.76353,344.2605,251.5354,0,2,3.688192,273.13,300,0.7,0,0,60.92849,60.92849,1,1,1.000573,1.001371,300,1.390447,0,0,271.3248,1,0,1,1,23.31637,1.930616,0,1,270,208,0,0,0,1,1.013192,0,1,1,2,10,15.65217,1,1000,6,25,14.9553,1,13.03792,0.9697647,0.9697647,1,0,8,0,13.98429,13.98429,1,1,150,0,0,0,127,30,0,0,30,1,-101.5183,
130.0392,1941.999,57.71569,9.555779,0,90.01842,21.58781,14.22626,96.86515,339.6658,253.3284,0,2,5.274261,261.36,300,0.7,0,0,64.04205,82.7258,1,1,1.004162,1.001399,300,2.255291,18.68374,0.3066504,102.2168,1,0,1,1,23.79542,1.943436,0,1,270,212,0,0,0,1,1.013176,0,1,1,2,40,16.07143,1,1000,6,25,14.90351,1,13.03746,0.680253,0.680253,1,0,8,0,14.20842,14.20842,1,1,150,0,0,0,127,30,0,0,30,1,-92.28432,
130.1393,1946.788,68.2757,11.20316,0,90.29016,21.6123,14.46296,96.90579,350.008,273.5084,0,2,6.164828,255.38,300,0.7,0,0,68.2286,87.0152,1,1,0.987593,1.001315,300,2.854989,18.7866,0.2901485,96.71616,1,0,1,1,26.11396,1.889507,0,1,270,216,0,0,0,1,1.013225,0,1,1,2,30,16.21622,1,1000,6,25,14.64867,1,13.03807,-0.06822395,-0.06822395,1,0,8,0,14.73527,14.73527,1,1,150,0,0,0,127,30,0,0,30,1,-81.7243,
130.2398,1966.182,73.2905,12.53869,0,89.99839,21.52738,14.22626,96.76353,341.4969,271.582,0,2,6.537554,253,300,0.7,0,0,69.83002,75.7046,1,1,1.004162,1.001604,300,2.687998,5.874573,0.08533585,56.89057,1,0,1,1,25.69502,1.943436,0,1,270,240,0,0,0,1.000002,1.013055,0,1,1,2,40,16.42336,1,1000,6,25,14.53234,1,13.03746,-0.154192,-0.154192,1,0,8,0,14.6543,14.6543,1,1,150,0,0,0,127,30,0,0,30,1,-76.7095,
130.3412,2016.129,77.69654,13.19335,0,89.98476,21.44899,14.30317,96.78386,364.3346,283.4268,0,2,6.182796,255.58,300,0.7,0,0,71.04917,71.04917,1,1,0.9987778,1.00187,300,2.690549,0,0,56.89057,1,0,1,1,25.27378,1.924206,0,1,270,240,0,0,0,1.000015,1.012898,0,1,1,2,40,16.60517,1,1000,6,25,14.44669,1,13.03975,-0.2289762,-0.2289762,1,0,8,0,14.68006,14.68006,1,1,150,0,0,0,127,30,0,0,30,1,-72.30346,
130.4454,2028.946,79.32394,13.41951,0,90.08114,21.50125,14.15438,96.81434,363.1139,286.1544,0,2,6.408089,253.37,300,0.7,0,0,71.52761,71.52761,1,1,1.009194,1.001693,300,2.771455,0,0,56.89057,1,0,1,1,25.03743,1.961405,0,1,270,252,0,0,0,1,1.013003,0,1,1,2,20,16.94915,1,1000,6,25,14.41385,1,13.03685,-0.3255205,-0.3255205,1,0,8,0,14.73085,14.73085,1,1,150,0,0,0,127,30,0,0,30,1,-70.67606,
130.5477,2101.576,78.35352,13.65757,0,90.08114,21.47512,14.06281,96.8245,357.8919,279.3259,0,2,6.672504,250.59,300,0.7,0,0,70.896,70.896,1,1,1.015603,1.001781,300,2.757387,0,0,56.89057,1,0,1,1,25.55346,1.984297,0,1,270,256,0,0,0,1,1.01295,0,1,1,2,30,17.17557,1,1000,6,25,14.43572,1.017724,13.03914,-0.9100523,-0.9100523,1,0,16,0,15.32276,15.32276,1,1,150,0,0,0,127,30,0,0,30,1,-71.64648,
130.649,2148.228,78.20887,13.8504,0,90.07069,21.46858,14.24137,96.78386,360.9267,278.2387,0,2,6.731113,251.65,300,0.7,0,0,70.64415,70.64415,1,1,1.003104,1.001804,300,2.741685,0,0,56.89057,1,0,1,1,25.79992,1.939658,0,1,270,244,0,0,0,1,1.012937,0,1,1,2,20,18.03607,1,1000,6,25,14.44025,1.017724,13.03807,-1.131387,-1.131387,1,0,16,0,15.56405,15.56405,1,1,150,0,0,0,127,30,0,0,30,1,-71.79113,
130.7506,2190.9,80.49928,13.95753,0,90.1752,21.47512,14.37093,96.84483,372.4727,286.1162,0,2,6.919594,249.24,300,0.7,0,0,71.29002,71.29002,1,1,0.9940346,1.001781,300,2.861664,0,0,56.89057,1,0,1,1,25.52836,1.907266,0,1,270,228,0,0,0,1,1.01295,0,1,1,2,20,17.96407,1,1000,6,25,14.37004,1.017724,13.03502,-1.116264,-1.116264,1,0,16,0,15.52984,15.52984,1,1,150,0,0,0,127,30,0,0,30,1,-69.50072,
130.8531,2248.875,80.8549,15.68585,0,89.97795,21.44245,14.31782,96.75337,365.4875,277.8,0,2,8.452024,239.22,300,0.7,0,0,71.19984,83.05704,1,1,0.9977523,1.001893,300,3.422547,11.85721,0.1669085,58.36334,1,0,1,1,25.70482,1.920544,0,1,270,244,0,0,0,1.000022,1.012885,0,1,1,2,20,18.5567,1,1000,6,25,14.34871,1.038541,13.03746,-1.00918,-1.00918,1,0,16,0,15.2852,15.2852,1,1,150,0,0,0,127,30,0,0,30,1,-69.1451,
130.9556,2279.982,85.3634,16.7238,0,90.07069,21.56168,14.27845,96.80418,379.1867,289.416,0,2,8.112935,240.66,300,0.7,0,0,73.13902,73.13902,1,1,1.000509,1.001487,300,3.242426,0,0,58.36334,1,0,1,1,24.90569,1.930387,0,1,270,244,0,0,0,1,1.013123,0,1,1,2,40,19.02748,1,1000,6,25,14.0782,1.038541,13.03929,-0.9779739,-0.9779739,1,0,16,0,15.03773,15.03773,1,1,150,0,0,0,127,30,0,0,30,1,-64.6366,
131.0598,2341.372,85.80943,17.1047,0,90.1961,21.50288,14.43503,96.85499,367.9968,287.7756,0,2,8.521401,239.27,300,0.7,0,0,73.8176,73.8176,1,1,0.9895479,1.001687,300,3.296148,0,0,58.36334,1,0,1,1,25.06364,1.894162,0,1,270,232,0,0,0,1,1.013006,0,1,1,2,40,19.48052,1,1000,6,25,14.05143,1.038541,13.03593,0.5425978,0.5425978,1,0,16,0,13.41553,13.41553,1,1,150,0,0,0,127,30,0,0,30,1,-64.19057,
131.1614,2388.345,86.93053,17.74508,0,90.30061,21.55351,14.08204,96.92612,368.8445,290.2171,0,2,8.856779,236.38,300,0.7,0,0,74.60732,74.60732,1,1,1.014257,1.001515,300,3.346973,0,0,58.36334,1,0,1,1,25.03131,1.97949,0,1,270,260,0,0,0,1,1.013107,0,1,1,2,20,19.60784,1,1000,6,25,13.98417,1.025079,13.03746,0.4377899,0.4377899,1,0,16,0,13.44512,13.44512,1,1,150,0,0,0,127,30,0,0,30,1,-63.06947,
131.2626,2441.804,87.02696,17.93315,0,90.26926,21.51268,14.37643,96.98708,380.5431,289.6067,0,2,8.932932,236.08,300,0.7,0,0,75.07687,75.07687,1,1,0.9936501,1.001654,300,3.373365,0,0,58.36334,1,0,1,1,25.22621,1.905893,0,1,270,264,0,0,0,1,1.013025,0,1,1,2,30,20.45455,1,1000,6,25,13.97838,1.025079,13.04006,0.5042877,0.5042877,1,0,16,0,13.44155,13.44155,1,1,150,0,0,0,127,30,0,0,30,1,-62.97304,
131.3635,2486.531,88.44341,17.42846,0,90.39468,21.53391,14.43137,97.07854,386.2906,289.3587,0,2,8.972234,234.99,300,0.7,0,0,75.83163,75.83163,1,1,0.9898043,1.001582,300,3.451294,0,0,58.36334,1,0,1,1,25.12688,1.894772,0,1,270,248,0,0,0,1,1.013068,0,1,1,2,40,20.73733,1,1000,6,25,13.8934,1.015512,13.03914,0.7003117,0.7003117,1,0,16,0,13.29362,13.29362,1,1,150,0,0,0,127,30,0,0,30,1,-61.55659,
131.4655,2536.783,83.99518,14.24082,0,90.18565,21.42285,14.10539,96.88547,375.4398,288.2334,0,2,9.026721,234.25,300,0.7,0,0,74.85017,74.85017,1,1,1.012623,1.001959,300,3.174811,0,0,58.36334,1,0,1,1,26.23844,1.973652,0,1,270,248,0,0,0,1,1.012846,0,1,1,2,30,21.02804,1,1000,6,25,14.16029,1.015512,13.04143,0.9558449,0.9558449,1,0,16,0,13.11801,13.11801,1,1,150,0,0,0,127,30,0,0,30,1,-66.00482,
131.5695,2573.34,74.9601,8.727325,0,90.01842,21.42939,14.4332,96.85499,383.5101,272.116,0,2,7.639305,244.19,300,0.7,0,0,72.21814,72.21814,1,1,0.9896762,1.001937,300,2.570716,0,0,58.36334,1,0,1,1,28.71091,1.894467,0,1,270,228,0,0,0,1,1.012859,0,1,1,2,30,21.58273,1,1000,6,25,14.54896,0.9811954,13.04295,1.729557,1.729557,1,0,16,0,12.8113,12.8113,1,1,150,0,0,0,127,30,0,0,30,1,-75.0399,
131.6725,2580.645,62.82693,7.779841,0,90.10204,21.43592,14.4625,96.83466,390.0714,267.3285,0,2,6.236559,256.14,300,0.7,0,0,67.46719,67.46719,1,1,0.9876251,1.001915,300,1.973038,0,0,58.36334,1,0,1,1,31.17149,1.889583,0,1,270,212,0,0,0,1,1.012872,0,1,1,2,20,21.47971,1,1000,6,25,14.84255,0.9811954,13.04006,2.327026,2.327026,1,0,16,0,12.53806,12.53806,1,1,150,0,0,0,127,30,0,0,30,1,-87.17307,
131.7751,2627.2,57.70363,7.848879,0,90.35287,21.47512,14.49363,96.89563,391.3261,261.2249,0,2,5.823627,258,300,0.7,0,0,65.18053,65.18053,1,1,0.9854457,1.001781,300,1.741194,0,0,58.36334,1,0,1,1,32.41522,1.884394,0,1,270,204,0,0,0,1,1.01295,0,1,1,2,40,21.79177,1,1000,6,25,14.92296,0.9811954,13.03868,2.66828,2.66828,1,0,16,0,12.26831,12.26831,1,1,150,0,0,0,127,30,0,0,30,1,-92.29637,
131.8786,2666.43,59.12008,10.54611,0,90.01842,21.44735,14.40939,96.91595,381.1364,258.154,0,2,6.510533,253.17,300,0.7,0,0,66.3811,66.3811,1,1,0.9913426,1.001876,300,1.718642,0,0,60.88593,1,0,1,1,32.61955,1.898435,0,1,270,268,0,0,0,1,1.012895,0,1,1,2,30,22.16749,1,1000,6,25,14.9088,0.9272686,13.03868,2.338832,2.338832,1,0,16,0,12.57841,12.57841,1,1,150,0,0,0,127,30,0,0,30,1,-90.87992,
131.9812,2722.323,66.0094,13.36476,0,90.07069,21.49798,14.30546,96.84483,387.7657,265.6691,0,2,7.985481,242.27,300,0.7,0,0,70.3962,85.63688,1,1,0.9986176,1.001704,300,2.49698,15.24068,0.2176762,84.4812,1,0,1,1,31.88788,1.923634,0,1,270,232,0,0,0,1,1.012996,0,1,1,2,40,22.5,1,1000,6,25,14.77981,0.9272686,13.0399,1.373185,1.373185,1,0,16,0,13.39819,13.39819,1,1,150,0,0,0,127,30,0,0,30,1,-83.9906,
132.0822,2755.833,73.38695,14.78836,0,90.1752,21.47185,14.29814,96.89563,398.2266,276.1787,0,2,8.290465,240.4,300,0.7,0,0,73.46588,73.46588,1,1,0.9991304,1.001793,300,2.600323,0,0,109.6521,1,0,1,1,30.28376,1.925465,0,1,270,228,0,0,0,1,1.012944,0,1,1,2,20,23.0179,1,1000,6,25,14.59839,1,13.04265,0.6727142,0.6727142,1,0,8,0,13.91899,13.91899,1,1,150,0,0,0,127,30,0,0,30,1,-76.61305,
132.1851,2759.128,76.34037,14.06942,0,90.23791,21.49961,14.13286,97.01757,397.8366,279.5739,0,2,8.553297,237.76,300,0.7,0,0,74.49052,74.49052,1,1,1.0107,1.001698,300,2.759338,0,0,109.6521,1,0,1,1,29.45708,1.966785,0,1,270,240,0,0,0,1,1.012999,0,1,1,2,30,23.07692,1,1000,6,25,14.50979,1,13.0399,0.9404488,0.9404488,1,0,8,0,13.5961,13.5961,1,1,150,0,0,0,126,30,0,0,30,1,-73.65963,
132.2869,2817.43,68.99899,10.95558,0,90.18565,21.46042,14.50142,96.83466,399.7186,269.9416,0,2,7.841848,243.78,300,0.7,0,0,72.18577,72.18577,1,1,0.984901,1.001832,300,2.340156,0,0,109.6521,1,0,1,1,31.97225,1.883097,0,1,270,232,0,0,0,1,1.012921,0,1,1,2,40,23.13625,1,1000,6,25,14.72002,0.9822544,13.03822,0.7002735,0.7002735,1,0,16,0,14.01312,14.01312,1,1,150,0,0,0,127,30,0,0,30,1,-81.00101,
132.388,2843.871,63.64666,9.253441,0,90.20655,21.46368,14.18597,96.97692,401.0071,268.1487,0,2,7.204474,248.34,300,0.7,0,0,69.9405,69.9405,1,1,1.006982,1.00182,300,2.076375,0,0,109.6521,1,0,1,1,33.45387,1.953508,0,1,270,212,0,0,0,1,1.012927,0,1,1,2,20,23.68421,1,1000,6,25,14.82707,0.9822544,13.04097,1.148505,1.148505,1,0,16,0,13.69098,13.69098,1,1,150,0,0,0,127,30,0,0,30,1,-86.35335,
132.4894,2841.447,46.22142,4.515452,0,90.25881,21.40326,14.30958,96.91595,396.192,247.0722,0,2,5.185641,262.96,300,0.7,0,0,57.20522,57.20522,1,1,0.9983292,1.002026,300,1.183507,0,0,109.6521,1,0,1,1,37.43685,1.922604,0,1,270,248,0,0,0,1,1.012807,0,1,1,2,20,23.68421,1,1000,6,25,15,0.9534832,13.03975,1.414609,1.414609,1,0,16,0,13.58539,13.58539,1,1,150,0,0,0,127,30,0,0,30,1,-103.7786,
132.5911,2839.833,37.81319,4.343336,0,90.36333,21.50288,14.31782,96.94644,389.0033,236.5816,0,2,4.330746,268.74,300,0.7,0,0,47.62725,47.62725,1,1,0.9977523,1.001687,300,0.8059894,0,0,109.6521,1,0,1,1,38.18239,1.920544,0,1,270,236,0,0,0,1,1.013006,0,1,1,2,30,23.4987,1,1000,6,25,15,0.9534832,13.04006,1.735454,1.735454,1,0,16,0,13.26455,13.26455,1,1,150,0,0,0,126,30,0,0,30,1,-112.1868,
132.6946,2909.232,34.5584,4.421142,0,90.32152,21.39019,14.11867,97.07854,397.3449,233.3581,0,2,3.951707,271.83,300,0.7,0,0,43.61267,43.61267,1,1,1.011693,1.00207,300,0.6418164,0,0,109.6521,1,0,1,1,38.88783,1.970333,0,1,270,232,0,0,0,1,1.01278,0,1,1,2,20,24.12869,1,1000,6,25,15,0.9071052,13.03914,2.450935,2.450935,1,0,16,0,12.54906,12.54906,1,1,150,0,0,0,127,30,0,0,30,1,-115.4416,
132.7961,2892.96,32.65976,4.406995,0,90.41558,21.50778,14.35537,97.15983,400.3628,232.4998,0,2,3.760849,272.49,300,0.7,0,0,41.56996,41.56996,1,1,0.9951243,1.00167,300,0.578049,0,0,109.6521,1,0,1,1,38.60204,1.911158,0,1,270,232,0,0,0,1,1.013016,0,1,1,2,40,24.19355,1,1000,6,25,15,0.9071052,13.03929,1.836143,1.836143,1,0,16,0,13.16386,13.16386,1,1,150,0,0,0,127,30,0,0,30,1,-117.3402,
132.8966,2822.732,32.39456,4.416427,0,90.24836,21.37712,14.35308,97.06837,398.2435,230.2682,0,2,3.646029,274.02,300,0.7,0,0,41.47432,41.47432,1,1,0.9952846,1.002115,300,0.5584347,0,0,109.6521,1,0,1,1,37.78566,1.911731,0,1,270,220,0,0,0,1,1.012754,0,1,1,2,20,23.4987,1,1000,6,25,15,0.8853728,13.03868,0.6799097,0.6799097,1,0,16,0,14.32009,14.32009,1,1,150,0,0,0,127,30,0,0,30,1,-117.6054,
132.9996,2824.327,33.1299,4.527241,0,90.1752,21.44899,14.13652,96.97692,394.1914,232.7859,0,2,3.695161,272.87,300,0.7,0,0,41.94478,41.94478,1,1,1.010443,1.00187,300,0.5775304,0,0,109.6521,1,0,1,1,37.82874,1.965869,0,1,270,220,0,0,0,1,1.012898,0,1,1,2,10,23.68421,1,1000,6,25,15,0.8853728,13.03807,-1.689348,-1.689348,1,0,16,0,16.68935,16.68935,1,1,150,0,0,0,127,30,0,0,30,1,-116.8701,
133.1026,2897.151,32.39456,4.508379,0,90.11249,21.39672,14.19696,97.02773,392.7333,232.4044,0,2,3.838725,271.32,300,0.7,0,0,41.41173,41.41173,1,1,1.006213,1.002048,300,0.6022362,0,0,109.6521,1,0,1,1,38.63713,1.950761,0,1,270,204,0,0,0,1,1.012793,0,1,1,2,30,24.12869,1,1000,6,25,15,0.9562877,13.03868,-4.22121,-4.22121,1,0,16,0,19.22121,19.22121,1,1,150,0,0,0,127,30,0,0,30,1,-117.6054,
133.2031,2864.509,31.80387,4.546103,0,90.20655,21.44899,14.27341,97.02773,400.5324,230.5733,0,2,3.795474,272.86,300,0.7,0,0,41.11077,41.11077,1,1,1.000861,1.00187,300,0.5869145,0,0,109.6521,1,0,1,1,38.23861,1.931646,0,1,270,216,0,0,0,1,1.012898,0,1,1,2,40,23.7467,1,1000,6,25,15,0.9562877,13.04067,-5.479424,-5.479424,1,0,16,0,20.47942,20.47942,1,1,150,0,0,0,127,30,0,0,30,1,-118.1961,
133.304,2813.995,33.25045,5.062451,0,90.08114,21.2922,14.26243,97.01757,388.5964,232.9194,0,2,3.963043,271.24,300,0.7,0,0,42.09566,42.09566,1,1,1.00163,1.002404,300,0.7110862,0,0,109.6521,1,0,1,1,37.7127,1.934393,0,1,270,220,0,0,0,1,1.012584,0,1,1,2,20,23.62205,1,1000,6,25,15,1.082032,13.03746,-6.287201,-6.287201,1,0,16,0,21.2872,21.2872,1,1,150,0,0,0,127,30,0,0,30,1,-116.7495,
133.4041,2822.998,35.02853,5.439692,0,90.12294,21.41469,14.43091,97.05822,397.4636,232.1565,0,2,4.187447,270.06,300,0.7,0,0,44.26387,44.26387,1,1,0.9898364,1.001987,300,0.7875592,0,0,109.6521,1,0,1,1,37.87693,1.894848,0,1,270,224,0,0,0,1,1.012829,0,1,1,2,40,23.62205,1,1000,6,25,15,1.082032,13.04173,-5.277447,-5.277447,1,0,16,0,20.27745,20.27745,1,1,150,0,0,0,127,30,0,0,30,1,-114.9715,
133.5064,2880.738,36.0773,5.732053,0,90.00797,21.40979,14.45746,97.06837,397.0058,235.7805,0,2,4.585174,266.57,300,0.7,0,0,45.45736,45.45736,1,1,0.9879775,1.002004,300,0.9116992,0,0,109.6521,1,0,1,1,38.61827,1.890423,0,1,270,228,0,0,0,1,1.01282,0,1,1,2,30,23.68421,1,1000,6,25,15,1.184237,13.04051,-5.161558,-5.161558,1,0,16,0,20.16156,20.16156,1,1,150,0,0,0,127,30,0,0,30,1,-113.9227,
133.6085,2889.617,36.87292,5.734411,0,90.1752,21.34609,14.25922,97.06837,394.7679,238.1266,0,2,4.575226,267.61,300,0.7,0,0,46.394,46.394,1,1,1.001854,1.00222,300,0.9510907,0,0,109.6521,1,0,1,1,38.76488,1.935194,0,1,270,220,0,0,0,1,1.012692,0,1,1,2,20,24,1,1000,6,25,15,1.184237,13.03929,-3.562304,-3.562304,1,0,16,0,18.5623,18.5623,1,1,150,0,0,0,127,30,0,0,30,1,-113.1271,
133.7091,2758.114,36.93319,5.432619,0,90.07069,21.33793,14.29356,96.9566,391.733,234.5598,0,2,4.481935,267.35,300,0.7,0,0,46.02276,46.02276,1,1,0.9994509,1.002248,300,0.9576129,0,0,109.6521,1,0,1,1,37.13525,1.92661,0,1,270,216,0,0,0,1,1.012676,0,1,1,2,30,23.19588,1,1000,6,25,15,1.2,13.04402,-2.375278,-2.375278,1,0,16,0,17.37528,17.37528,1,1,150,0,0,0,127,30,0,0,30,1,-113.0668,
133.8141,2829.121,36.0773,5.338308,0,90.27971,21.40816,14.28852,97.24112,388.6134,235.9331,0,2,4.526594,265.91,300,0.7,0,0,45.53541,45.53541,1,1,0.9998034,1.002009,300,0.9254232,0,0,109.6521,1,0,1,1,37.98695,1.927869,0,1,270,224,0,0,0,1,1.012816,0,1,1,2,40,23.4375,1,1000,6,25,15,1.2,13.04128,-1.380167,-1.380167,1,0,16,0,16.38017,16.38017,1,1,150,0,0,0,127,30,0,0,30,1,-113.9227,
133.9185,2865.056,35.69757,5.298226,0,90.18565,21.37549,14.13469,97.0379,388.1217,236.0666,0,2,4.512463,267.87,300,0.7,0,0,45.02384,45.02384,1,1,1.010572,1.00212,300,0.9054376,0,0,109.6521,1,0,1,1,38.41033,1.966327,0,1,270,232,0,0,0,1,1.012751,0,1,1,2,20,23.93617,1,1000,6,25,15,1.2,13.0399,-0.5475349,-0.5475349,1,0,16,0,15.54753,15.54753,1,1,150,0,0,0,126,30,0,0,30,1,-114.3024,
134.0194,2789.66,35.28771,5.163835,0,90.11249,21.35263,14.37643,97.05822,397.0058,233.2628,0,2,4.370467,269.08,300,0.7,0,0,44.44825,44.44825,1,1,0.9936501,1.002198,300,0.8836281,0,0,109.6521,1,0,1,1,37.4835,1.905893,0,1,270,248,0,0,0,1,1.012705,0,1,1,2,30,23.37662,1,1000,6,25,15,1.2,13.04128,-0.1537285,-0.1537285,1,0,16,0,15.15373,15.15373,1,1,150,0,0,0,127,30,0,0,30,1,-114.7123,
134.121,2826.456,34.251,4.562607,0,90.18565,21.35753,14.30317,97.0887,399.4473,236.0666,0,2,4.239683,268.78,300,0.7,0,0,43.31166,43.31166,1,1,0.9987778,1.002182,300,0.8357308,0,0,109.6521,1,0,1,1,37.89182,1.924206,0,1,270,244,0,0,0,1,1.012715,0,1,1,2,20,23.4375,1,1000,6,25,15,1.2,13.0399,-0.2233295,-0.2233295,1,0,16,0,15.22333,15.22333,1,1,150,0,0,0,127,30,0,0,30,1,-115.749,
134.2254,2845.22,32.19566,4.114634,0,90.12294,21.30527,14.25968,97.02773,395.3782,232.9385,0,2,4.125569,269.85,300,0.7,0,0,41.34851,41.34851,1,1,1.001822,1.002359,300,0.7500284,0,0,109.6521,1,0,1,1,38.03534,1.93508,0,1,270,236,0,0,0,1,1.012611,0,1,1,2,10,23.7467,1,1000,6,25,15,1.2,13.0399,-0.4089308,-0.4089308,1,0,16,0,15.40893,15.40893,1,1,150,0,0,0,127,30,0,0,30,1,-117.8043,
134.3259,2808.2,30.03784,3.685523,0,90.1543,21.37059,14.35354,97.0887,390.9701,225.1755,0,2,3.954882,271.36,300,0.7,0,0,40.30382,40.30382,1,1,0.9952525,1.002137,300,0.6820171,0,0,109.6521,1,0,1,1,37.5479,1.911616,0,1,270,208,0,0,0,1,1.012741,0,1,1,2,20,23.56021,1,1000,6,25,15,1.2,13.0399,-0.3249674,-0.3249674,1,0,16,0,15.32497,15.32497,1,1,150,0,0,0,126,30,0,0,30,1,-119.9622,
134.4307,2805.574,29.38688,3.588855,0,90.27971,21.31833,14.33614,97.15983,392.5299,229.7722,0,2,3.834284,271.98,300,0.7,0,0,39.98693,39.98693,1,1,0.9964703,1.002315,300,0.6620399,0,0,109.6521,1,0,1,1,37.49981,1.915965,0,1,270,208,0,0,0,1,1.012637,0,1,1,2,30,23.31606,1,1000,6,25,15,1.2,13.0399,-0.3735781,-0.3735781,1,0,16,0,15.37358,15.37358,1,1,150,0,0,0,127,30,0,0,30,1,-120.6131,
134.5312,2800.597,28.70579,3.579424,0,90.39468,21.37059,14.37276,97.27161,397.684,225.9194,0,2,3.804145,273.09,300,0.7,0,0,39.66867,39.66867,1,1,0.9939065,1.002137,300,0.6415012,0,0,109.6521,1,0,1,1,37.42653,1.906809,0,1,270,228,0,0,0,1,1.012741,0,1,1,2,30,23.4375,1,1000,6,25,15,1.2,13.0396,-0.5451765,-0.5451765,1,0,16,0,15.54518,15.54518,1,1,150,0,0,0,127,30,0,0,30,1,-121.2942,
134.6347,2795.378,28.33811,3.433243,0,90.31107,21.32486,14.36178,97.2208,396.0564,227.1401,0,2,3.750466,272.39,300,0.7,0,0,39.43481,39.43481,1,1,0.9946756,1.002293,300,0.6295921,0,0,109.6521,1,0,1,1,37.3608,1.909556,0,1,270,232,0,0,0,1,1.01265,0,1,1,2,30,23.37662,1,1000,6,25,15,1.2,13.03868,-0.75278,-0.75278,1,0,16,0,15.75278,15.75278,1,1,150,0,0,0,127,30,0,0,30,1,-121.6619,
134.7353,2782.673,24.43236,0.8420717,0,90.29016,21.36732,14.30317,97.20048,390.5801,221.7231,0,2,3.547908,274.42,300,0.7,0,0,37.42372,37.42372,1,1,0.9987778,1.002148,300,0.5151036,0,0,109.6521,1,0,1,1,37.14604,1.924206,0,1,270,240,0,0,0,1,1.012735,0,1,1,2,30,23.13625,1,1000,6,25,15,1.2,13.03838,-0.9261799,-0.9261799,1,0,16,0,15.92618,15.92618,1,1,150,0,0,0,127,30,0,0,30,1,-125.5676,
134.8355,2725.538,20.35783,0.0003534328,0,90.217,21.32323,14.17864,97.18015,394.7,215.7912,0,2,3.134369,276.88,300,0.7,0,0,33.04253,33.04253,1,1,1.007495,1.002298,300,0.3789783,0,0,109.6521,1,0,1,1,36.49504,1.955339,0,1,270,236,0,0,0,1,1.012646,0,1,1,2,20,23.31606,1,1000,6,25,15,1.2,13.04067,-1.039419,-1.039419,1,0,16,0,16.03942,16.03942,1,1,150,0,0,0,127,30,0,0,30,1,-129.6422,
134.9362,2739.226,18.56769,0.02864648,0,90.43649,21.34936,14.35811,97.21064,395.9207,215.0282,0,2,3.035975,278.27,300,0.7,0,0,31.29238,31.29238,1,1,0.9949321,1.002209,300,0.3273331,0,0,109.6521,1,0,1,1,36.6007,1.910472,0,1,270,228,0,0,0,1,1.012699,0,1,1,2,30,22.84264,1,1000,6,25,15,1.2,13.04128,-0.9839783,-0.9839783,1,0,16,0,15.98398,15.98398,1,1,150,0,0,0,127,30,0,0,30,1,-131.4323,
135.0404,2759.636,18.39892,0.0003534328,0,90.07069,21.21381,14.13194,97.04806,387.1892,215.3334,0,2,2.920615,279.59,300,0.7,0,0,31.25655,31.25655,1,1,1.010764,1.002671,300,0.2700407,0,0,109.6521,1,0,1,1,36.79812,1.967014,0,1,270,224,0,0,0,1,1.012428,0,1,1,2,30,22.90076,1,1000,6,25,15,1,13.0396,-1.059471,-1.059471,1,0,6,0,16.05947,16.05947,1,1,150,0,0,0,127,30,0,0,30,1,-131.6011,
135.1404,2682.164,18.53755,0.0121422,0,90.24836,21.3069,14.15667,97.28177,387.6978,218.9193,0,2,2.816272,279.58,300,0.7,0,0,30.87395,30.87395,1,1,1.009033,1.002354,300,0.2687095,0,0,109.6521,1,0,1,1,36.0396,1.960833,0,1,270,224,0,0,0,1,1.012614,0,1,1,2,30,22.44389,1,1000,6,25,15,1,13.04067,-0.6926231,-0.6926231,1,0,6,0,15.69262,15.69262,1,1,150,0,0,0,127,30,0,0,30,1,-131.4624,
135.2417,2691.307,18.77262,0.01921546,0,89.92345,21.24647,14.28257,97.05822,385.3581,215.753,0,2,2.870728,279.41,300,0.7,0,0,31.17708,31.17708,1,1,1.00022,1.00256,300,0.2748333,0,0,109.6521,1,0,1,1,36.13264,1.929357,0,1,270,236,0,0,0,1.000077,1.012493,0,1,1,2,40,22.16749,1,1000,6,25,15,1,13.04234,-0.3559017,-0.3559017,1,0,6,0,15.3559,15.3559,1,1,150,0,0,0,127,30,0,0,30,1,-131.2274,
135.3424,2676.659,18.71235,0.03336199,0,90.07069,21.2677,14.42999,97.15983,383.4423,213.8838,0,2,2.788187,279.91,300,0.7,0,0,31.01553,31.01553,1,1,0.9899005,1.002487,300,0.2725022,0,0,109.6521,1,0,1,1,35.98773,1.895001,0,1,270,232,0,0,0,1,1.012535,0,1,1,2,40,22.22222,1,1000,6,25,15,1,13.04295,-0.5498934,-0.5498934,1,0,6,0,15.54989,15.54989,1,1,150,0,0,0,127,30,0,0,30,1,-131.2877,
135.4459,2583.757,18.93536,0.04279301,0,90.06023,21.2922,14.08708,97.14967,390.1563,219.1482,0,2,2.734476,280.42,300,0.7,0,0,30.60874,30.60874,1,1,1.013905,1.002404,300,0.2721238,0,0,109.6521,1,0,1,1,35.07521,1.978231,0,1,270,220,0,0,0,1,1.012584,0,1,1,2,20,21.95122,1,1000,6,25,15,1,13.04265,-2.240438,-2.240438,1,0,6,0,17.24044,17.24044,1,1,150,0,0,0,127,30,0,0,30,1,-131.0646,
135.5496,2590.226,19.15838,0.04515076,0,90.06023,21.2922,14.24732,97.11919,387.9182,221.5133,0,2,2.762908,279.77,300,0.7,0,0,30.87896,30.87896,1,1,1.002688,1.002404,300,0.2777594,0,0,109.6521,1,0,1,1,35.1404,1.93817,0,1,270,240,0,0,0,1,1.012584,0,1,1,2,30,21.42857,1,1000,6,25,15,1,13.0425,-5.446312,-5.446312,1,0,6,0,20.44631,20.44631,1,1,150,0,0,0,127,30,0,0,30,1,-130.8416,
135.6504,2578.649,19.1644,0.01685771,0,90.09159,21.3167,14.16582,97.12935,392.5129,218.7858,0,2,2.750559,280.55,300,0.7,0,0,30.80561,30.80561,1,1,1.008392,1.002321,300,0.2771771,0,0,109.6521,1,0,1,1,35.02618,1.958544,0,1,270,224,0,0,0,1,1.012633,0,1,1,2,50,21.68675,1,1000,6,25,15,1,13.03929,-11.37159,-11.37159,1,0,6,0,26.37159,26.37159,1,1,150,0,0,0,127,30,0,0,30,1,-130.8356,
135.7507,2559.509,19.35728,0.05693953,0,90.00797,21.2922,14.49363,96.96677,380.5261,213.2734,0,2,2.687484,280.6,300,0.7,0,0,30.86898,30.86898,1,1,0.9854457,1.002404,300,0.2805524,0,0,109.6521,1,0,1,1,34.8381,1.884394,0,1,270,220,0,0,0,1,1.012584,0,1,1,2,40,21.37767,1,1000,6,25,15,1,13.04189,-19.66898,-19.66898,1,0,6,0,34.66898,34.66898,1,1,150,0,0,0,127,30,0,0,30,1,-130.6427,
135.8515,2528.232,19.63454,0.05222402,0,89.99839,21.2383,14.41672,97.10902,376.118,222.0283,0,2,2.675712,280.7,300,0.7,0,0,30.93248,30.93248,1,1,0.9908298,1.002587,300,0.2851786,0,0,109.6521,1,0,1,1,34.52956,1.897214,0,1,270,220,0,0,0,1.000002,1.012477,0,1,1,2,20,21.12676,1,1000,6,25,15,1,13.04189,-25.99134,-25.99134,1,0,6,0,40.99134,40.99134,1,1,150,0,0,0,127,30,0,0,30,1,-130.3655,
135.9515,2496.048,20.14084,0,0,90.03933,21.26607,14.31416,97.11919,381.679,219.2817,0,2,2.662451,280.61,300,0.7,0,0,31.21711,31.21711,1,1,0.9980087,1.002493,300,0.2952118,0,0,109.6521,1,0,1,1,34.19144,1.921459,0,1,270,208,0,0,0,1,1.012532,0,1,1,2,20,20.97902,1,1000,6,25,15,1,13.0399,-32.41072,-32.41072,1,0,6,0,47.41072,47.41072,1,1,150,0,0,0,127,30,0,0,30,1,-129.8592,
136.0518,2450.58,20.09865,0.01449996,0,89.91664,21.16154,14.1466,96.98708,378.4915,216.7258,0,2,2.654795,281.08,300,0.7,0,0,30.85766,30.85766,1,1,1.009738,1.002849,300,0.2912689,0,0,109.6521,1,0,1,1,33.51825,1.963351,0,1,270,216,0,0,0,1.000083,1.012323,0,1,1,2,50,20.40816,1,1000,6,25,15,1,13.0399,-44.23264,-44.23264,1,0,6,0,59.23264,59.23264,1,1,150,0,0,0,127,30,0,0,30,1,-129.9014,
136.1538,2381.141,19.97208,0.01685771,0,89.93708,21.16154,14.44236,97.11919,384.8325,217.565,0,2,2.539884,281.69,300,0.7,0,0,30.24819,30.24819,1,1,0.9890351,1.002849,300,0.2837122,0,0,109.6521,1,0,1,1,32.4933,1.892941,0,1,270,216,0,0,0,1.000063,1.012323,0,1,1,2,40,20.17937,1,1000,6,25,15,1,13.04173,-47.8911,-47.8911,1,0,6,0,62.8911,62.8911,1,1,150,0,0,0,127,30,0,0,30,1,-130.0279,
136.2548,2342.469,20.17701,0.05693953,0,89.93027,21.18768,14.37505,97.0379,379.2715,216.0964,0,2,2.615757,281.1,300,0.7,0,0,30.18058,30.18058,1,1,0.9937463,1.00276,300,0.3431689,0,0,109.6521,1,0,1,1,31.91482,1.906237,0,1,270,208,0,0,0,1.00007,1.012375,0,1,1,2,30,19.52278,1,1000,6,25,15,1.2,13.0428,-50.45949,-50.45949,1,0,16,0,65.45949,65.45949,1,1,150,0,0,0,127,30,0,0,30,1,-129.823,
136.3553,2293.403,20.45427,0.03336199,0,89.97114,21.24647,14.17681,97.0887,367.3355,220.7122,0,2,2.580078,281.21,300,0.7,0,0,30.10893,30.10893,1,1,1.007623,1.00256,300,0.3470154,0,0,109.6521,1,0,1,1,31.1752,1.955797,0,1,270,196,0,0,0,1.000029,1.012493,0,1,1,2,40,19.39655,1,1000,6,25,15,1.2,13.04723,-59.10538,-59.10538,1,0,16,0,74.10538,74.10538,1,1,150,0,0,0,127,30,0,0,30,1,-129.5457,
136.4567,2213.695,20.52057,0.03336199,0,89.9507,21.23994,14.44236,96.98708,372.0997,218.5569,0,2,2.453512,282.78,300,0.7,0,0,30.60447,30.60447,1,1,0.9890351,1.002582,300,0.3538805,0,0,109.6521,1,0,1,1,29.98484,1.892941,0,1,270,208,0,0,0,1.000049,1.01248,0,1,1,2,40,18.63354,1,1000,6,25,15,1.2,13.0399,-62.48012,-62.48012,1,0,16,0,77.48012,77.48012,1,1,150,0,0,0,127,30,0,0,30,1,-129.4794,
136.5609,2111.189,20.43016,0.02393097,0,90.07069,21.2922,14.09806,97.11919,365.1314,223.0583,0,2,2.427867,282.7,300,0.7,0,0,32.58745,32.58745,1,1,1.013135,1.002404,300,0.3751031,0,0,109.6521,1,0,1,1,28.46531,1.975484,0,1,270,208,0,0,0,1,1.012584,0,1,1,2,20,18,1,1000,6,25,15,1.2,13.04143,-51.37035,-51.37035,1,0,16,0,66.37035,66.37035,1,1,150,0,0,0,127,30,0,0,30,1,-129.5698,
136.6649,2050.301,20.15892,0.009784449,0,89.93027,21.18768,14.21893,97.04806,351.7374,217.5078,0,2,2.357846,282.97,300,0.7,0,0,33.52764,33.52764,1,1,1.004675,1.00276,300,0.380885,0,0,109.6521,1,0,1,1,27.58556,1.945267,0,1,270,196,0,0,0,1.00007,1.012375,0,1,1,2,20,16.94915,1,1000,6,25,15,1.2,13.04234,-52.05725,-52.05725,1,0,16,0,67.05725,67.05725,1,1,150,0,0,0,127,30,0,0,30,1,-129.8411,
136.7671,1910.828,20.68934,0.009784449,0,89.97795,21.26607,14.30958,97.0887,345.8881,219.6059,0,2,2.27707,283.89,300,0.7,0,0,36.93457,36.93457,1,1,0.9983292,1.002493,300,0.4318438,0,0,109.6521,1,0,1,1,25.75187,1.922604,0,1,270,204,0,0,0,1.000022,1.012532,0,1,1,2,40,16.45338,1,1000,6,25,14.95541,1.2,13.04341,-37.70694,-37.70694,1,0,16,0,52.66235,52.66235,1,1,150,0,0,0,128,30,0,0,30,1,-129.3107,
136.8703,1814.004,21.56331,0.0380775,0,89.8894,21.18768,14.07975,97.12935,332.8501,220.3498,0,2,2.252388,283.93,300,0.7,0,0,39.61728,39.61728,1,1,1.014417,1.00276,300,0.4844425,0,0,109.6521,1,0,1,1,24.57314,1.980062,0,1,270,192,0,0,0,1.000111,1.012375,0,1,1,2,60,15.38461,1,1000,6,25,14.907,1.2,13.0425,-34.12968,-34.12968,1,0,16,0,49.03669,49.03669,1,1,150,0,0,0,127,30,0,0,30,1,-128.4367,
136.9725,1754.283,22.46742,0.03571974,0,89.88258,21.22034,14.18093,97.14967,323.3726,223.1727,0,2,2.236711,284.11,300,0.7,0,0,41.33044,41.33044,1,1,1.007335,1.002649,300,0.5276172,0,0,109.6521,1,0,1,1,23.8443,1.954767,0,1,270,192,0,0,0,1.000117,1.012441,0,1,1,2,60,14.7541,1,1000,6,25,14.87714,1.2,13.04295,-25.77633,-25.77633,1,0,16,0,40.65347,40.65347,1,1,150,0,0,0,127,30,0,0,30,1,-127.5326,
137.0737,1663.524,22.93756,0.01921546,0,90.04978,21.23994,14.21344,97.24112,316.2178,225.042,0,2,2.162582,284.62,300,0.7,0,0,42.85453,42.85453,1,1,1.005059,1.002582,300,0.5601488,0,0,109.6521,1,0,1,1,22.81264,1.94664,0,1,270,196,0,0,0,1,1.01248,0,1,1,2,30,14.21801,1,1000,5,27.1,14.83176,1.2,13.04189,-20.52185,-20.52185,1,0,16,0,35.35361,35.35361,1,1,150,0,0,0,127,30,0,0,30,1,-127.0624,
137.1756,1598.551,23.65482,0.01921546,0,90.12294,21.18604,14.23908,97.31226,298.9412,219.1482,0,2,2.158043,284.67,300,0.7,0,0,44.31687,44.31687,1,1,1.003265,1.002765,300,0.5987338,0,0,109.6521,1,0,1,1,22.07727,1.940231,0,1,270,200,0,0,0,1,1.012372,0,1,1,2,40,13.35312,1,1000,5,27.1,14.79928,1.2,13.0425,-16.9771,-16.9771,1,0,16,0,31.77638,31.77638,1,1,150,0,0,0,127,30,0,0,30,1,-126.3452,
137.2776,1517.374,24.48058,0.03336199,0,89.99839,21.14848,14.32744,97.20048,302.5355,224.6223,0,2,2.048455,285.01,300,0.7,0,0,44.90257,44.90257,1,1,0.9970793,1.002893,300,0.6295851,0,0,109.6521,1,0,1,1,21.18684,1.91814,0,1,270,200,0,0,0,1.000002,1.012297,0,1,1,2,30,12.98701,1,1000,5,27.1,14.75869,1.2,13.0425,-12.56073,-12.56073,1,0,16,0,27.31942,27.31942,1,1,150,0,0,0,128,30,0,0,30,1,-125.5194,
137.3778,1500.075,24.89044,0,0,90.02888,21.21381,14.20062,97.27161,301.3148,225.0038,0,2,2.050102,285.2,300,0.7,0,0,44.82867,44.82867,1,1,1.005957,1.002671,300,0.6393867,0,0,109.6521,1,0,1,1,21.0008,1.949845,0,1,270,208,0,0,0,1,1.012428,0,1,1,2,30,12.46537,1,1000,5,27.1,14.75004,1.2,13.04234,-9.356556,-9.356556,1,0,16,0,24.10659,24.10659,1,1,150,0,0,0,127,30,0,0,30,1,-125.1096,
137.479,1476.669,25.62578,0,0,89.9507,21.22524,14.10905,97.29193,299.7211,227.5216,0,2,2.042725,285.05,300,0.7,0,0,44.82505,44.82505,1,1,1.012366,1.002632,300,0.6587675,0,0,109.6521,1,0,1,1,20.81335,1.972737,0,1,270,200,0,0,0,1.000049,1.01245,0,1,1,2,10,12.39669,1,1000,5,27.1,14.73833,1.2,13.0399,-6.438122,-6.438122,1,0,16,0,21.17646,21.17646,1,1,150,0,0,0,127,30,0,0,30,1,-124.3742,
137.581,1446.759,25.96332,0,0,89.8962,21.23994,14.08708,97.06837,291.4982,225.9957,0,2,2.013407,285.61,300,0.7,0,0,44.57606,44.57606,1,1,1.013905,1.002582,300,0.6644338,0,0,109.6521,1,0,1,1,20.57407,1.978231,0,1,270,200,0,0,0,1.000104,1.01248,0,1,1,2,50,12.2449,1,1000,5,27.1,14.72338,1.2,13.04219,-4.069976,-4.069976,1,0,16,0,18.79739,18.79739,1,1,150,0,0,0,127,30,0,0,30,1,-124.0367,
137.6811,1452.292,26.48167,0.02157322,0,89.84171,21.23994,14.12004,97.14967,303.9936,221.437,0,2,2.057414,284.99,300,0.7,0,0,44.88897,44.88897,1,1,1.011597,1.002582,300,0.6823653,0,0,109.6521,1,0,1,1,20.61834,1.96999,0,1,270,200,0,0,0,1.000158,1.01248,0,1,1,2,40,12.03209,1,1000,5,27.1,14.72615,1.2,13.04112,-2.013058,-2.013058,1,0,16,0,16.7392,16.7392,1,1,150,0,0,0,127,30,0,0,30,1,-123.5183,
137.7839,1450.817,26.60825,0,0,89.97795,21.20727,14.16811,97.28177,301.3657,221.7231,0,2,2.043234,285.08,300,0.7,0,0,44.92838,44.92838,1,1,1.008232,1.002693,300,0.6862015,0,0,109.6521,1,0,1,1,20.60654,1.957972,0,1,270,200,0,0,0,1.000022,1.012415,0,1,1,2,40,12.09677,1,1000,5,27.1,14.72541,1.2,13.04616,-0.4272137,-0.4272137,1,0,16,0,15.15262,15.15262,1,1,150,0,0,0,127,30,0,0,30,1,-123.3918,
137.8878,1438.435,26.71071,0,0,89.86214,21.16154,14.07792,97.14967,301.1453,223.2681,0,2,2.04977,285.46,300,0.7,0,0,44.81725,44.81725,1,1,1.014546,1.002849,300,0.6863246,0,0,109.6521,1,0,1,1,20.50748,1.98052,0,1,270,192,0,0,0,1.000138,1.012323,0,1,1,2,40,11.88904,1,1000,5,27.1,14.71922,1.197856,13.04219,0.27285,0.27285,1,0,16,0,14.44637,14.44637,1,1,150,0,0,0,127,30,0,0,30,1,-123.2893,
137.9878,1426.194,27.14469,0.01685771,0,89.86896,21.13378,14.15117,97.23096,301.5522,225.7668,0,2,2.020442,285.65,300,0.7,0,0,44.86885,44.86885,1,1,1.009418,1.002943,300,0.698592,0,0,109.6521,1,0,1,1,20.40956,1.962207,0,1,270,200,0,0,0,1.000131,1.012268,0,1,1,2,30,11.82654,1,1000,5,27.1,14.7131,1.197856,13.04433,0.5352688,0.5352688,1,0,16,0,14.17783,14.17783,1,1,150,0,0,0,128,30,0,0,30,1,-122.8553,
138.0878,1412.629,27.12058,0.04515076,0,89.7804,21.16808,14.3691,97.07854,301.8404,229.2,0,2,1.965909,285.9,300,0.7,0,0,44.6876,44.6876,1,1,0.9941629,1.002827,300,0.6955001,0,0,109.6521,1,0,1,1,20.30103,1.907724,0,1,270,196,0,0,0,1.00022,1.012336,0,1,1,2,30,12,1,1000,5,27.1,14.70632,1.197856,13.04295,0.7402592,0.7402592,1,0,16,0,13.96606,13.96606,1,1,150,0,0,0,127,30,0,0,30,1,-122.8794,
138.1897,1428.163,26.5962,0.007426695,0,89.81446,21.18768,14.25556,97.01757,295.4825,227.8267,0,2,1.987527,285.34,300,0.7,0,0,44.63096,44.63096,1,1,1.002111,1.00276,300,0.6807863,0,0,109.6521,1,0,1,1,20.42531,1.93611,0,1,270,204,0,0,0,1.000185,1.012375,0,1,1,2,40,11.7801,1,1000,5,27.1,14.71408,1.197856,13.04173,0.9715853,0.9715853,1,0,16,0,13.7425,13.7425,1,1,150,0,0,0,127,30,0,0,30,1,-123.4038,
138.293,1411.898,26.80113,0.02628873,0,89.71228,21.14195,14.35445,96.9566,284.9537,224.6223,0,2,1.976657,285.74,300,0.7,0,0,44.52186,44.52186,1,1,0.9951884,1.002916,300,0.6725343,0,0,109.6521,1,0,1,1,20.29518,1.911387,0,1,270,212,0,0,0,1.000288,1.012284,0,1,1,2,30,11.67315,1,1000,5,27.1,14.70595,1.176318,13.0399,1.074651,1.074651,1,0,16,0,13.6313,13.6313,1,1,150,0,0,0,128,30,0,0,30,1,-123.1989,
138.3931,1383.764,27.69318,0.04279301,0,89.80765,21.19911,14.21527,97.0887,295.6351,223.8785,0,2,1.971863,286.19,300,0.7,0,0,44.61872,44.61872,1,1,1.004931,1.002721,300,0.6965896,0,0,109.6521,1,0,1,1,20.07011,1.946183,0,1,270,204,0,0,0,1.000192,1.012398,0,1,1,2,30,11.62791,1,1000,5,27.1,14.7,1.176318,13.04311,1.186532,1.186532,1,0,16,0,13.51347,13.51347,1,1,150,0,0,0,127,30,0,0,30,1,-122.3068,
138.4939,1347.527,27.53044,0.05222402,0,89.80765,21.14848,14.1846,97.00741,287.6495,231.9467,0,2,1.897768,286.26,300,0.7,0,0,44.09303,44.09303,1,1,1.007078,1.002893,300,0.6843864,0,0,109.6521,1,0,1,1,19.78022,1.953851,0,1,270,204,0,0,0,1.000192,1.012297,0,1,1,2,30,11.43583,1,1000,5,27.1,14.7,1.176318,13.04372,1.223258,1.223258,1,0,16,0,13.47674,13.47674,1,1,150,0,0,0,127,30,0,0,30,1,-122.4696,
138.5938,1308.216,29.2362,0.002711187,0,89.80765,21.17461,14.1118,97.00741,288.243,225.8431,0,2,1.896913,286.59,300,0.7,0,0,44.57521,44.57521,1,1,1.012174,1.002804,300,0.7347107,0,0,109.6521,1,0,1,1,19.41129,1.97205,0,1,270,208,0,0,0,1.000192,1.012349,0,1,1,2,30,10.88271,1,1000,5,27.1,14.7,1.176318,13.0399,1.308443,1.308443,1,0,16,0,13.39156,13.39156,1,1,150,0,0,0,127,30,0,0,30,1,-120.7638,
138.6983,1290.878,28.39839,0.0640128,0,89.69865,21.18441,14.18185,97.0379,274.8489,226.4534,0,2,1.861016,286.61,300,0.7,0,0,43.90146,43.90146,1,1,1.007271,1.002771,300,0.7029365,0,0,109.6521,1,0,1,1,19.31047,1.954538,0,1,270,220,0,0,0,1.000301,1.012369,0,1,1,2,30,10.77844,1,1000,5,27.1,14.7,1.176318,13.04341,1.382405,1.382405,1,0,16,0,13.3176,13.3176,1,1,150,0,0,0,127,30,0,0,30,1,-121.6016,
138.7983,1336.66,29.30853,0.02864648,0,89.7804,21.21707,14.33248,97.07854,296.7032,226.606,0,2,1.904741,285.77,300,0.7,0,0,44.92737,44.92737,1,1,0.9967267,1.00266,300,0.7245586,0,0,109.6521,1,0,1,1,19.63035,1.916881,0,1,270,200,0,0,0,1.00022,1.012434,0,1,1,2,40,11.12485,1,1000,5,27.1,14.7,1.148168,13.0425,1.382405,1.382405,1,0,16,0,13.3176,13.3176,1,1,150,0,0,0,127,30,0,0,30,1,-120.6915,
138.8985,1360.729,28.6636,0.03336199,0,89.71909,21.08315,14.30272,97.02773,292.2611,224.012,0,2,1.939039,285.94,300,0.7,0,0,44.85114,44.85114,1,1,0.9988099,1.003116,300,0.7075904,0,0,109.6521,1,0,1,1,19.85164,1.924321,0,1,270,208,0,0,0,1.000281,1.012166,0,1,1,2,30,11.16625,1,1000,5,27.1,14.7,1.148168,13.0428,1.471959,1.471959,1,0,16,0,13.22804,13.22804,1,1,150,0,0,0,127,30,0,0,30,1,-121.3364,
139.0001,1351.717,29.35072,0.03571974,0,89.75315,21.16154,14.35399,97.06837,293.3462,227.1592,0,2,1.926196,286.36,300,0.7,0,0,45.11467,45.11467,1,1,0.9952205,1.002849,300,0.728704,0,0,109.6521,1,0,1,1,19.74587,1.911502,0,1,270,192,0,0,0,1.000247,1.012323,0,1,1,2,20,11.20797,1,1000,5,27.1,14.7,1.148168,13.04082,1.484797,1.484797,1,0,16,0,13.2152,13.2152,1,1,150,0,0,0,127,30,0,0,30,1,-120.6493,
139.1015,1304.461,29.01318,0.01685771,0,89.65778,21.10928,14.23496,96.99725,283.5126,227.7695,0,2,1.858857,286.86,300,0.7,0,0,44.40749,44.40749,1,1,1.003553,1.003027,300,0.7091531,0,0,109.6521,1,0,1,1,19.39162,1.941261,0,1,270,212,0,0,0,1.000342,1.012219,0,1,1,2,30,10.90909,1,1000,5,27.1,14.7,1.148168,13.04326,1.49305,1.49305,1,0,16,0,13.20695,13.20695,1,1,150,0,0,0,127,30,0,0,30,1,-120.9868,
139.202,1268.66,33.88935,2.54437,0,89.70547,21.19258,14.18368,96.98708,276.8665,235.8759,0,2,2.53732,281.82,300,0.7,0,0,46.46169,87.11305,1,1,1.007143,1.002743,300,1.416644,40.65136,0.9135259,454.4073,1,0,1,1,18.92325,1.95408,0,1,270,212,0,0,0,1.000295,1.012385,0,1,1,2,10,10.51402,1,1000,6,25,14.68297,1,13.04234,1.440378,1.440378,1,0,7,0,13.24414,13.24414,1,1,150,0,0,0,127,30,0,0,30,1,-116.1106,
139.304,1369.175,38.75347,2.572663,0,89.72591,21.15338,14.28852,97.0887,299.1786,233.9494,0,2,2.167861,283.94,300,0.7,0,0,48.03444,48.03444,1,1,0.9998034,1.002877,300,0.8928019,0,0,454.4073,1,0,1,1,19.38627,1.927869,0,1,270,220,0,0,0,1.000274,1.012307,0,1,1,2,40,10.9356,1,1000,6,25,14.69101,1,13.0399,1.43833,1.43833,1,0,7,0,13.25231,13.25231,1,1,150,0,0,0,127,30,0,0,30,1,-111.2465,
139.4044,1453.77,40.5617,2.537297,0,89.80765,21.17461,14.22992,97.05822,302.8577,239.1947,0,2,2.362376,283.53,300,0.7,0,0,49.25941,49.25941,1,1,1.003906,1.002804,300,0.9555169,0,0,454.4073,1,0,1,1,19.81586,1.94252,0,1,270,220,0,0,0,1.000192,1.012349,0,1,1,2,50,11.81102,1,1000,6,25,14.732,1,13.0399,1.447563,1.447563,1,0,7,0,13.28087,13.28087,1,1,150,0,0,0,128,30,0,0,30,1,-109.4383,
139.5051,1325.323,41.97813,2.598598,0,89.6646,21.10928,14.29585,97.00741,278.0024,240.1484,0,2,2.175738,285.13,300,0.7,0,0,47.97381,47.97381,1,1,0.9992906,1.003027,300,0.9663832,0,0,454.4073,1,0,1,1,18.95295,1.926038,0,1,270,220,0,0,0,1.000335,1.012219,0,1,1,2,40,11.16625,1,1000,6,25,14.68504,1,13.0399,1.415771,1.415771,1,0,7,0,13.27118,13.27118,1,1,150,0,0,0,127,30,0,0,30,1,-108.0219,
139.6068,1331.676,49.2291,9.739085,0,89.80765,21.14848,14.26884,97.01757,295.2451,251.3638,0,2,3.939542,270.67,300,0.7,0,0,58.46061,113.531,1,1,1.001181,1.002893,300,2.673738,55.0704,1.079169,661.4613,1,0,1,1,19.35894,1.932791,0,1,270,220,0,0,0,1.000192,1.012297,0,1,1,2,30,10.62574,1,1000,6,25,14.72748,1,13.04112,1.615085,1.615085,1,0,7,0,13.10517,13.10517,1,1,150,0,0,0,127,30,0,0,30,1,-100.7709,
139.7072,1422.273,71.48831,11.92449,0,89.71909,21.10928,14.37276,96.9566,294.3635,269.1405,0,2,6.483194,250.97,300,0.7,0,0,72.37823,72.37823,1,1,0.9939065,1.003027,300,2.504825,0,0,661.4613,1,0,1,1,21.41559,1.906809,0,1,270,232,0,0,0,1.000281,1.012219,0,1,1,2,40,11.36364,1,1000,6,25,14.5559,1,13.04204,1.792727,1.792727,1,0,7,0,12.73978,12.73978,1,1,150,0,0,0,128,30,0,0,30,1,-78.51169,
139.8078,1506.629,81.16833,12.79341,0,89.65778,21.12561,14.29676,96.94644,275.8661,282.454,0,2,5.122539,268.38,300,0.7,0,0,73.7388,73.7388,1,1,0.9992266,1.002971,300,2.960253,0,0,661.4613,1,0,1,1,20.77998,1.925809,0,1,270,272,0,0,0,1.000342,1.012251,0,1,1,2,40,12.14575,1,1000,6,25,14.24767,1,13.04112,-0.2515402,-0.2515402,1,0,7,0,14.37842,14.37842,1,1,150,0,0,0,127,30,0,0,30,1,-68.83167,
139.9078,1359.743,92.54807,18.56163,0,89.73272,21.09622,14.2986,96.9566,307.9101,298.8956,0,2,7.841182,237.2,300,0.7,0,0,79.76723,125.2891,1,1,0.9990983,1.003072,300,6.051597,45.52186,0.5652325,214.8183,1,0,1,1,19.04658,1.925351,0,1,270,288,0,0,0,1.000267,1.012192,0,1,1,2,40,11.05651,1,1000,6,25,13.50164,1,13.04112,-0.2384062,-0.2384062,1,0,7,0,13.82768,13.82768,1,1,150,0,0,0,127,30,0,0,30,1,-57.45193,
140.0119,1591.09,95.75465,25.04404,0,89.6646,21.15664,14.36223,96.92612,316.0483,297.6749,0,2,10.11668,227.43,300,0.7,0,0,76.5203,128.4992,1,1,0.9946436,1.002866,300,6.522679,51.97892,0.645408,259.917,1,0,1,1,19.98167,1.909441,0,1,270,272,0,0,0,1.000335,1.012313,0,1,1,2,40,12.12938,1,1000,6,25,13.29237,1,13.04433,-1.09655,-1.09655,1,0,7,0,14.31803,14.31803,1,1,150,0,0,0,127,30,0,0,30,1,-54.24535,
140.1151,1424.028,96.76725,25.02262,0,89.64416,21.12235,14.39108,97.01757,304.3497,294.6613,0,2,6.194522,255.66,300,0.7,0,0,79.32563,79.32563,1,1,0.9926245,1.002982,300,4.090235,0,0,259.917,1,0,1,1,19.09878,1.90223,0,1,270,260,0,0,0,1.000356,1.012245,0,1,1,2,40,12.32877,1,1000,6,25,13.22488,1,13.0399,0.1860504,0.1860504,1,0,8,0,12.90483,12.90483,1,1,150,0,0,0,127,30,0,0,30,1,-53.23275,
140.2152,1697.601,95.07957,30.1695,0,89.72591,21.20074,14.17132,97.04806,324.1186,296.4733,0,2,8.558737,237.17,300,0.7,0,0,76.36452,101.2437,1,1,1.008008,1.002715,300,5.082707,24.87919,0.3133475,104.4492,1,0,1,1,20.52245,1.95717,0,1,270,300,0,0,0,1.000274,1.012401,0,1,1,2,40,12.37964,1,1000,6,25,13.34364,1,13.04143,3.047981,3.047981,1,0,8,0,10.31589,10.31589,1,1,150,0,0,0,127,30,0,0,30,1,-54.92043,
140.3174,1677.665,97.53876,30.60277,0,89.75315,21.13541,14.2084,97.00741,316.2856,294.1844,0,2,7.185997,250.46,300,0.7,0,0,76.93202,76.93202,1,1,1.005412,1.002938,300,4.021067,0,0,104.4492,1,0,1,1,19.95066,1.947899,0,1,270,272,0,0,0,1.000247,1.012271,0,1,1,2,20,14.08451,1,1000,6,25,13.14879,1,13.04265,1.773497,1.773497,1,0,8,0,11.24393,11.24393,1,1,150,0,0,0,127,30,0,0,30,1,-52.46124,
140.4193,1661.406,99.27465,31.51216,0,89.75996,21.16644,14.15117,97.0379,325.6953,308.7377,0,2,6.770227,247.78,300,0.7,0,0,77.33261,77.33261,1,1,1.009418,1.002832,300,3.98171,0,0,104.4492,1,0,1,1,19.02939,1.962207,0,1,270,324,0,0,0,1.00024,1.012333,0,1,1,2,50,13.99689,1,1000,6,25,13.01353,0.9579504,13.04234,1.840768,1.840768,1,0,16,0,11.27761,11.27761,1,1,150,0,0,0,127,30,0,0,30,1,-50.72535,
140.5195,1837.222,98.93712,32.83578,0,89.68503,21.15011,14.18597,97.06837,339.1742,309.1001,0,2,7.593851,244.52,300,0.7,0,0,77.25472,77.25472,1,1,1.006982,1.002888,300,3.9635,0,0,104.4492,1,0,1,1,20.06858,1.953508,0,1,270,296,0,0,0,1.000315,1.0123,0,1,1,2,30,15.12605,1,1000,6,25,13.01702,0.9579504,13.04387,1.007944,1.007944,1,0,16,0,12.01927,12.01927,1,1,150,0,0,0,127,30,0,0,30,1,-51.06288,
140.6196,1778.726,100.0462,32.95958,0,89.73272,21.13215,14.26472,97.0379,333.8504,311.0456,0,2,7.381715,244.55,300,0.7,0,0,77.50806,77.50806,1,1,1.00147,1.002949,300,4.046312,0,0,104.4492,1,0,1,1,19.29877,1.933821,0,1,270,280,0,0,0,1.000267,1.012264,0,1,1,2,10,14.87603,1,1000,6,25,12.93553,0.9579504,13.04112,-0.09222126,-0.09222126,1,0,16,0,13.096,13.096,1,1,150,0,0,0,127,30,0,0,30,1,-49.95384,
140.7209,1923.2,98.93712,33.58091,0,89.71228,21.12235,14.30592,97.01757,352.0934,305.9148,0,2,7.981281,239.52,300,0.7,0,0,77.23976,77.23976,1,1,0.9985856,1.002982,300,3.966218,0,0,104.4492,1,0,1,1,20.49577,1.92352,0,1,270,272,0,0,0,1.000288,1.012245,0,1,1,2,20,16.12903,1,1000,6,25,13.00574,0.9579504,13.04189,-0.5771656,-0.5771656,1,0,16,0,13.54917,13.54917,1,1,150,0,0,0,127,30,0,0,30,1,-51.06288,
140.8224,1963.479,99.72671,33.86421,0,89.69865,21.11581,14.11271,96.90579,357.095,310.9503,0,2,8.410236,239.53,300,0.7,0,0,77.43097,77.43097,1,1,1.01211,1.003005,300,4.088873,0,0,104.4492,1,0,1,1,20.42768,1.971821,0,1,270,268,0,0,0,1.000301,1.012232,0,1,1,2,30,16.27486,1,1000,6,25,12.93035,0.9716487,13.04234,-0.7498207,-0.7498207,1,0,16,0,13.64813,13.64813,1,1,150,0,0,0,127,30,0,0,30,1,-50.27329,
140.9232,2026.206,99.9678,34.71409,0,89.71228,21.14685,14.35811,97.01757,365.6909,301.9474,0,2,8.374983,237.9,300,0.7,0,0,77.49148,77.49148,1,1,0.9949321,1.002899,300,4.110451,0,0,104.4492,1,0,1,1,20.65922,1.910472,0,1,270,336,0,0,0,1.000288,1.012294,0,1,1,2,20,16.42336,1,1000,6,25,12.9029,0.9716487,13.04295,-0.4249496,-0.4249496,1,0,16,0,13.48082,13.48082,1,1,150,0,0,0,127,30,0,0,30,1,-50.0322,
141.0289,2142.857,101.1793,35.1307,0,89.64416,21.10438,14.51561,96.97692,372.8118,308.5851,0,2,9.160714,234.18,300,0.7,0,0,77.72533,77.72533,1,1,0.9839074,1.003044,300,4.184495,0,0,104.4492,1,0,1,1,20.79205,1.880732,0,1,270,284,0,0,0,1.000356,1.012209,0,1,1,2,40,17.61253,1,1000,6,25,12.86855,0.9716487,13.04418,-0.5858631,-0.5858631,1,0,16,0,13.47113,13.47113,1,1,150,0,0,0,127,30,0,0,30,1,-48.82069,
141.1293,2167.473,100.0401,35.04737,0,89.54879,21.08315,14.39108,96.75337,357.5867,301.8712,0,2,9.512038,230.83,300,0.7,0,0,77.50775,77.50775,1,1,0.9926245,1.003116,300,4.177828,0,0,104.4492,1,0,1,1,21.24726,1.90223,0,1,270,320,0,0,0,1.000451,1.012166,0,1,1,2,40,17.82178,1,1000,6,25,12.89893,0.9861007,13.04494,-0.5384445,-0.5384445,1,0,16,0,13.38289,13.38289,1,1,150,0,0,0,127,30,0,0,30,1,-49.95987,
141.2349,2247.865,103.307,35.22592,0,89.72591,21.08315,14.29814,97.04806,379.3732,310.2064,0,2,9.965533,227.64,300,0.7,0,0,78.16081,78.16081,1,1,0.9991304,1.003116,300,4.379415,0,0,104.4492,1,0,1,1,20.63171,1.925465,0,1,270,316,0,0,0,1.000274,1.012166,0,1,1,2,40,18.63354,1,1000,6,25,12.81181,0.9861007,13.04234,-0.3620663,-0.3620663,1,0,16,0,13.19687,13.19687,1,1,150,0,0,0,127,30,0,0,30,1,-46.69302,
141.34,2309.824,103.6385,35.25449,0,89.63054,21.10928,14.44236,96.79402,378.9663,308.9666,0,2,10.5097,223.31,300,0.7,0,0,78.62159,78.62159,1,1,0.9890351,1.003027,300,4.454114,0,0,104.4492,1,0,1,1,20.82587,1.892941,0,1,270,280,0,0,0,1.000369,1.012219,0,1,1,2,40,19.27195,1,1000,6,25,12.80297,0.9931096,13.04326,-0.2414198,-0.2414198,1,0,16,0,13.03732,13.03732,1,1,150,0,0,0,127,30,0,0,30,1,-46.36151,
141.442,2377.367,104.1508,35.32114,0,89.57604,21.09132,14.17178,96.78386,380.8821,310.0347,0,2,11.03495,218.96,300,0.7,0,0,79.17272,79.17272,1,1,1.007976,1.003088,300,4.512686,0,0,104.4492,1,0,1,1,21.00011,1.957056,0,1,270,284,0,0,0,1.000424,1.012183,0,1,1,2,30,19.73684,1,1000,6,25,12.78931,0.9931096,13.04479,-0.0846529,-0.0846529,1,0,16,0,12.85211,12.85211,1,1,150,0,0,0,127,30,0,0,30,1,-45.84917,
141.5432,2464.875,102.9212,35.78536,0,89.72591,21.17134,14.0999,96.87531,378.9832,308.6614,0,2,11.35897,217.84,300,0.7,0,0,79.48968,79.48968,1,1,1.013007,1.002815,300,4.464636,0,0,104.4492,1,0,1,1,21.75117,1.975026,0,1,270,272,0,0,0,1.000274,1.012343,0,1,1,2,30,20.36199,1,1000,6,25,12.8221,0.9931096,13.0399,0.2658834,0.2658834,1,0,16,0,12.52889,12.52889,1,1,150,0,0,0,127,30,0,0,30,1,-47.07877,
141.6434,2528.445,106.0253,36.02581,0,89.62373,21.06355,14.20062,96.86515,389.2746,311.5416,0,2,11.63085,217.03,300,0.7,0,0,80.57867,80.57867,1,1,1.005957,1.003183,300,4.661018,0,0,104.4492,1,0,1,1,21.25223,1.949845,0,1,270,280,0,0,0,1.000376,1.012127,0,1,1,2,20,20.83333,1,1000,6,25,12.73932,0.9861755,13.04494,0.5028505,0.5028505,1,0,16,0,12.29402,12.29402,1,1,150.1519,0,0,0,127,30,0,0,30,1,-44.1266,
141.7437,2597.178,104.4522,35.64253,0,89.56923,21.13868,14.20062,96.8245,379.2884,307.536,0,2,12.35824,211.57,300,0.7,0,0,80.69344,80.69344,1,1,1.005957,1.002927,300,4.583068,0,0,104.4492,1,0,1,1,22.06736,1.949845,0,1,270,268,0,0,0,1.000431,1.012277,0,1,1,2,30,21.58273,1,1000,6,25,12.78127,0.9861755,13.04051,0.5459976,0.5459976,1,0,16,0,12.1869,12.1869,1,1,150.5067,0,0,0,127,30,0,0,30,1,-46.0545,
141.8438,2645.969,106.616,34.94977,0,89.49429,21.06355,14.30317,96.91595,385.1208,311.7514,0,2,12.5022,208.73,300,0.7,0,0,81.50178,81.50178,1,1,0.9987778,1.003183,300,4.684179,0,0,104.4492,1,0,1,1,21.80452,1.924206,0,1,270,296,0,0,0,1.000506,1.012127,0,1,1,2,10,22.11302,1,1000,6,25,12.71438,0.9723883,13.04295,0.4851704,0.4851704,1,0,16,0,12.23017,12.23017,1,1,150.7274,0,0,0,127,30,0,0,30,1,-44.11137,
141.9461,2741.479,104.2593,31.70261,0,89.58285,21.15501,14.28303,96.91595,390.6649,309.4243,0,2,12.99918,205.05,300,0.7,0,0,81.60632,81.60632,1,1,1.000188,1.002871,300,4.569789,0,0,104.4492,1,0,1,1,22.95075,1.929242,0,1,270,288,0,0,0,1.000417,1.01231,0,1,1,2,20,22.55639,1,1000,6,25,12.75812,0.9723883,13.0428,0.4419718,0.4419718,1,0,16,0,12.27131,12.27131,1,1,150.942,0,0,0,127,30,0,0,30,1,-46.68267,
142.051,2822.732,105.724,28.11503,0,89.60329,21.10928,14.42038,97.02773,398.4978,312.4762,0,2,12.93752,208,300,0.7,0,0,82.25259,82.25259,1,1,0.9905734,1.003027,300,4.64312,0,0,104.4492,1,0,1,1,23.07854,1.896603,0,1,270,256,0,0,0,1.000397,1.012219,0,1,1,2,30,23.4375,1,1000,6,25,12.70281,0.9624161,13.04234,0.4478073,0.4478073,1,0,16,0,12.30644,12.30644,1,1,150.873,0,0,0,127,30,0,0,30,1,-45.14902,
142.1557,2891.845,102.4993,21.16364,0,89.65097,21.10765,14.07975,97.11919,405.0083,312.3427,0,2,12.70002,209.35,300,0.7,0,0,81.26427,81.26427,1,1,1.014417,1.003033,300,4.422089,0,0,104.4492,1,0,1,1,24.21707,1.980062,0,1,270,252,0,0,0,1.000349,1.012215,0,1,1,2,20,24.12869,1,1000,6,25,12.77498,0.9624161,13.04982,0.428607,0.428607,1,0,16,0,12.40842,12.40842,1,1,150.152,0,0,0,127,30,0,0,30,1,-47.65268,
142.2575,2924.262,93.03026,17.61177,0,89.6646,21.05539,14.36178,97.04806,404.7879,297.4651,0,2,10.96598,218.62,300,0.7,0,0,78.86636,78.86636,1,1,0.9946756,1.003211,300,3.616122,0,0,104.4492,1,0,1,1,26.40108,1.909556,0,1,270,260,0,0,0,1.000335,1.012111,0,1,1,2,20,24.25876,1,1000,6,25,13.50762,0.9446599,13.04418,1.220416,1.220416,1,0,16,0,12.42213,12.42213,1,1,150,0,0,0,126,30,0,0,30,1,-56.96974,
142.3604,3002.702,89.96834,15.22164,0,89.51473,21.04395,14.3398,96.8245,405.2118,296.3207,0,2,10.65959,221.28,300,0.7,0,0,77.74863,77.74863,1,1,0.996214,1.00325,300,3.374596,0,0,104.4492,1,0,1,1,27.39068,1.91505,0,1,270.054,292,0,0,0,1.000485,1.012088,0,1,1,2,30,24.86188,1,1000,6,25,13.8019,0.9446599,13.04356,1.074319,1.074319,1,0,16,0,12.82414,12.82414,1,1,150,0,0,0,127,30,0,0,30,1,-60.03166,
142.4615,3058.104,74.87571,12.44108,0,89.58966,21.08315,14.38009,96.80418,401.4988,275.2632,0,2,8.817533,235.12,300,0.7,0,0,72.72925,72.72925,1,1,0.9933937,1.003116,300,2.423871,0,0,104.4492,1,0,1,1,31.68276,1.904977,0,1,271.1621,264,0,0,0,1.00041,1.012166,0,1,1,2,20,25.56818,1,1000,6,25,14.55373,0.9191531,13.04372,1.182879,1.182879,1,0,16,0,13.34463,13.34463,1,1,150,0,0,0,127,30,0,0,30,1,-75.12429,
142.5647,3083.248,80.74038,17.657,0,89.69865,21.10928,14.18414,96.94644,411.6375,283.1979,0,2,11.17677,216.35,300,0.7,0,0,74.51179,101.3537,1,1,1.00711,1.003027,300,3.692157,26.84192,0.3650663,159.0179,1,0,1,1,29.8147,1.953966,0,1,271.6649,252,0,0,0,1.000301,1.012219,0,1,1,2,30,25.64103,1,1000,6,25,14.35558,0.9191531,13.0399,1.00989,1.00989,1,0,16,0,13.40533,13.40533,1,1,150,0,0,0,127,30,0,0,30,1,-69.25962,
142.6651,3251.328,90.03464,20.96129,0,89.74634,21.06845,14.25922,97.0887,412.8413,291.3615,0,2,13.70976,201.48,300,0.7,0,0,76.61926,89.76606,1,1,1.001854,1.003166,300,4.127991,13.14681,0.1726747,75.36438,1,0,1,1,28.24784,1.935194,0,1,275.0266,240,0,0,0,1.000254,1.012137,0,1,1,2,20,26.78572,1,1000,6,25,13.79654,1,13.04234,0.1863689,0.1863689,1,0,8,0,13.66037,13.66037,1,1,150.2408,0,0,0,126,30,0,0,30,1,-60.20612,
142.7696,3213.368,89.79957,19.18536,0,89.72591,21.11418,14.20062,97.2208,406.2291,290.3124,0,2,12.07691,212.58,300,0.7,0,0,76.72758,76.72758,1,1,1.005957,1.00301,300,3.515087,0,0,75.36438,1,0,1,1,28.16116,1.949845,0,1,274.2674,288,0,0,0,1.000274,1.012228,0,1,1,2,20,27.10843,1,1000,6,25,13.81203,1,13.03929,1.159543,1.159543,1,0,8,0,12.65176,12.65176,1,1,150,0,0,0,126,30,0,0,30,1,-60.20043,
142.8717,3290.556,90.6193,20.9232,0,89.63054,21.03089,14.26655,97.0379,417.792,292.792,0,2,13.18965,204.51,300,0.7,0,0,76.61007,87.10204,1,1,1.001342,1.003294,300,3.950152,10.49197,0.1376112,61.82922,1,0,1,1,28.2703,1.933363,0,1,275.8111,256,0,0,0,1.000369,1.012062,0,1,1,2,20,27.19033,1,1000,6,25,13.73807,0.9755062,13.04479,0.5555401,0.5555401,1,0,16,0,13.30892,13.30892,1,1,150.2433,0,0,0,125,30,0,0,30,1,-59.62399,
142.9717,3395.201,92.72889,21.65405,0,89.53516,20.97863,14.31004,96.93628,405.144,298.1518,0,2,12.66682,208.18,300,0.7,0,0,76.7832,76.7832,1,1,0.9982972,1.003472,300,3.619432,0,0,61.82922,1,0,1,1,28.22217,1.92249,0,1,277.904,272,0,0,0,1.000465,1.011957,0,1,1,2,10,27.95031,1,1000,6,25,13.52711,0.9755062,13.04112,-0.1974211,-0.1974211,1,0,16,0,13.90113,13.90113,1,1,150.4936,0,0,0,126,30,0,0,30,1,-57.76467,
143.072,3402.132,91.45108,22.04923,0,89.64416,20.97863,14.27387,97.04806,411.6036,299.7349,0,2,13.23996,205.67,300,0.7,0,0,76.38289,76.38289,1,1,1.000829,1.003472,300,3.527533,0,0,61.82922,1,0,1,1,28.49743,1.931532,0,1,278.0426,264,0,0,0,1.000356,1.011957,0,1,1,2,30,28.21317,1,1000,6,25,13.65489,0.9783349,13.04295,-0.3420172,-0.3420172,1,0,16,0,13.80524,13.80524,1,1,150.6162,0,0,0,126,30,0,0,30,1,-59.16515,
143.1739,3484.725,86.52066,14.69314,0,89.58285,21.06192,14.25235,97.0379,411.7732,289.3015,0,2,12.13846,211.69,300,0.7,0,0,75.34555,75.34555,1,1,1.002335,1.003188,300,3.209007,0,0,61.82922,1,0,1,1,29.75498,1.936911,0,1,279.6945,296,0,0,0,1.000417,1.012124,0,1,1,2,30,28.93891,1,1000,6,25,14.00876,0.9784325,13.04234,0.13832,0.13832,1,0,16,0,13.89756,13.89756,1,1,150,0,0,0,125,30,0,0,30,1,-63.47934,
143.2777,3382.95,49.88609,0.1064524,0,89.48067,21.02109,14.22992,96.90579,403.9741,253.6717,0,2,6.653135,253.02,300,0.7,0,0,56.79519,56.79519,1,1,1.003906,1.003328,300,1.302753,0,0,61.82922,1,0,1,1,40.37526,1.94252,0,1,277.659,264,0,0,0,1.000519,1.012042,0,1,1,2,20,28.66242,1,1000,6,25,15,0.9784325,13.04234,1.63537,1.63537,1,0,16,0,13.35534,13.35534,1,1,150,0,0,0,126,30,0,0,30,1,-100.1139,
143.3798,3376.857,28.06085,0,0,89.56242,21.03089,14.31782,96.92612,415.7236,226.9303,0,2,4.10851,270.27,300,0.7,0,0,36.4642,36.4642,1,1,0.9977523,1.003294,300,0.4481691,0,0,61.82922,1,0,1,1,40.25806,1.920544,0,1,277.5371,248,0,0,0,1.000438,1.012062,0,1,1,2,20,28.30189,1,1000,6,25,15,0.9321278,13.04418,3.234952,3.234952,1,0,16,0,11.76505,11.76505,1,1,150,0,0,0,126,30,0,0,30,1,-121.9391,
143.4801,3585.943,22.29263,0.04043525,0,89.56923,20.97536,14.33522,96.92612,412.4174,221.6278,0,2,3.884772,271.59,300,0.7,0,0,31.69524,31.69524,1,1,0.9965345,1.003484,300,0.3095002,0,0,61.82922,1,0,1,1,39.89643,1.916194,0,1,283.4377,252,0,0,0,1.000431,1.011951,0,1,1,2,40,29.70297,1,1000,6,25,15,0.9321278,13.04326,4.637426,4.637426,1,0,16,0,10.36257,10.36257,1,1,150,0,0,0,125,30,0,0,30,1,-127.7074,
143.5803,3483.511,20.27345,0,0,89.53516,20.99169,14.26472,96.90579,409.603,218.1563,0,2,3.570599,274.25,300,0.7,0,0,29.37326,29.37326,1,1,1.00147,1.003428,300,0.2338229,0,0,61.82922,1,0,1,1,39.65738,1.933821,0,1,279.6702,244,0,0,0,1.000465,1.011983,0,1,1,2,30,29.03226,1,1000,6,25,15,0.8355497,13.04418,5.162366,5.162366,1,0,16,0,9.837634,9.837634,1,1,150,0,0,0,125,30,0,0,30,1,-129.7265,
143.6813,3304.693,19.52605,0.01921546,0,89.52155,20.99169,14.25922,96.91595,405.8221,217.3171,0,2,3.332232,275.7,300,0.7,0,0,28.97519,28.97519,1,1,1.001854,1.003428,300,0.2658774,0,0,61.82922,1,0,1,1,39.43789,1.935194,0,1,276.0938,240,0,0,0,1.000479,1.011983,0,1,1,2,30,27.86378,1,1000,6,25,15,1,13.04234,5.190248,5.190248,1,0,6,0,9.809752,9.809752,1,1,150,0,0,0,126,30,0,0,30,1,-130.474,
143.7847,3480.278,19.01975,0,0,89.64416,20.97863,14.23908,97.0379,424.6247,216.2108,0,2,3.596288,274.11,300,0.7,0,0,28.296,28.296,1,1,1.003265,1.003472,300,0.2528864,0,0,61.82922,1,0,1,1,39.52369,1.940231,0,1,279.6056,264,0,0,0,1.000356,1.011957,0,1,1,2,20,28.75399,1,1000,6,25,15,1,13.04356,4.775987,4.775987,1,0,6,0,10.22401,10.22401,1,1,150,0,0,0,125,30,0,0,30,1,-130.9803,
143.886,3407.542,18.78468,0,0,89.59647,20.99169,14.18139,97.09886,415.1471,216.4588,0,2,3.549523,275.28,300,0.7,0,0,27.69557,27.69557,1,1,1.007303,1.003428,300,0.2444682,0,0,61.82922,1,0,1,1,39.44945,1.954652,0,1,278.1508,260,0,0,0,1.000404,1.011983,0,1,1,2,30,28.66242,1,1000,6,25,15,1,13.04479,3.621335,3.621335,1,0,6,0,11.37866,11.37866,1,1,150,0,0,0,126,30,0,0,30,1,-131.2153,
143.9888,3283.354,18.24824,0,0,89.63054,21.03089,14.20108,97.09886,406.7547,216.1536,0,2,3.365437,275.03,300,0.7,0,0,28.01688,28.01688,1,1,1.005925,1.003294,300,0.2402204,0,0,61.82922,1,0,1,1,39.32369,1.949731,0,1,275.6671,244,0,0,0,1.000369,1.012062,0,1,1,2,20,27.52294,1,1000,6,25,15,1,13.04173,0.6545172,0.6545172,1,0,6,0,14.34548,14.34548,1,1,150,0,0,0,126,30,0,0,30,1,-131.7518,
144.0901,3348.214,18.53153,0,0,89.52155,20.86594,14.32194,96.87531,406.3647,216.3253,0,2,3.459821,274.6,300,0.7,0,0,27.80757,27.80757,1,1,0.9974639,1.003857,300,0.2422104,0,0,61.82922,1,0,1,1,39.38726,1.919514,0,1,276.9643,260,0,0,0,1.000479,1.011732,0,1,1,2,90,27.60736,1,1000,6,25,15,1,13.04479,-7.06011,-7.06011,1,0,6,0,22.06011,22.06011,1,1,150,0,0,0,126,30,0,0,30,1,-131.4685,
144.1923,3285.511,18.07344,0.009784449,0,89.52155,20.98353,14.20794,97.01757,409.8743,215.1617,0,2,3.395028,275.73,300,0.7,0,0,27.8494,27.8494,1,1,1.005444,1.003456,300,0.2365389,0,0,61.82922,1,0,1,1,39.31163,1.948014,0,1,275.7102,244,0,0,0,1.000479,1.011967,0,1,1,2,30,27.43903,1,1000,6,25,15,1,13.04479,-17.11441,-17.11441,1,0,6,0,32.11441,32.11441,1,1,150,0,0,0,126,30,0,0,30,1,-131.9266,
144.2929,3254.502,17.83837,0.02864648,0,89.4398,20.82184,14.3897,96.92612,407.3141,215.8103,0,2,3.335865,275.34,300,0.7,0,0,27.85529,27.85529,1,1,0.9927207,1.004008,300,0.2335845,0,0,61.82922,1,0,1,1,39.27664,1.902574,0,1,275.09,264,0,0,0,1.00056,1.011644,0,1,1,2,30,27.27273,1,1000,6,25,15,1,13.0454,-28.01851,-28.01851,1,0,6,0,43.01851,43.01851,1,1,150,0,0,0,126,30,0,0,30,1,-132.1616,
144.3936,3243.594,17.71783,0.02864648,0,89.54879,20.82021,14.30501,96.97692,403.9233,216.4778,0,2,3.324684,276.09,300,0.7,0,0,27.8226,27.8226,1,1,0.9986497,1.004013,300,0.2317091,0,0,61.82922,1,0,1,1,39.26216,1.923749,0,1,274.8719,232,0,0,0,1.000451,1.01164,0,1,1,2,20,27.10843,1,1000,6,25,15,1,13.0457,-37.81168,-37.81168,1,0,6,0,52.81168,52.81168,1,1,150,0,0,0,126,30,0,0,30,1,-132.2822,
144.494,3170.912,17.34413,0.0121422,0,89.54879,20.88717,14.29448,96.99725,407.4667,213.5214,0,2,3.223761,276.36,300,0.7,0,0,27.97344,27.97344,1,1,0.9993867,1.003785,300,0.22803,0,0,61.82922,1,0,1,1,39.20108,1.926381,0,1,273.4182,252,0,0,0,1.000451,1.011774,0,1,1,2,20,26.39296,1,1000,6,25,15,1,13.04616,-45.44217,-45.44217,1,0,6,0,60.44217,60.44217,1,1,150,0,0,0,126,30,0,0,30,1,-132.6559,
144.5957,3119.152,17.35015,0.007426695,0,89.45342,20.89697,14.4277,96.9566,405.0931,213.7503,0,2,3.171137,277.15,300,0.7,0,0,28.32247,28.32247,1,1,0.9900607,1.003751,300,0.2309742,0,0,61.82922,1,0,1,1,39.17667,1.895382,0,1,272.383,252,0,0,0,1.000547,1.011794,0,1,1,2,40,25.9366,1,1000,6,25,15,1,13.04585,-57.01483,-57.01483,1,0,6,0,72.01483,72.01483,1,1,150,0,0,0,126,30,0,0,30,1,-132.6498,
144.6971,3095.017,17.22961,0,0,89.48067,20.92636,14.39108,97.0379,402.3635,216.4016,0,2,3.146601,277.41,300,0.7,0,0,28.36963,28.36963,1,1,0.9926245,1.003651,300,0.2297354,0,0,61.82922,1,0,1,1,39.15918,1.90223,0,1,271.9003,240,0,0,0,1.000519,1.011853,0,1,1,2,30,25.64103,1,1000,6,25,15,1,13.04418,-61.34525,-61.34525,1,0,6,0,76.34525,76.34525,1,1,150,0,0,0,126,30,0,0,30,1,-132.7704,
144.7987,3012.956,17.2055,0.02157322,0,89.42617,20.90023,14.37643,96.91595,399.5829,214.4942,0,2,3.113388,277.72,300,0.7,0,0,28.88761,28.88761,1,1,0.9936501,1.00374,300,0.233624,0,0,61.82922,1,0,1,1,39.12041,1.905893,0,1,270.2591,256,0,0,0,1.000574,1.0118,0,1,1,2,40,25.35211,1,1000,6,25,15,1,13.04631,-73.01753,-73.01753,1,0,6,0,88.01753,88.01753,1,1,150,0,0,0,127,30,0,0,30,1,-132.7945,
144.8991,2950.143,17.27782,0.03336199,0,89.41255,20.9035,14.19879,96.87531,395.5478,215.1808,0,2,3.048481,277.33,300,0.7,0,0,29.3728,29.3728,1,1,1.006085,1.003729,300,0.2385487,0,0,61.82922,1,0,1,1,38.63175,1.950303,0,1,270,248,0,0,0,1.000587,1.011807,0,1,1,2,40,24.65753,1,1000,6,25,15,1,13.04646,-80.90508,-80.90508,1,0,6,0,95.90508,95.90508,1,1,150,0,0,0,127,30,0,0,30,1,-132.7222,
144.9996,2903.039,17.32002,0.007426695,0,89.4398,20.8741,14.34026,97.04806,397.6671,217.3934,0,2,2.975615,278.49,300,0.7,0,0,29.7266,29.7266,1,1,0.996182,1.003829,300,0.2420151,0,0,61.82922,1,0,1,1,38.17445,1.914935,0,1,270,236,0,0,0,1.00056,1.011748,0,1,1,2,20,24.25876,1,1000,6,25,15,1,13.0457,-84.99255,-84.99255,1,0,6,0,99.99255,99.99255,1,1,150,0,0,0,127,30,0,0,30,1,-132.68,
145.0997,2804.525,17.49481,0.07580156,0,89.37849,20.89697,14.47532,96.97692,393.3437,212.3388,0,2,2.898009,279.24,300,0.7,0,0,30.56068,30.56068,1,1,0.9867276,1.003751,300,0.2513239,0,0,61.82922,1,0,1,1,37.219,1.887447,0,1,270,220,0,0,0,1.000622,1.011794,0,1,1,2,40,23.4987,1,1000,6,25,15,1,13.04723,-90.26159,-90.26159,1,0,6,0,105.2616,105.2616,1,1,150,0,0,0,127,30,0,0,30,1,-132.5052,
145.2006,2727.273,17.74796,0.03100424,0,89.43298,20.90187,14.45746,96.97692,398.0231,215.8103,0,2,2.818182,280.13,300,0.7,0,0,30.36704,30.36704,1,1,0.9879775,1.003734,300,0.2533295,0,0,61.82922,1,0,1,1,36.46994,1.890423,0,1,270,236,0,0,0,1.000567,1.011804,0,1,1,2,40,22.72727,1,1000,6,25,15,1,13.04585,-93.16756,-93.16756,1,0,6,0,108.1676,108.1676,1,1,150,0,0,0,127,30,0,0,30,1,-132.252,
145.3055,2646.67,18.39289,0,0,89.54198,20.9182,14.2812,96.97692,384.9682,219.9111,0,2,2.756948,280.32,300,0.7,0,0,30.48544,30.48544,1,1,1.000316,1.003679,300,0.2635238,0,0,61.82922,1,0,1,1,35.68938,1.9297,0,1,270,248,0,0,0,1.000458,1.011836,0,1,1,2,30,22.11302,1,1000,6,25,15,1,13.0399,-101.731,-101.731,1,0,6,0,116.731,116.731,1,1,150,0,0,0,127,30,0,0,30,1,-131.6071,
145.4055,2536.998,18.70632,0,0,89.54198,20.95086,14.29951,97.09886,385.9854,218.1945,0,2,2.663848,281.08,300,0.7,0,0,30.05846,30.05846,1,1,0.9990342,1.003567,300,0.2642483,0,0,61.82922,1,0,1,1,34.61392,1.925122,0,1,270,236,0,0,0,1.000458,1.011902,0,1,1,2,30,21.37767,1,1000,6,25,15,1,13.04234,-115.7565,-115.7565,1,0,6,0,130.7565,130.7565,1,1,150,0,0,0,127,30,0,0,30,1,-131.2937,
145.5103,2426.399,19.59235,0,0,89.58966,20.84797,14.03717,97.09886,381.0178,216.4206,0,2,2.567939,281.84,300,0.7,0,0,30.18588,30.18588,1,1,1.017398,1.003919,300,0.2779652,0,0,61.82922,1,0,1,1,33.16819,1.990707,0,1,270,216,0,0,0,1.00041,1.011696,0,1,1,2,40,20.22472,1,1000,6,25,15,1,13.04234,-103.5656,-103.5656,1,0,6,0,118.5656,118.5656,1,1,150,0,0,0,127,30,0,0,30,1,-130.4077,
145.6122,2317.139,19.82742,0,0,89.5556,20.8741,14.16033,97.2208,374.3716,220.1972,0,2,2.471615,282.46,300,0.7,0,0,29.66085,29.66085,1,1,1.008777,1.003829,300,0.2764067,0,0,61.82922,1,0,1,1,31.55303,1.959917,0,1,270,220,0,0,0,1.000444,1.011748,0,1,1,2,50,19.65066,1,1000,6,25,15,1,13.04601,-111.1996,-111.1996,1,0,6,0,126.1996,126.1996,1,1,150,0,0,0,127,30,0,0,30,1,-130.1726,
145.7143,2203.776,20.24331,0.01685771,0,89.46705,20.88717,14.2844,97.04806,370.7773,220.655,0,2,2.460883,282.28,300,0.7,0,0,30.52942,30.52942,1,1,1.000092,1.003785,300,0.3485864,0,0,61.82922,1,0,1,1,29.85467,1.928899,0,1,270,216,0,0,0,1.000533,1.011774,0,1,1,2,50,18.59504,1,1000,6,25,15,1.2,13.04601,-89.68677,-89.68677,1,0,16,0,104.6868,104.6868,1,1,150,0,0,0,127,30,0,0,30,1,-129.7567,
145.8179,2112.974,20.40002,0.02864648,0,89.48067,20.88064,14.27387,97.0379,357.8919,220.8076,0,2,2.412312,282.93,300,0.7,0,0,32.51999,32.51999,1,1,1.000829,1.003807,300,0.3741877,0,0,61.82922,1,0,1,1,28.49436,1.931532,0,1,270,196,0,0,0,1.000519,1.011761,0,1,1,2,20,17.85714,1,1000,6,25,15,1.2,13.0454,-76.08316,-76.08316,1,0,16,0,91.08316,91.08316,1,1,150,0,0,0,128,30,0,0,30,1,-129.6,
145.9213,2003.473,20.48441,0.03571974,0,89.48067,20.86757,14.31096,97.05822,358.2818,221.7422,0,2,2.320689,283.5,300,0.7,0,0,34.82479,34.82479,1,1,0.998233,1.003852,300,0.4023726,0,0,61.82922,1,0,1,1,26.85695,1.922261,0,1,270,216,0,0,0,1.000519,1.011735,0,1,1,2,20,16.82243,1,1000,6,25,15,1.2,13.04616,-86.26993,-86.26993,1,0,16,0,101.2699,101.2699,1,1,150,0,0,0,127,30,0,0,30,1,-129.5156,
146.0233,1913.265,20.48441,0,0,89.46705,20.87084,14.05228,97.05822,335.1898,219.3771,0,2,2.26403,283.91,300,0.7,0,0,36.65112,36.65112,1,1,1.01634,1.00384,300,0.4247061,0,0,61.82922,1,0,1,1,25.79821,1.98693,0,1,270,200,0,0,0,1.000533,1.011742,0,1,1,2,30,15.9292,1,1000,6,25,14.95663,1.2,13.04479,-75.04079,-75.04079,1,0,16,0,89.99743,89.99743,1,1,150,0,0,0,127,30,0,0,30,1,-129.5156,
146.1252,1787.843,21.67783,0.007426695,0,89.50792,20.82021,14.18093,97.06837,331.2564,222.8676,0,2,2.219905,284.42,300,0.7,0,0,40.0532,40.0532,1,1,1.007335,1.004013,300,0.4932525,0,0,61.82922,1,0,1,1,24.26838,1.954767,0,1,270,204,0,0,0,1.000492,1.01164,0,1,1,2,40,15.38461,1,1000,6,25,14.89392,1.2,13.04479,-74.11353,-74.11353,1,0,16,0,89.00745,89.00745,1,1,150,0,0,0,127,30,0,0,30,1,-128.3222,
146.2263,1668.428,22.13591,0.009784449,0,89.4398,20.78918,14.3746,97.07854,316.8621,220.5215,0,2,2.127245,284.85,300,0.7,0,0,41.93451,41.93451,1,1,0.9937783,1.004119,300,0.5295152,0,0,61.82922,1,0,1,1,22.89592,1.906351,0,1,270,216,0,0,0,1.00056,1.011578,0,1,1,2,30,14.24051,1,1000,5,27.1,14.83421,1.2,13.0454,-71.01184,-71.01184,1,0,16,0,85.84605,85.84605,1,1,150,0,0,0,128,30,0,0,30,1,-127.8641,
146.3268,1568.299,24.04058,0,0,89.4398,20.8741,14.13469,97.04806,310.2837,224.2027,0,2,2.117204,285.15,300,0.7,0,0,45.00951,45.00951,1,1,1.010572,1.003829,300,0.6192619,0,0,61.82922,1,0,1,1,21.74094,1.966327,0,1,270,204,0,0,0,1.00056,1.011748,0,1,1,2,40,13.21586,1,1000,5,27.1,14.78415,1.2,13.04585,-49.82417,-49.82417,1,0,16,0,64.60832,64.60832,1,1,150,0,0,0,128,30,0,0,30,1,-125.9594,
146.4272,1520.758,24.81208,0.0380775,0,89.43298,20.80877,14.38696,97.09886,305.8247,223.9929,0,2,2.065697,285.08,300,0.7,0,0,45.08801,45.08801,1,1,0.992913,1.004052,300,0.6413447,0,0,61.82922,1,0,1,1,21.22176,1.903261,0,1,270,216,0,0,0,1.000567,1.011618,0,1,1,2,40,12.62272,1,1000,5,27.1,14.76038,1.2,13.04768,-34.50859,-34.50859,1,0,16,0,49.26897,49.26897,1,1,150,0,0,0,128,30,0,0,30,1,-125.1879,
146.5292,1391.466,26.03564,0.0121422,0,89.37849,20.86104,14.30317,97.10902,290.837,225.4044,0,2,1.913265,286.57,300,0.7,0,0,43.87524,43.87524,1,1,0.9987778,1.003874,300,0.6575468,0,0,61.82922,1,0,1,1,20.13173,1.924206,0,1,270,204,0,0,0,1.000622,1.011722,0,1,1,2,50,12.16216,1,1000,5,27.1,14.7,1.2,13.04311,-22.12436,-22.12436,1,0,16,0,36.82436,36.82436,1,1,150,0,0,0,127,30,0,0,30,1,-123.9644,
146.6341,1257.071,27.75346,0.03571974,0,89.3853,20.76958,14.25419,97.04806,279.5453,224.9084,0,2,1.770375,287.74,300,0.7,0,0,43.12201,43.12201,1,1,1.002207,1.004186,300,0.6889831,0,0,61.82922,1,0,1,1,19.05657,1.936453,0,1,270,196,0,0,0,1.000615,1.011539,0,1,1,2,10,11.45038,1,1000,5,27.1,14.7,1.2,13.04601,-15.32199,-15.32199,1,0,16,0,30.02199,30.02199,1,1,150,0,0,0,127,30,0,0,30,1,-122.2465,
146.7343,1231.224,28.68168,0.01685771,0,89.41255,20.81857,14.43503,97.00741,273.4077,227.388,0,2,1.764754,286.41,300,0.7,0,0,43.58924,43.58924,1,1,0.9895479,1.004019,300,0.7196712,0,0,61.82922,1,0,1,1,18.82727,1.894162,0,1,270,216,0,0,0,1.000587,1.011637,0,1,1,2,50,10.58823,1,1000,5,27.1,14.7,1.2,13.04799,-8.850559,-8.850559,1,0,16,0,23.55056,23.55056,1,1,150,0,0,0,127,30,0,0,30,1,-121.3183,
146.8343,1334.401,29.6099,0.009784449,0,89.33762,20.81367,14.50096,97.0379,296.771,229.4861,0,2,1.934881,285.85,300,0.7,0,0,45.06704,45.06704,1,1,0.984933,1.004036,300,0.7682131,0,0,61.82922,1,0,1,1,19.5983,1.883174,0,1,270,212,0,0,0,1.000662,1.011627,0,1,1,2,40,10.81731,1,1000,5,27.1,14.7,1.2,13.04677,-5.135416,-5.135416,1,0,16,0,19.83542,19.83542,1,1,150,0,0,0,127,30,0,0,30,1,-120.3901,
146.9353,1343.063,29.33264,0.0003534328,0,89.48067,20.86104,14.02115,97.14967,288.8363,225.8621,0,2,1.99221,285.7,300,0.7,0,0,45.01046,45.01046,1,1,1.01852,1.003874,300,0.7599043,0,0,61.82922,1,0,1,1,19.67919,1.994713,0,1,270,220,0,0,0,1.000519,1.011722,0,1,1,2,40,11.11111,1,1000,5,27.1,14.7,1.2,13.04585,-2.655413,-2.655413,1,0,16,0,17.35541,17.35541,1,1,150,0,0,0,127,30,0,0,30,1,-120.6674,
147.037,1217.73,29.10962,0.04750851,0,89.39893,20.82184,14.04496,97.01757,266.7277,232.0039,0,2,1.775856,287.32,300,0.7,0,0,43.8402,43.8402,1,1,1.016853,1.004008,300,0.7346209,0,0,61.82922,1,0,1,1,18.70733,1.988761,0,1,270,216,0,0,0,1.000601,1.011644,0,1,1,2,40,10.83033,1,1000,5,27.1,14.7,1.2,13.04921,-1.207304,-1.207304,1,0,16,0,15.9073,15.9073,1,1,150,0,0,0,127,30,0,0,30,1,-120.8904,
147.1392,1215.953,30.12223,0,0,89.42617,20.84144,14.06693,97.11919,277.782,229.0284,0,2,1.783398,287,300,0.7,0,0,44.44955,44.44955,1,1,1.015315,1.003941,300,0.7707382,0,0,61.82922,1,0,1,1,18.66215,1.983267,0,1,270,228,0,0,0,1.000574,1.011683,0,1,1,2,50,10.15801,1,1000,5,27.1,14.69925,1.2,13.04448,-0.1096258,-0.1096258,1,0,16,0,14.80963,14.80963,1,1,150,0,0,0,127,30,0,0,30,1,-119.8778,
147.2392,1259.499,30.47182,0.02864648,0,89.39893,20.82184,14.28669,96.99725,285.2081,230.1156,0,2,1.868256,286.33,300,0.7,0,0,44.77957,44.77957,1,1,0.9999316,1.004008,300,0.7855932,0,0,61.82922,1,0,1,1,18.98436,1.928327,0,1,270,236,0,0,0,1.000601,1.011644,0,1,1,2,30,10.48951,1,1000,5,27.1,14.69779,1.2,13.05104,0.22085,0.22085,1,0,16,0,14.47725,14.47725,1,1,150,0,0,0,127,30,0,0,30,1,-119.5282,
147.3402,1271.833,30.03784,0.007426695,0,89.36487,20.84144,14.14751,97.02773,285.2759,226.3962,0,2,1.886552,286.23,300,0.7,0,0,44.64821,44.64821,1,1,1.009674,1.003941,300,0.7687635,0,0,61.82922,1,0,1,1,19.09553,1.963122,0,1,270,212,0,0,0,1.000635,1.011683,0,1,1,2,20,10.52632,1,1000,5,27.1,14.69984,1.194922,13.04616,0.4315138,0.4315138,1,0,16,0,14.26724,14.26724,1,1,150,0,0,0,127,30,0,0,30,1,-119.9622,
147.4411,1263.53,29.71236,0.02628873,0,89.36487,20.82184,14.21527,97.04806,269.593,229.3145,0,2,1.863707,286.87,300,0.7,0,0,44.36762,44.36762,1,1,1.004931,1.004008,300,0.7556673,0,0,61.82922,1,0,1,1,19.04378,1.946183,0,1,270,228,0,0,0,1.000635,1.011644,0,1,1,2,30,10.50175,1,1000,5,27.1,14.7,1.194922,13.04707,0.6633539,0.6633539,1,0,16,0,14.03665,14.03665,1,1,150,0,0,0,127,30,0,0,30,1,-120.2876,
147.5432,1178.736,29.91127,0.009784449,0,89.3853,20.83981,14.22992,97.07854,261.1497,229.2763,0,2,1.738635,287.72,300,0.7,0,0,44.29887,44.29887,1,1,1.003906,1.003946,300,0.7595121,0,0,61.82922,1,0,1,1,18.38108,1.94252,0,1,270,252,0,0,0,1.000615,1.01168,0,1,1,2,30,10.12373,1,1000,5,27.1,14.7,1.194922,13.04555,0.8679762,0.8679762,1,0,16,0,13.82921,13.82921,1,1,150,0,0,0,127,30,0,0,30,1,-120.0887,
147.6455,1161.44,30.61647,0.01449996,0,89.26949,20.76305,14.33248,97.04806,272.5939,230.4208,0,2,1.732482,287.4,300,0.7,0,0,44.70958,44.70958,1,1,0.9967267,1.004209,300,0.7850653,0,0,61.82922,1,0,1,1,18.23118,1.916881,0,1,270,240,0,0,0,1.000731,1.011526,0,1,1,2,30,9.72973,1,1000,5,27.1,14.6951,1.194922,13.04662,1.110578,1.110578,1,0,16,0,13.58131,13.58131,1,1,150,0,0,0,127,30,0,0,30,1,-119.3835,
147.7468,1177.995,30.9299,0.02393097,0,89.37167,20.75651,14.3691,97.07854,276.0526,229.3526,0,2,1.757176,287.22,300,0.7,0,0,44.90894,44.90894,1,1,0.9941629,1.004231,300,0.7966719,0,0,61.82922,1,0,1,1,18.34946,1.907724,0,1,270,248,0,0,0,1.000628,1.011513,0,1,1,2,30,9.771987,1,1000,5,27.1,14.69312,1.194922,13.04479,1.255311,1.255311,1,0,16,0,13.43594,13.43594,1,1,150,0,0,0,127,30,0,0,30,1,-119.0701,
147.8504,1195.934,30.18853,0,0,89.42617,20.78918,14.1237,97.23096,266.0665,229.5815,0,2,1.764002,286.89,300,0.7,0,0,44.47636,44.47636,1,1,1.011341,1.004119,300,0.7529858,0,0,61.82922,1,0,1,1,18.50621,1.969074,0,1,270,228,0,0,0,1.000574,1.011578,0,1,1,2,40,9.836065,1,1000,5,27.1,14.69872,1.168951,13.04662,1.337602,1.337602,1,0,16,0,13.35636,13.35636,1,1,150,0,0,0,127,30,0,0,30,1,-119.8115,
147.9521,1205.4,30.2488,0,0,89.39893,20.76958,14.13698,97.15983,263.625,231.0121,0,2,1.777965,287.46,300,0.7,0,0,44.51886,44.51886,1,1,1.010411,1.004186,300,0.7552686,0,0,61.82922,1,0,1,1,18.57722,1.965755,0,1,270,248,0,0,0,1.000601,1.011539,0,1,1,2,60,9.988901,1,1000,5,27.1,14.69839,1.168951,13.04601,1.414187,1.414187,1,0,16,0,13.28291,13.28291,1,1,150,0,0,0,127,30,0,0,30,1,-119.7512,
148.0551,1156.515,30.47784,0.007426695,0,89.30356,20.75651,14.11271,97.12935,260.3698,230.6496,0,2,1.715497,287.49,300,0.7,0,0,44.62333,44.62333,1,1,1.01211,1.004231,300,0.7629779,0,0,61.82922,1,0,1,1,18.19672,1.971821,0,1,270,228,0,0,0,1.000696,1.011513,0,1,1,2,50,9.72973,1,1000,5,27.1,14.69612,1.168951,13.04479,1.399734,1.399734,1,0,16,0,13.29311,13.29311,1,1,150,0,0,0,127,30,0,0,30,1,-119.5222,
148.1582,1160.003,30.76716,0.05222402,0,89.31718,20.77611,14.35674,97.12935,262.2687,228.7232,0,2,1.720671,287.3,300,0.7,0,0,44.79866,44.79866,1,1,0.9950282,1.004164,300,0.7733335,0,0,61.82922,1,0,1,1,18.21677,1.910815,0,1,270,244,0,0,0,1.000683,1.011552,0,1,1,2,50,9.656652,1,1000,5,27.1,14.69386,1.168951,13.04631,1.400989,1.400989,1,0,16,0,13.29056,13.29056,1,1,150,0,0,0,127,30,0,0,30,1,-119.2328,
148.2591,1181.521,35.571,9.979527,0,89.28312,20.76958,14.30729,96.99725,264.7779,235.2083,0,2,2.727344,279.59,300,0.7,0,0,46.42663,92.15134,1,1,0.9984894,1.004186,300,1.57708,45.7247,1.018414,585.5172,1,0,1,1,18.25584,1.923176,0,1,270,240,0,0,0,1.000717,1.011539,0,1,1,2,40,9.761389,1,1000,6,25,14.65943,1,13.04616,1.347586,1.347586,1,0,7,0,13.32168,13.32168,1,1,150,0,0,0,127,30,0,0,30,1,-114.429,
148.36,1231.325,82.69326,16.90473,0,89.35806,20.83327,14.26334,97.02773,283.1396,287.3178,0,2,4.915039,261.23,300,0.7,0,0,79.54808,79.54808,1,1,1.001566,1.003969,300,3.30726,0,0,1278.668,1,0,1,1,19.0518,1.934164,0,1,270,216,0,0,0,1.000642,1.011667,0,1,1,2,40,10.02227,1,1000,6,25,14.02596,1,13.04707,0.8709974,0.8709974,1,0,7,0,13.25332,13.25332,1,1,150,0,0,0,127,30,0,0,30,1,-67.30674,
148.4636,1387.668,90.28176,14.17179,0,89.34443,20.76305,14.35125,96.96677,285.5981,285.3342,0,2,5.504417,263.43,300,0.7,0,0,78.70622,78.70622,1,1,0.9954127,1.004209,300,3.665374,0,0,1278.668,1,0,1,1,19.36205,1.912188,0,1,270,268,0,0,0,1.000656,1.011526,0,1,1,2,40,10.98901,1,1000,6,25,13.67229,1,13.04662,0.1592388,0.1592388,1,0,7,0,13.40839,13.40839,1,1,150,0,0,0,127,30,0,0,30,1,-59.71824,
148.5652,1227.396,88.38313,12.9053,0,89.42617,20.78918,14.08158,97.10902,267.6432,294.2989,0,2,4.889126,265.06,300,0.7,0,0,81.0704,81.0704,1,1,1.014289,1.004119,300,3.693028,0,0,1278.668,1,0,1,1,18.61617,1.979604,0,1,270,292,0,0,0,1.000574,1.011578,0,1,1,2,30,10.26226,1,1000,6,25,13.68194,1,13.04616,0.2779875,0.2779875,1,0,7,0,13.32729,13.32729,1,1,150,0,0,0,127,30,0,0,30,1,-61.61687,
148.6662,1431.571,90.70368,13.57425,0,89.4398,20.76305,14.28852,97.2208,303.1967,290.4078,0,2,5.654705,257.83,300,0.7,0,0,77.86443,77.86443,1,1,0.9998034,1.004209,300,3.647311,0,0,1278.668,1,0,1,1,19.57338,1.927869,0,1,270,292,0,0,0,1.00056,1.011526,0,1,1,2,30,11.40684,1,1000,6,25,13.65526,1,13.04479,-0.2211514,-0.2211514,1,0,7,0,13.77106,13.77106,1,1,150,0,0,0,127,30,0,0,30,1,-59.29632,
148.7672,1467.926,84.28449,8.272628,0,89.54198,20.83491,14.21527,97.30209,301.3318,283.8083,0,2,5.13774,263.24,300,0.7,0,0,75.48625,75.48625,1,1,1.004931,1.003963,300,3.189615,0,0,1278.668,1,0,1,1,20.23184,1.946183,0,1,270,276,0,0,0,1.000458,1.01167,0,1,1,2,40,12.21167,1,1000,6,25,14.05425,0.9993333,13.0483,0.4758453,0.4758453,1,0,16,0,13.57009,13.57009,1,1,150,0,0,0,128,30,0,0,30,1,-65.71551,
148.8686,1393.21,87.31025,12.7458,0,89.45342,20.76958,14.03397,97.12935,297.2288,300.7458,0,2,7.244695,245.99,300,0.7,0,0,77.96246,121.4228,1,1,1.017622,1.004186,300,5.391506,43.46038,0.5691051,216.9966,1,0,1,1,19.60478,1.991508,0,1,270,312,0,0,0,1.000547,1.011539,0,1,1,2,50,11.88904,1,1000,6,25,13.85686,0.9993333,13.04234,0.6438818,0.6438818,1,0,16,0,13.31351,13.31351,1,1,150,0,0,0,128,30,0,0,30,1,-62.68975,
148.9698,1511.487,87.70203,13.09575,0,89.47386,20.83491,14.00787,97.18015,314.7258,299.8303,0,2,5.403567,258.4,300,0.7,0,0,75.49299,75.49299,1,1,1.019449,1.003963,300,3.366852,0,0,216.9966,1,0,1,1,20.23679,1.998032,0,1,270,264,0,0,0,1.000526,1.01167,0,1,1,2,20,12.46537,1,1000,6,25,13.85646,0.9993333,13.04616,0.7558279,0.7558279,1,0,16,0,13.18128,13.18128,1,1,150,0,0,0,127,30,0,0,30,1,-62.29797,
149.0739,1616.205,85.6949,13.19335,0,89.26269,20.70425,14.3279,96.98708,303.0442,283.3505,0,2,5.885681,258.32,300,0.7,0,0,74.11935,74.11935,1,1,0.9970472,1.004409,300,3.199386,0,0,216.9966,1,0,1,1,21.10076,1.918026,0,1,270,264,0,0,0,1.000737,1.011408,0,1,1,2,30,13.33333,1,1000,6,25,13.99434,0.9993333,13.04601,1.997062,1.997062,1,0,16,0,11.82586,11.82586,1,1,150,0,0,0,127,30,0,0,30,1,-64.3051,
149.1747,1578.864,87.9371,15.73585,0,89.33762,20.75651,14.17178,97.02773,311.0297,295.7294,0,2,6.894373,248.33,300,0.7,0,0,74.71626,100.9023,1,1,1.007976,1.004231,300,4.31271,26.18604,0.3538664,117.9555,1,0,1,1,20.64149,1.957056,0,1,270,300,0,0,0,1.000662,1.011513,0,1,1,2,30,13.0246,1,1000,6,25,13.85359,0.954733,13.04601,1.502229,1.502229,1,0,16,0,12.41356,12.41356,1,1,150,0,0,0,127,30,0,0,30,1,-62.0629,
149.2769,1683.313,91.1256,15.93106,0,89.35124,20.74182,14.09074,97.20048,324.9324,294.337,0,2,6.21423,253.72,300,0.7,0,0,75.45206,75.45206,1,1,1.013648,1.004281,300,3.389795,0,0,117.9555,1,0,1,1,20.92206,1.977315,0,1,270,288,0,0,0,1.000649,1.011484,0,1,1,2,50,13.47305,1,1000,6,25,13.6578,0.954733,13.04723,0.07745552,0.07745552,1,0,16,0,13.54203,13.54203,1,1,150,0,0,0,127,30,0,0,30,1,-58.8744,
149.3815,1732.902,91.0834,15.91201,0,89.44661,20.82674,14.28852,97.20048,315.6753,287.3941,0,2,6.440619,253.55,300,0.7,0,0,75.44232,75.44232,1,1,0.9998034,1.003991,300,3.384619,0,0,117.9555,1,0,1,1,21.19872,1.927869,0,1,270,264,0,0,0,1.000553,1.011653,0,1,1,2,50,14.377,1,1000,6,25,13.66762,0.954733,13.04601,0.2763891,0.2763891,1,0,16,0,13.30178,13.30178,1,1,150,0,0,0,127,30,0,0,30,1,-58.9166,
149.4815,1773.783,92.15629,16.69761,0,89.31037,20.78754,14.21344,97.0379,334.8508,298.743,0,2,6.474309,251.27,300,0.7,0,0,75.68991,75.68991,1,1,1.005059,1.004125,300,3.387808,0,0,117.9555,1,0,1,1,21.27264,1.94664,0,1,270,276,0,0,0,1.00069,1.011575,0,1,1,2,40,14.82702,1,1000,6,25,13.58449,0.9355116,13.04753,0.7958107,0.7958107,1,0,16,0,12.79663,12.79663,1,1,150,0,0,0,127,30,0,0,30,1,-57.84371,
149.5819,1856.665,89.61875,17.05709,0,89.25587,20.75815,14.30134,96.90579,327.7129,286.8792,0,2,6.777201,251.75,300,0.7,0,0,75.09102,75.09102,1,1,0.998906,1.004225,300,3.21796,0,0,117.9555,1,0,1,1,22.11205,1.924664,0,1,270,284,0,0,0,1.000744,1.011516,0,1,1,2,30,15.38461,1,1000,6,25,13.79899,0.9355116,13.04631,0.002448082,0.002448082,1,0,16,0,13.58284,13.58284,1,1,150,0,0,0,127,30,0,0,30,1,-60.38125,
149.6822,1898.374,89.99245,16.97377,0,89.28312,20.73528,14.23633,96.9566,348.6008,294.0318,0,2,6.644308,251.89,300,0.7,0,0,75.09747,75.09747,1,1,1.003457,1.004303,300,3.235301,0,0,117.9555,1,0,1,1,22.29194,1.940917,0,1,270,276,0,0,0,1.000717,1.011471,0,1,1,2,20,15.51724,1,1000,6,25,13.78351,0.9355116,13.0454,-0.3581438,-0.3581438,1,0,16,0,14.17312,14.17312,1,1,150,0,0,0,127,30,0,0,30,1,-60.00755,
149.7827,1987.281,90.40834,16.85236,0,89.34443,20.79571,14.10173,97.18015,355.247,299.1245,0,2,7.07141,248.92,300,0.7,0,0,75.03332,75.03332,1,1,1.012879,1.004097,300,3.252239,0,0,117.9555,1,0,1,1,22.72296,1.974568,0,1,270,260,0,0,0,1.000656,1.011591,0,1,1,2,30,16.33394,1,1000,6,25,13.7613,0.9355116,13.04479,-0.7561483,-0.7561483,1,0,16,0,14.51637,14.51637,1,1,150,0,0,0,127,30,0,0,30,1,-59.59166,
149.8835,2002.938,90.16724,16.38099,0,89.31037,20.74345,14.44968,96.96677,361.6727,298.5905,0,2,7.077046,248.07,300,0.7,0,0,74.94171,74.94171,1,1,0.9885224,1.004276,300,3.290018,0,0,117.9555,1,0,1,1,22.8539,1.89172,0,1,270,276,0,0,0,1.00069,1.011487,0,1,1,2,20,16.57459,1,1000,6,25,13.78495,0.9515983,13.04601,-0.7997255,-0.7997255,1,0,16,0,14.61971,14.61971,1,1,150,0,0,0,127,30,0,0,30,1,-59.83276,
149.9855,2099.517,89.23299,16.45241,0,89.34443,20.79571,14.43503,96.98708,370.9977,296.3016,0,2,7.330814,248.14,300,0.7,0,0,74.49866,74.49866,1,1,0.9895479,1.004097,300,3.222054,0,0,117.9555,1,0,1,1,23.42373,1.894162,0,1,270,252,0,0,0,1.000656,1.011591,0,1,1,2,40,17.40812,1,1000,6,25,13.84602,0.9515983,13.0457,-0.8744974,-0.8744974,1,0,16,0,14.73968,14.73968,1,1,150,0,0,0,127,30,0,0,30,1,-60.76701,
150.0896,2140.411,88.96176,16.5524,0,89.32399,20.71732,14.17132,96.96677,363.9785,294.8138,0,2,7.669585,243.91,300,0.7,0,0,74.33625,74.33625,1,1,1.008008,1.004365,300,3.283067,0,0,117.9555,1,0,1,1,23.64058,1.95717,0,1,270,268,0,0,0,1.000676,1.011435,0,1,1,2,20,17.68173,1,1000,6,25,13.86229,0.9757156,13.04418,-1.06179,-1.06179,1,0,16,0,14.8919,14.8919,1,1,150,0,0,0,127,30,0,0,30,1,-61.03824,
150.1909,2202.158,88.64834,16.88568,0,89.48067,20.84634,14.08387,97.15983,372.9305,290.0072,0,2,7.689202,243.76,300,0.7,0,0,74.11162,74.11162,1,1,1.014129,1.003924,300,3.256086,0,0,117.9555,1,0,1,1,23.94914,1.979032,0,1,270,276,0,0,0,1.000519,1.011693,0,1,1,2,30,18.14516,1,1000,6,25,13.8811,0.9757156,13.04356,-0.9214363,-0.9214363,1,0,16,0,14.8698,14.8698,1,1,150,0,0,0,127,30,0,0,30,1,-61.35166,
150.2935,2266.375,89.57656,17.18088,0,89.37167,20.70588,14.16399,97.0379,361.8423,291.4378,0,2,8.272266,241.01,300,0.7,0,0,74.42086,74.42086,1,1,1.008521,1.004404,300,3.318244,0,0,117.9555,1,0,1,1,24.02367,1.959002,0,1,270,260,0,0,0,1.000628,1.011412,0,1,1,2,20,18.63354,1,1000,6,25,13.82541,0.9757156,13.04692,-0.7998924,-0.7998924,1,0,16,0,14.53765,14.53765,1,1,150,0,0,0,127,30,0,0,30,1,-60.42344,
150.396,2318.393,88.76888,15.05975,0,89.50792,20.79571,14.11271,97.2208,380.8652,294.9283,0,2,8.268934,241.43,300,0.7,0,0,74.58693,74.58693,1,1,1.01211,1.004097,300,3.340462,0,0,117.9555,1,0,1,1,24.3904,1.971821,0,1,270,288,0,0,0,1.000492,1.011591,0,1,1,2,40,19.18976,1,1000,6,25,13.87387,0.9927078,13.04631,-0.42348,-0.42348,1,0,16,0,14.34617,14.34617,1,1,150,0,0,0,127,30,0,0,30,1,-61.23112,
150.4991,2374.169,82.21107,10.82465,0,89.20819,20.66505,14.27021,96.88547,368.3019,287.4132,0,2,7.953466,241.95,300,0.7,0,0,72.81017,72.81017,1,1,1.001085,1.004543,300,2.93813,0,0,117.9555,1,0,1,1,25.92973,1.932448,0,1,270,260,0,0,0,1.000792,1.01133,0,1,1,2,20,19.82379,1,1000,6,25,14.26734,0.9927078,13.04692,0.2148571,0.2148571,1,0,16,0,13.96388,13.96388,1,1,150,0,0,0,127,30,0,0,30,1,-67.78893,
150.5993,2392.917,69.71626,7.794125,0,89.28312,20.76468,14.36178,96.9566,370.1669,274.1951,0,2,6.660286,251.1,300,0.7,0,0,68.33005,68.33005,1,1,0.9946756,1.004203,300,2.220609,0,0,117.9555,1,0,1,1,28.9394,1.909556,0,1,270,244,0,0,0,1.000717,1.011529,0,1,1,2,40,20,1,1000,6,25,14.67214,0.9697145,13.04891,1.122127,1.122127,1,0,16,0,13.51857,13.51857,1,1,150,0,0,0,127,30,0,0,30,1,-80.28374,
150.7,2449.78,57.44446,5.951324,0,89.29675,20.67812,14.11317,96.87531,373.2187,260.6145,0,2,5.593663,260.49,300,0.7,0,0,63.10366,63.10366,1,1,1.012078,1.004499,300,1.661268,0,0,117.9555,1,0,1,1,30.29298,1.971707,0,1,270,212,0,0,0,1.000703,1.011356,0,1,1,2,30,20.40816,1,1000,6,25,14.92556,0.9697145,13.04784,1.926527,1.926527,1,0,16,0,12.98414,12.98414,1,1,150,0,0,0,127,30,0,0,30,1,-92.55554,
150.8021,2460.226,51.2965,5.628312,0,89.30356,20.71732,14.26655,96.99725,375.9145,250.1812,0,2,4.817943,265.75,300,0.7,0,0,58.99477,58.99477,1,1,1.001342,1.004365,300,1.381102,0,0,117.9555,1,0,1,1,31.32306,1.933363,0,1,270,224,0,0,0,1.000696,1.011435,0,1,1,2,40,20.45455,1,1000,6,25,14.98703,0.9697145,13.04799,2.322543,2.322543,1,0,16,0,12.6701,12.6701,1,1,150,0,0,0,127,30,0,0,30,1,-98.7035,
150.9037,2479.134,47.92115,5.552864,0,89.28993,20.73038,14.3137,96.96677,383.5779,247.015,0,2,4.421122,267.86,300,0.7,0,0,55.64166,55.64166,1,1,0.9980407,1.00432,300,1.156581,0,0,117.9555,1,0,1,1,32.26517,1.921574,0,1,270,244,0,0,0,1.00071,1.011461,0,1,1,2,10,20.73733,1,1000,6,25,15,0.9224563,13.04845,2.476151,2.476151,1,0,16,0,12.52385,12.52385,1,1,150,0,0,0,127,30,0,0,30,1,-102.0788,
151.004,2489.833,44.37101,4.946921,0,89.28312,20.73528,14.29219,96.89563,380.4583,245.0504,0,2,4.191219,269.61,300,0.7,0,0,52.01739,52.01739,1,1,0.999547,1.004303,300,1.001144,0,0,117.9555,1,0,1,1,33.11983,1.926953,0,1,270,232,0,0,0,1.000717,1.011471,0,1,1,2,40,20.59496,1,1000,6,25,15,0.9224563,13.04936,2.359244,2.359244,1,0,16,0,12.64076,12.64076,1,1,150,0,0,0,127,30,0,0,30,1,-105.629,
151.1045,2507.313,40.64608,3.544058,0,89.215,20.70425,14.27021,96.88547,384.9342,241.4073,0,2,3.719181,273.23,300,0.7,0,0,47.51133,47.51133,1,1,1.001085,1.004409,300,0.8053546,0,0,117.9555,1,0,1,1,33.89496,1.932448,0,1,270,216,0,0,0,1.000785,1.011408,0,1,1,2,30,21.02804,1,1000,6,25,15,0.8867878,13.04723,1.621194,1.621194,1,0,16,0,13.37881,13.37881,1,1,150,0,0,0,127,30,0,0,30,1,-109.3539,
151.2054,2503.756,35.29374,2.044526,0,89.28993,20.69608,14.38421,96.91595,375.1516,230.5161,0,2,3.275747,276.65,300,0.7,0,0,40.04588,40.04588,1,1,0.9931053,1.004437,300,0.5893853,0,0,117.9555,1,0,1,1,34.03481,1.903947,0,1,270,200,0,0,0,1.00071,1.011392,0,1,1,2,20,20.88167,1,1000,6,25,15,0.8867878,13.04479,0.8257008,0.8257008,1,0,16,0,14.1743,14.1743,1,1,150,0,0,0,128,30,0,0,30,1,-114.7063,
151.3067,2471.577,29.38688,1.603626,0,89.23544,20.70262,14.36727,96.91595,381.1026,233.0529,0,2,2.945296,278.76,300,0.7,0,0,35.7571,35.7571,1,1,0.9942911,1.004415,300,0.4382069,0,0,117.9555,1,0,1,1,33.72867,1.908182,0,1,270,236,0,0,0,1.000765,1.011405,0,1,1,2,20,20.6422,1,1000,6,25,15,0.8867878,13.04723,0.2083406,0.2083406,1,0,16,0,14.79166,14.79166,1,1,150,0,0,0,127,30,0,0,30,1,-120.6131,
151.4077,2390.819,27.28332,1.233459,0,89.27631,20.72712,14.32515,96.9566,378.5255,225.8431,0,2,2.749442,279.95,300,0.7,0,0,34.55136,34.55136,1,1,0.9972395,1.004331,300,0.3922109,0,0,117.9555,1,0,1,1,32.46529,1.918712,0,1,270,212,0,0,0,1.000724,1.011454,0,1,1,2,30,20.73733,1,1000,6,25,15,0.8848026,13.04601,-0.3459587,-0.3459587,1,0,16,0,15.34596,15.34596,1,1,150,0,0,0,127,30,0,0,30,1,-122.7167,
151.51,2518.257,26.37318,1.150937,0,89.19456,20.68465,14.17681,96.86515,385.2055,225.557,0,2,2.895996,278.73,300,0.7,0,0,35.73927,35.73927,1,1,1.007623,1.004476,300,0.3922177,0,0,117.9555,1,0,1,1,34.43958,1.955797,0,1,270,224,0,0,0,1.000805,1.011369,0,1,1,2,10,20.78522,1,1000,6,25,15,0.8848026,13.04128,-0.9356165,-0.9356165,1,0,16,0,15.93562,15.93562,1,1,150,0,0,0,127,30,0,0,30,1,-123.6268,
151.6105,2421.503,24.46852,0.8750802,0,89.39893,20.71568,14.20062,97.02773,380.0514,222.7722,0,2,2.74437,278.88,300,0.7,0,0,34.57966,34.57966,1,1,1.005957,1.00437,300,0.3674435,0,0,117.9555,1,0,1,1,33.0142,1.949845,0,1,270,212,0,0,0,1.000601,1.011431,0,1,1,2,20,20.45455,1,1000,6,25,15,0.9236289,13.0454,-2.964653,-2.964653,1,0,16,0,17.96465,17.96465,1,1,150,0,0,0,127,30,0,0,30,1,-125.5315,
151.7127,2393.681,23.73318,0.7736967,0,89.36487,20.65199,14.34209,97.01757,386.7653,221.1128,0,2,2.692891,280.63,300,0.7,0,0,34.05803,34.05803,1,1,0.9960538,1.004588,300,0.3510686,0,0,117.9555,1,0,1,1,32.59294,1.914477,0,1,270,212,0,0,0,1.000635,1.011304,0,1,1,2,30,19.82379,1,1000,6,25,15,0.9236289,13.04616,-5.343668,-5.343668,1,0,16,0,20.34367,20.34367,1,1,150,0,0,0,127,30,0,0,30,1,-126.2668,
151.8142,2442.798,23.67893,0.761908,0,89.48067,20.69772,14.25922,97.13951,386.9688,219.4534,0,2,2.727791,280.45,300,0.7,0,0,34.36808,34.36808,1,1,1.001854,1.004432,300,0.3533908,0,0,117.9555,1,0,1,1,33.35913,1.935194,0,1,270,216,0,0,0,1.000519,1.011395,0,1,1,2,20,20.27027,1,1000,6,25,15,0.9236289,13.04723,-7.893009,-7.893009,1,0,16,0,22.89301,22.89301,1,1,150,0,0,0,127,30,0,0,30,1,-126.3211,
151.9179,2389.867,23.40167,0.7571925,0,89.35806,20.70262,14.09806,97.10902,381.9503,218.8621,0,2,2.768262,280.36,300,0.7,0,0,33.70181,33.70181,1,1,1.013135,1.004415,300,0.4018846,0,0,117.9555,1,0,1,1,32.54132,1.975484,0,1,270,232,0,0,0,1.000642,1.011405,0,1,1,2,30,20.08929,1,1000,6,25,15,1.083704,13.04479,-8.866644,-8.866644,1,0,16,0,23.86664,23.86664,1,1,150,0,0,0,127,30,0,0,30,1,-126.5983,
152.02,2329.735,23.31729,0.7972743,0,89.3853,20.61279,14.36956,96.93628,372.9135,221.7231,0,2,2.679195,281,300,0.7,0,0,33.17563,33.17563,1,1,0.9941308,1.004722,300,0.3942233,0,0,117.9555,1,0,1,1,31.61148,1.90761,0,1,270,216,0,0,0,1.000615,1.011226,0,1,1,2,20,19.52278,1,1000,6,25,15,1.083704,13.04784,-10.77882,-10.77882,1,0,16,0,25.77882,25.77882,1,1,150,0,0,0,127,30,0,0,30,1,-126.6827,
152.1231,2354.603,23.474,0.8349984,0,89.3308,20.66505,14.1759,96.9566,384.2561,220.9602,0,2,2.825524,279.95,300,0.7,0,0,33.51308,33.51308,1,1,1.007687,1.004543,300,0.4439237,0,0,117.9555,1,0,1,1,31.99197,1.956026,0,1,270,216,0,0,0,1.000669,1.01133,0,1,1,2,40,19.65066,1,1000,6,25,15,1.2,13.04845,-11.81617,-11.81617,1,0,16,0,26.81617,26.81617,1,1,150,0,0,0,127,30,0,0,30,1,-126.526,
152.2269,2319.468,23.69098,0.8797956,0,89.20819,20.61279,14.27021,96.93628,378.8306,224.7749,0,2,2.764033,280.48,300,0.7,0,0,33.46659,33.46659,1,1,1.001085,1.004722,300,0.4474938,0,0,117.9555,1,0,1,1,31.43792,1.932448,0,1,270,216,0,0,0,1.000792,1.011226,0,1,1,2,10,19.3133,1,1000,6,25,15,1.2,13.04723,-11.09991,-11.09991,1,0,16,0,26.09991,26.09991,1,1,150,0,0,0,127,30,0,0,30,1,-126.309,
152.3315,2295.684,24.26962,1.601268,0,89.4398,20.71732,14.1237,97.13951,370.1839,225.6905,0,2,2.965259,278.45,300,0.7,0,0,33.58702,39.94279,1,1,1.011341,1.004365,300,0.4557717,6.355768,0.1921525,68.05128,1,0,1,1,31.04211,1.969074,0,1,270,212,0,0,0,1.00056,1.011435,0,1,1,2,50,19.10828,1,1000,6,25,15,1,13.04967,-7.408497,-7.408497,1,0,8,0,22.4085,22.4085,1,1,150,0,0,0,127,30,0,0,30,1,-125.7304,
152.4358,2315.351,28.63948,3.124377,0,89.28993,20.58503,14.31416,96.98708,377.5082,230.745,0,2,2.952072,279.23,300,0.7,0,0,33.73566,40.1786,1,1,0.9980087,1.004817,300,0.541194,6.442935,0.1902355,67.68044,1,0,1,1,31.17202,1.921459,0,1,270,212,0,0,0,1.00071,1.01117,0,1,1,2,20,19.23077,1,1000,6,25,15,1,13.04662,-6.176456,-6.176456,1,0,8,0,21.17646,21.17646,1,1,150,0,0,0,127,30,0,0,30,1,-121.3605,
152.5409,2277.04,32.32825,3.676092,0,89.34443,20.68792,14.14568,97.11919,378.5424,235.0175,0,2,2.827324,279.64,300,0.7,0,0,33.12212,33.12212,1,1,1.009802,1.004465,300,0.5035076,0,0,67.68044,1,0,1,1,30.34765,1.96358,0,1,270,212,0,0,0,1.000656,1.011376,0,1,1,2,20,19.14894,1,1000,6,25,15,1,13.05394,-4.572186,-4.572186,1,0,8,0,19.57219,19.57219,1,1,150,0,0,0,127,30,0,0,30,1,-117.6717,
152.6463,2247.359,36.65593,5.411398,0,89.39893,20.69445,14.11729,97.0887,377.9151,239.7288,0,2,3.520863,275.06,300,0.7,0,0,38.29208,48.28963,1,1,1.011789,1.004443,300,0.8945941,9.997553,0.2844718,99.75922,1,0,1,1,29.61609,1.970677,0,1,270,220,0,0,0,1.000601,1.011389,0,1,1,2,30,18.75,1,1000,6,25,15,1.074855,13.04723,-3.353704,-3.353704,1,0,16,0,18.3537,18.3537,1,1,150,0,0,0,128,30,0,0,30,1,-113.3441,
152.7492,2365.185,45.58855,7.806028,0,89.31718,20.62586,14.38787,97.11919,382.2555,243.3909,0,2,4.809208,264.96,300,0.7,0,0,51.89879,66.21957,1,1,0.9928489,1.004678,300,1.525977,14.32078,0.3131548,111.0748,1,0,1,1,30.77505,1.903032,0,1,270,224,0,0,0,1.000683,1.011252,0,1,1,2,20,19.14894,1,1000,6,25,15,1.074855,13.0483,-3.982811,-3.982811,1,0,16,0,18.98281,18.98281,1,1,150,0,0,0,127,30,0,0,30,1,-104.4115,
152.852,2361.461,51.56774,8.334524,0,89.4398,20.66505,14.25006,97.20048,362.9782,253.6145,0,2,4.978747,264.37,300,0.7,0,0,58.19718,58.19718,1,1,1.002495,1.004543,300,1.695094,0,0,111.0748,1,0,1,1,29.68954,1.937484,0,1,270,208,0,0,0,1.00056,1.01133,0,1,1,2,20,19.95565,1,1000,6,25,14.98432,1.2,13.04799,-9.53334,-9.53334,1,0,16,0,24.51266,24.51266,1,1,150,0,0,0,127,30,0,0,30,1,-98.43227,
152.9528,2220.413,55.94363,8.398801,0,89.49429,20.63892,14.34713,97.28177,380.4244,254.0532,0,2,5.273481,262.05,300,0.7,0,0,60.40878,60.40878,1,1,0.9957012,1.004633,300,1.914375,0,0,111.0748,1,0,1,1,26.99433,1.913218,0,1,270,216,0,0,0,1.000506,1.011278,0,1,1,2,20,18.48049,1,1000,6,25,14.94056,1.2,13.04616,-4.098284,-4.098284,1,0,16,0,19.04903,19.04903,1,1,150,0,0,0,127,30,0,0,30,1,-94.05637,
153.0537,2406.16,57.94473,9.431987,0,89.48067,20.65199,14.07838,97.20048,382.8319,255.0069,0,2,6.857555,250.44,300,0.7,0,0,62.90069,73.03331,1,1,1.014513,1.004588,300,2.400442,10.13262,0.1634105,58.28888,1,0,1,1,29.66748,1.980405,0,1,270,212,0,0,0,1.000519,1.011304,0,1,1,2,20,19.56522,1,1000,6,25,14.92055,1.2,13.04646,-1.156965,-1.156965,1,0,16,0,16.07481,16.07481,1,1,150,0,0,0,127,30,0,0,30,1,-92.05527,
153.1559,2336.085,61.38638,9.491502,0,89.44661,20.61279,14.34621,97.31226,378.7289,260.977,0,2,6.15169,256.17,300,0.7,0,0,64.0135,64.0135,1,1,0.9957653,1.004722,300,2.237302,0,0,58.28888,1,0,1,1,28.7354,1.913447,0,1,270,212,0,0,0,1.000553,1.011226,0,1,1,2,30,20,1,1000,6,25,14.86617,1.2,13.04845,-0.6236362,-0.6236362,1,0,16,0,15.51805,15.51805,1,1,150,0,0,0,127,30,0,0,30,1,-88.61362,
153.2576,2377.179,61.63953,9.572443,0,89.43298,20.62423,14.29951,97.30209,384.3409,259.6227,0,2,6.458003,252.58,300,0.7,0,0,64.59988,64.59988,1,1,0.9990342,1.004683,300,2.267873,0,0,58.28888,1,0,1,1,29.18826,1.925122,0,1,270,208,0,0,0,1.000567,1.011248,0,1,1,2,20,19.78022,1,1000,6,25,14.86112,1.2,13.04982,0.8109283,0.8109283,1,0,16,0,14.05076,14.05076,1,1,150,0,0,0,127,30,0,0,30,1,-88.36047,
153.3576,2456.801,61.5009,8.8654,0,89.54198,20.65199,14.18826,97.30209,384.6291,260.7672,0,2,6.633364,252.4,300,0.7,0,0,65.39287,65.39287,1,1,1.006822,1.004588,300,2.289395,0,0,58.28888,1,0,1,1,30.07446,1.952936,0,1,270,228,0,0,0,1.000458,1.011304,0,1,1,2,40,20.31603,1,1000,6,25,14.8664,1.2,13.04738,1.371717,1.371717,1,0,16,0,13.51398,13.51398,1,1,150,0,0,0,127,30,0,0,30,1,-88.4991,
153.4617,2405.581,59.26473,8.332144,0,89.39211,20.58666,14.10905,97.25128,380.3226,261.6445,0,2,6.154278,255.82,300,0.7,0,0,63.61438,63.61438,1,1,1.012366,1.004812,300,2.093098,0,0,58.28888,1,0,1,1,29.60281,1.972737,0,1,270,212,0,0,0,1.000608,1.011173,0,1,1,2,40,20.13423,1,1000,6,25,14.90735,1.173275,13.0515,1.431533,1.431533,1,0,16,0,13.48082,13.48082,1,1,150,0,0,0,127,30,0,0,30,1,-90.73527,
153.5636,2490.453,56.42583,8.291673,0,89.36487,20.63239,14.48997,97.04806,381.679,257.2766,0,2,6.163872,254.19,300,0.7,0,0,62.99176,62.99176,1,1,0.9857021,1.004655,300,1.969504,0,0,58.28888,1,0,1,1,30.9585,1.885005,0,1,270,208,0,0,0,1.000635,1.011265,0,1,1,2,40,20.78522,1,1000,6,25,14.93574,1.173275,13.04646,2.030132,2.030132,1,0,16,0,12.90254,12.90254,1,1,150,0,0,0,127,30,0,0,30,1,-93.57417,
153.6657,2494.595,56.15459,8.298815,0,89.37167,20.62423,14.23358,97.24112,383.0693,255.827,0,2,5.903875,258.47,300,0.7,0,0,62.889,62.889,1,1,1.003649,1.004683,300,1.884983,0,0,58.28888,1,0,1,1,31.04675,1.941604,0,1,270,224,0,0,0,1.000628,1.011248,0,1,1,2,30,20.78522,1,1000,6,25,14.93845,1.130391,13.04982,2.170916,2.170916,1,0,16,0,12.77646,12.77646,1,1,150,0,0,0,127,30,0,0,30,1,-93.84541,
153.7659,2508.361,55.26254,8.32024,0,89.29675,20.61279,14.36178,97.02773,378.8306,254.7589,0,2,5.999164,257,300,0.7,0,0,62.5526,62.5526,1,1,0.9946756,1.004722,300,1.844183,0,0,58.28888,1,0,1,1,31.32552,1.909556,0,1,270,232,0,0,0,1.000703,1.011226,0,1,1,2,20,20.78522,1,1000,6,25,14.94738,1.130391,13.04692,2.150434,2.150434,1,0,16,0,12.79067,12.79067,1,1,150,0,0,0,127,30,0,0,30,1,-94.73746,
153.8706,2549.503,55.38308,8.294054,0,89.36487,20.63566,14.15667,97.19032,385.7481,254.7017,0,2,5.94884,257.19,300,0.7,0,0,63.06717,63.06717,1,1,1.009033,1.004644,300,1.794145,0,0,58.28888,1,0,1,1,31.82029,1.960833,0,1,270,220,0,0,0,1.000635,1.011271,0,1,1,2,30,21.07728,1,1000,6,25,14.94617,1.088395,13.04753,2.025225,2.025225,1,0,16,0,12.9195,12.9195,1,1,150,0,0,0,127,30,0,0,30,1,-94.61691,
153.9711,2544.313,54.3524,8.248822,0,89.53516,20.61279,14.40436,97.39355,388.7151,258.6118,0,2,5.745908,258.3,300,0.7,0,0,62.44836,62.44836,1,1,0.9916952,1.004722,300,1.742038,0,0,58.28888,1,0,1,1,31.93066,1.899274,0,1,270,224,0,0,0,1.000465,1.011226,0,1,1,2,40,21.32701,1,1000,6,25,14.95648,1.088395,13.04662,1.823009,1.823009,1,0,16,0,13.13497,13.13497,1,1,150,0,0,0,127,30,0,0,30,1,-95.6476,
154.073,2589.779,53.75568,8.263105,0,89.42617,20.5834,14.37643,97.30209,385.6803,252.3747,0,2,5.913329,256.65,300,0.7,0,0,62.61887,62.61887,1,1,0.9936501,1.004823,300,1.727189,0,0,58.28888,1,0,1,1,32.62012,1.905893,0,1,270,232,0,0,0,1.000574,1.011167,0,1,1,2,30,21.5311,1,1000,6,25,14.96244,1.088395,13.04677,1.721691,1.721691,1,0,16,0,13.23394,13.23394,1,1,150,0,0,0,127,30,0,0,30,1,-96.24432,
154.1747,2600.78,53.27349,7.344189,0,89.45342,20.54747,14.15117,97.20048,377.6099,252.5845,0,2,5.786736,258.42,300,0.7,0,0,62.47587,62.47587,1,1,1.009418,1.004946,300,1.654237,0,0,58.28888,1,0,1,1,32.85516,1.962207,0,1,270,220,0,0,0,1.000547,1.011095,0,1,1,2,30,21.68675,1,1000,6,25,14.96727,1.054581,13.04723,1.481017,1.481017,1,0,16,0,13.48082,13.48082,1,1,150,0,0,0,127,30,0,0,30,1,-96.7265,
154.2771,2604.619,41.42361,1.895988,0,89.44661,20.61279,14.37505,97.26144,387.647,243.3146,0,2,4.384442,268.18,300,0.7,0,0,49.775,49.775,1,1,0.9937463,1.004722,300,1.022462,0,0,58.28888,1,0,1,1,35.17002,1.906237,0,1,270,232,0,0,0,1.000553,1.011226,0,1,1,2,30,21.73913,1,1000,6,25,15,1.054581,13.05104,1.283517,1.283517,1,0,16,0,13.71648,13.71648,1,1,150,0,0,0,127,30,0,0,30,1,-108.5764,
154.3813,2587.322,29.65209,0.1913315,0,89.41255,20.58666,14.14568,97.20048,388.6134,231.6606,0,2,3.298835,276.34,300,0.7,0,0,37.32857,37.32857,1,1,1.009802,1.004812,300,0.5366231,0,0,58.28888,1,0,1,1,35.13879,1.96358,0,1,270,240,0,0,0,1.000587,1.011173,0,1,1,2,20,21.58273,1,1000,6,25,15,1.030941,13.04723,1.160076,1.160076,1,0,16,0,13.83992,13.83992,1,1,150,0,0,0,127,30,0,0,30,1,-120.3479,
154.4848,2577.541,22.67838,0.02628873,0,89.34443,20.61279,14.31691,97.0887,385.3412,224.4507,0,2,2.942693,279.25,300,0.7,0,0,34.35354,34.35354,1,1,0.9978164,1.004722,300,0.3777196,0,0,58.28888,1,0,1,1,35.03471,1.920773,0,1,270,256,0,0,0,1.000656,1.011226,0,1,1,2,20,21.5311,1,1000,6,25,15,1.030941,13.04845,1.71658,1.71658,1,0,16,0,13.28342,13.28342,1,1,150,0,0,0,128,30,0,0,30,1,-127.3216,
154.5853,2538.93,20.46632,0.002711187,0,89.49429,20.56706,14.24091,97.23096,389.5289,216.9356,0,2,2.750508,280.47,300,0.7,0,0,31.84428,31.84428,1,1,1.003136,1.004879,300,0.3029858,0,0,58.28888,1,0,1,1,34.63782,1.939773,0,1,270,212,0,0,0,1.000506,1.011134,0,1,1,2,20,21.22641,1,1000,6,25,15,0.9886342,13.04723,2.312023,2.312023,1,0,16,0,12.68798,12.68798,1,1,150,0,0,0,127,30,0,0,30,1,-129.5337,
154.6854,2603.941,20.25536,0.04750851,0,89.37167,20.56053,14.39749,97.07854,393.0724,221.3989,0,2,2.777537,280.39,300,0.7,0,0,32.08652,32.08652,1,1,0.9921759,1.004901,300,0.3021838,0,0,58.28888,1,0,1,1,35.28388,1.900628,0,1,270,256,0,0,0,1.000628,1.011121,0,1,1,2,30,21.37767,1,1000,6,25,15,0.9886342,13.04921,2.471107,2.471107,1,0,16,0,12.52889,12.52889,1,1,150,0,0,0,127,30,0,0,30,1,-129.7446,
154.7863,2558.417,19.87564,0.007426695,0,89.50792,20.64056,14.27754,97.30209,383.4423,221.1128,0,2,2.728978,280.18,300,0.7,0,0,31.38476,31.38476,1,1,1.000573,1.004627,300,0.2932944,0,0,58.28888,1,0,1,1,34.82948,1.930616,0,1,270,236,0,0,0,1.000492,1.011281,0,1,1,2,30,21.32701,1,1000,6,25,15,1,13.04662,2.403256,2.403256,1,0,6,0,12.59674,12.59674,1,1,150,0,0,0,127,30,0,0,30,1,-130.1244,
154.8886,2506.056,19.82139,0.01449996,0,89.54198,20.58503,14.3105,97.30209,382.4928,213.0446,0,2,2.69401,280.71,300,0.7,0,0,30.96648,30.96648,1,1,0.9982651,1.004817,300,0.2886088,0,0,58.28888,1,0,1,1,34.31005,1.922375,0,1,270,232,0,0,0,1.000458,1.01117,0,1,1,2,30,20.78522,1,1000,6,25,15,1,13.04768,2.230876,2.230876,1,0,6,0,12.76912,12.76912,1,1,150,0,0,0,127,30,0,0,30,1,-130.1786,
154.9928,2518.257,20.0203,0,0,89.53516,20.59973,14.33705,97.36306,384.5952,219.8158,0,2,2.686141,280.94,300,0.7,0,0,31.25103,31.25103,1,1,0.9964063,1.004767,300,0.2941794,0,0,58.28888,1,0,1,1,34.4313,1.915737,0,1,270,236,0,0,0,1.000465,1.011199,0,1,1,2,30,21.17647,1,1000,6,25,15,1,13.0454,1.323304,1.323304,1,0,6,0,13.6767,13.6767,1,1,150,0,0,0,127,30,0,0,30,1,-129.9797,
155.093,2468.12,20.0866,0.05222402,0,89.41255,20.50827,14.38696,97.30209,377.4743,216.4016,0,2,2.632661,281.15,300,0.7,0,0,30.96797,30.96797,1,1,0.992913,1.00508,300,0.2870139,0,0,58.28888,1,0,1,1,33.77804,1.903261,0,1,270,224,0,0,0,1.000587,1.011016,0,1,1,2,20,20.68966,1,1000,6,25,15,0.9810624,13.0486,-1.925144,-1.925144,1,0,16,0,16.92514,16.92514,1,1,150,0,0,0,128,30,0,0,30,1,-129.9134,
155.1942,2451.581,19.90577,0.06165504,0,89.32399,20.52133,14.32103,97.11919,383.4423,221.1128,0,2,2.61502,281.11,300,0.7,0,0,30.6724,30.6724,1,1,0.9975279,1.005035,300,0.2817352,0,0,58.28888,1,0,1,1,33.53507,1.919742,0,1,270,208,0,0,0,1.000676,1.011043,0,1,1,2,0,20.40816,1,1000,6,25,15,0.9810624,13.05074,-7.807642,-7.807642,1,0,16,0,22.80764,22.80764,1,1,150,0,0,0,127,30,0,0,30,1,-130.0942,
155.2993,2439.024,20.33372,0.02628873,0,89.44661,20.50827,14.51607,97.18015,373.9647,216.5541,0,2,2.703252,280.69,300,0.7,0,0,31.01099,31.01099,1,1,0.9838753,1.00508,300,0.3558657,0,0,58.28888,1,0,1,1,33.34407,1.880656,0,1,270,216,0,0,0,1.000553,1.011016,0,1,1,2,40,20.40816,1,1000,6,25,15,1.2,13.04723,-14.13788,-14.13788,1,0,16,0,29.13788,29.13788,1,1,150,0,0,0,127,30,0,0,30,1,-129.6663,
155.4,2423.655,19.96002,0.05693953,0,89.48067,20.61279,14.11088,97.20048,378.695,218.9765,0,2,2.726611,280.09,300,0.7,0,0,30.53213,30.53213,1,1,1.012238,1.004722,300,0.3438684,0,0,58.28888,1,0,1,1,33.12184,1.972279,0,1,270,208,0,0,0,1.000519,1.011226,0,1,1,2,50,20.31603,1,1000,6,25,15,1.2,13.04723,-21.4865,-21.4865,1,0,16,0,36.4865,36.4865,1,1,150,0,0,0,127,30,0,0,30,1,-130.04,
155.5005,2371.354,20.32166,0.02157322,0,89.47386,20.59809,14.18414,97.0887,374.5581,218.4043,0,2,2.687535,280.67,300,0.7,0,0,30.52513,30.52513,1,1,1.00711,1.004773,300,0.3500282,0,0,58.28888,1,0,1,1,32.33901,1.953966,0,1,270,220,0,0,0,1.000526,1.011196,0,1,1,2,30,19.86755,1,1000,6,25,15,1.2,13.04875,-31.93208,-31.93208,1,0,16,0,46.93208,46.93208,1,1,150,0,0,0,127,30,0,0,30,1,-129.6783,
155.6015,2385.496,20.17098,0.01685771,0,89.52155,20.53277,14.17132,97.20048,377.8812,218.9956,0,2,2.683683,280.76,300,0.7,0,0,30.47517,30.47517,1,1,1.008008,1.004996,300,0.34688,0,0,58.28888,1,0,1,1,32.55278,1.95717,0,1,270,204,0,0,0,1.000479,1.011065,0,1,1,2,40,19.73684,1,1000,6,25,15,1.2,13.04723,-41.24614,-41.24614,1,0,16,0,56.24614,56.24614,1,1,150,0,0,0,127,30,0,0,30,1,-129.829,
155.7036,2354.788,20.29153,0.02393097,0,89.50111,20.50827,14.25922,97.27161,374.7616,217.0691,0,2,2.629514,281.07,300,0.7,0,0,30.37944,30.37944,1,1,1.001854,1.00508,300,0.3478761,0,0,58.28888,1,0,1,1,32.09387,1.935194,0,1,270,216,0,0,0,1.000499,1.011016,0,1,1,2,20,19.82379,1,1000,6,25,15,1.2,13.04753,-45.90507,-45.90507,1,0,16,0,60.90507,60.90507,1,1,150,0,0,0,127,30,0,0,30,1,-129.7085,
155.8049,2304.855,20.18906,0,0,89.56242,20.58503,14.30317,97.25128,371.0994,217.3171,0,2,2.567171,281.36,300,0.7,0,0,29.92965,29.92965,1,1,0.9987778,1.004817,300,0.3409367,0,0,58.28888,1,0,1,1,31.35674,1.924206,0,1,270,208,0,0,0,1.000438,1.01117,0,1,1,2,40,19.39655,1,1000,6,25,15,1.2,13.04723,-31.37602,-31.37602,1,0,16,0,46.37602,46.37602,1,1,150,0,0,0,127,30,0,0,30,1,-129.8109,
155.9076,2302.379,20.82797,0,0,89.53516,20.58666,14.0999,97.27161,376.5418,221.1891,0,2,2.590177,281.02,300,0.7,0,0,30.5377,30.5377,1,1,1.013007,1.004812,300,0.3588806,0,0,58.28888,1,0,1,1,31.29297,1.975026,0,1,270,220,0,0,0,1.000465,1.011173,0,1,1,2,40,19.14894,1,1000,6,25,15,1.2,13.04616,-20.28515,-20.28515,1,0,16,0,35.28515,35.28515,1,1,150,0,0,0,127,30,0,0,30,1,-129.172,
156.0127,2296.035,20.70139,0.04043525,0,89.3853,20.554,14.05411,97.25128,373.5578,222.467,0,2,2.602174,281.21,300,0.7,0,0,30.3691,30.3691,1,1,1.016212,1.004923,300,0.3548,0,0,58.28888,1,0,1,1,31.20358,1.986472,0,1,270,204,0,0,0,1.000615,1.011108,0,1,1,2,30,19.10828,1,1000,6,25,15,1.2,13.05165,-16.82772,-16.82772,1,0,16,0,31.82772,31.82772,1,1,150,0,0,0,128,30,0,0,30,1,-129.2986,
156.1138,2232.807,20.73756,0.05693953,0,89.36487,20.53603,14.30317,97.11919,375.0328,218.5187,0,2,2.493301,282.65,300,0.7,0,0,30.43007,30.43007,1,1,0.9987778,1.004985,300,0.3561497,0,0,58.28888,1,0,1,1,30.25714,1.924206,0,1,270,212,0,0,0,1.000635,1.011072,0,1,1,2,20,18.71102,1,1000,6,25,15,1.2,13.04967,-14.66255,-14.66255,1,0,16,0,29.66255,29.66255,1,1,150,0,0,0,127,30,0,0,30,1,-129.2625,
156.2158,2235.636,20.79783,0.01921546,0,89.45342,20.53603,14.44236,97.15983,366.8947,215.9628,0,2,2.515091,281.77,300,0.7,0,0,30.4315,30.4315,1,1,0.9890351,1.004985,300,0.35717,0,0,58.28888,1,0,1,1,30.29599,1.892941,0,1,270,220,0,0,0,1.000547,1.011072,0,1,1,2,30,18.63354,1,1000,6,25,15,1.2,13.04845,-13.56671,-13.56671,1,0,16,0,28.56671,28.56671,1,1,150,0,0,0,128,30,0,0,30,1,-129.2022,
156.316,2209.619,20.27947,0.05222402,0,89.46024,20.5344,14.1237,97.13951,377.203,217.6413,0,2,2.504235,282.56,300,0.7,0,0,30.44773,30.44773,1,1,1.011341,1.00499,300,0.3484523,0,0,58.28888,1,0,1,1,29.93912,1.969074,0,1,270,208,0,0,0,1.00054,1.011069,0,1,1,2,30,18.51852,1,1000,6,25,15,1.2,13.05791,-12.28237,-12.28237,1,0,16,0,27.28237,27.28237,1,1,150,0,0,0,127,30,0,0,30,1,-129.7205,
156.4176,2164.971,20.59893,0.03336199,0,89.42617,20.50827,14.43869,97.13951,368.4715,219.6822,0,2,2.435592,282.29,300,0.7,0,0,31.67137,31.67137,1,1,0.9892915,1.00508,300,0.3681918,0,0,58.28888,1,0,1,1,29.25336,1.893551,0,1,270,208,0,0,0,1.000574,1.011016,0,1,1,2,20,18.18182,1,1000,6,25,15,1.2,13.04967,-11.86557,-11.86557,1,0,16,0,26.86557,26.86557,1,1,150,0,0,0,127,30,0,0,30,1,-129.4011,
156.5194,2190.581,20.20112,0.01685771,0,89.54879,20.55726,14.15667,97.11919,369.9635,217.4888,0,2,2.482658,281.93,300,0.7,0,0,30.7527,30.7527,1,1,1.009033,1.004912,300,0.35054,0,0,58.28888,1,0,1,1,29.66168,1.960833,0,1,270,248,0,0,0,1.000451,1.011114,0,1,1,2,10,18.03607,1,1000,6,25,15,1.2,13.05531,-12.15578,-12.15578,1,0,16,0,27.15578,27.15578,1,1,150,0,0,0,127,30,0,0,30,1,-129.7989,
156.6213,2152.235,20.4603,0.04515076,0,89.51473,20.50827,14.33248,97.26144,372.744,220.5406,0,2,2.421264,282.56,300,0.7,0,0,31.78835,31.78835,1,1,0.9967267,1.00508,300,0.3670321,0,0,58.28888,1,0,1,1,29.07374,1.916881,0,1,270,212,0,0,0,1.000485,1.011016,0,1,1,2,20,18.29268,1,1000,6,25,15,1.2,13.04768,-12.85044,-12.85044,1,0,16,0,27.85044,27.85044,1,1,150,0,0,0,127,30,0,0,30,1,-129.5397,
156.725,2112.378,20.56276,0,0,89.54879,20.55563,14.08387,97.31226,367.0473,222.5052,0,2,2.429235,282.18,300,0.7,0,0,32.7015,32.7015,1,1,1.014129,1.004918,300,0.3794278,0,0,58.28888,1,0,1,1,28.47199,1.979032,0,1,270,212,0,0,0,1.000451,1.011111,0,1,1,2,20,17.64706,1,1000,6,25,15,1.2,13.04845,-11.09991,-11.09991,1,0,16,0,26.09991,26.09991,1,1,150,0,0,0,127,30,0,0,30,1,-129.4372,
156.8259,2134.168,20.14084,0.005068941,0,89.54879,20.4952,14.13652,97.20048,360.9098,216.5541,0,2,2.436508,282.49,300,0.7,0,0,31.82471,31.82471,1,1,1.010443,1.005125,300,0.3617092,0,0,58.28888,1,0,1,1,28.82987,1.965869,0,1,270,240,0,0,0,1.000451,1.01099,0,1,1,2,30,17.82178,1,1000,6,25,15,1.2,13.04875,-9.992556,-9.992556,1,0,16,0,24.99256,24.99256,1,1,150,0,0,0,127,30,0,0,30,1,-129.8592,
156.9272,2080.588,19.98413,0.02157322,0,89.53516,20.45601,14.24457,97.20048,358.4344,215.7912,0,2,2.375338,283.17,300,0.7,0,0,32.73457,32.73457,1,1,1.00288,1.005259,300,0.3691813,0,0,58.28888,1,0,1,1,28.05012,1.938857,0,1,270,184,0,0,0,1.000465,1.010912,0,1,1,2,20,17.61253,1,1000,6,25,15,1.2,13.04723,-8.894331,-8.894331,1,0,16,0,23.89433,23.89433,1,1,150,0,0,0,128,30,0,0,30,1,-130.0159,
157.0279,2057.049,20.17701,0.03336199,0,89.49429,20.4854,14.14476,97.14967,354.4332,216.7449,0,2,2.365606,282.89,300,0.7,0,0,33.41145,33.41145,1,1,1.009867,1.005158,300,0.3804516,0,0,58.28888,1,0,1,1,27.68385,1.963809,0,1,270,212,0,0,0,1.000506,1.010971,0,1,1,2,20,17.34104,1,1000,6,25,15,1.2,13.05226,-9.032763,-9.032763,1,0,16,0,24.03276,24.03276,1,1,150,0,0,0,127,30,0,0,30,1,-129.823,
157.1283,2064.552,20.11673,0.02864648,0,89.49429,20.4952,14.41946,97.23096,362.5713,219.1672,0,2,2.339825,282.92,300,0.7,0,0,33.19649,33.19649,1,1,0.9906376,1.005125,300,0.3768694,0,0,58.28888,1,0,1,1,27.80069,1.896756,0,1,270,200,0,0,0,1.000506,1.01099,0,1,1,2,40,17.11027,1,1000,6,25,15,1.2,13.04921,-9.634941,-9.634941,1,0,16,0,24.63494,24.63494,1,1,150,0,0,0,127,30,0,0,30,1,-129.8833,
157.2294,2037.075,20.21317,0.009784449,0,89.51473,20.52623,14.2812,97.29193,360.9437,220.5978,0,2,2.359612,283.54,300,0.7,0,0,33.8518,33.8518,1,1,1.000316,1.005018,300,0.3861263,0,0,58.28888,1,0,1,1,27.38417,1.9297,0,1,270,200,0,0,0,1.000485,1.011052,0,1,1,2,40,17.14286,1,1000,6,25,15,1.2,13.04845,-8.580551,-8.580551,1,0,16,0,23.58055,23.58055,1,1,150,0,0,0,127,30,0,0,30,1,-129.7868,
157.3295,2003.874,20.05646,0,0,89.67822,20.51807,14.0564,97.38338,349.296,218.9956,0,2,2.321154,283.7,300,0.7,0,0,34.34775,34.34775,1,1,1.016052,1.005046,300,0.3886867,0,0,58.28888,1,0,1,1,26.90842,1.9859,0,1,270,204,0,0,0,1.000322,1.011036,0,1,1,2,30,16.72862,1,1000,6,25,15,1.2,13.05287,-7.44772,-7.44772,1,0,16,0,22.44772,22.44772,1,1,150,0,0,0,128,30,0,0,30,1,-129.9435,
157.4297,2000,19.86961,0.02393097,0,89.61691,20.46907,14.2986,97.24112,356.6203,214.7803,0,2,2.316667,283.33,300,0.7,0,0,34.22026,34.22026,1,1,0.9990983,1.005214,300,0.3836868,0,0,58.28888,1,0,1,1,26.87111,1.925351,0,1,270,212,0,0,0,1.000383,1.010938,0,1,1,2,20,16.69759,1,1000,6,25,15,1.2,13.0486,-7.300058,-7.300058,1,0,16,0,22.30006,22.30006,1,1,150,0,0,0,128,30,0,0,30,1,-130.1304,
157.5325,1976.415,20.32769,0.03336199,0,89.52155,20.5442,14.19879,97.30209,352.9412,219.8539,0,2,2.305817,283.5,300,0.7,0,0,35.19873,35.19873,1,1,1.006085,1.004957,300,0.4040692,0,0,58.28888,1,0,1,1,26.54741,1.950303,0,1,270,196,0,0,0,1.000479,1.011088,0,1,1,2,40,16.45338,1,1000,6,25,14.98821,1.2,13.04723,-6.880406,-6.880406,1,0,16,0,21.86861,21.86861,1,1,150,0,0,0,127,30,0,0,30,1,-129.6723,
157.6349,1966.697,20.22523,0.03100424,0,89.52155,20.50827,14.2519,97.26144,350.4489,219.7967,0,2,2.310869,283.59,300,0.7,0,0,35.28053,35.28053,1,1,1.002367,1.00508,300,0.403118,0,0,58.28888,1,0,1,1,26.4445,1.937026,0,1,270,200,0,0,0,1.000479,1.011016,0,1,1,2,40,16.36364,1,1000,6,25,14.98335,1.2,13.05089,-6.583023,-6.583023,1,0,16,0,21.56637,21.56637,1,1,150,0,0,0,127,30,0,0,30,1,-129.7748,
157.7357,1915.953,20.17701,0.007426695,0,89.4398,20.4854,14.26655,97.15983,342.2429,213.9601,0,2,2.251245,283.7,300,0.7,0,0,36.24634,36.24634,1,1,1.001342,1.005158,300,0.4139141,0,0,58.28888,1,0,1,1,25.85682,1.933363,0,1,270,204,0,0,0,1.00056,1.010971,0,1,1,2,20,16.30435,1,1000,6,25,14.95798,1.2,13.04967,-6.10032,-6.10032,1,0,16,0,21.0634,21.0634,1,1,150,0,0,0,127,30,0,0,30,1,-129.823,
157.8361,1929.012,20.73756,0.03571974,0,89.49429,20.42988,14.19329,97.30209,349.5333,221.2654,0,2,2.282665,283.64,300,0.7,0,0,36.61919,36.61919,1,1,1.006469,1.005348,300,0.4296124,0,0,58.28888,1,0,1,1,25.95777,1.951676,0,1,270,204,0,0,0,1.000506,1.01086,0,1,1,2,20,15.9292,1,1000,6,25,14.96451,1.2,13.05028,-5.832781,-5.832781,1,0,16,0,20.79729,20.79729,1,1,150,0,0,0,128,30,0,0,30,1,-129.2625,
157.937,1915.953,20.46632,0.01921546,0,89.5556,20.47397,14.20886,97.3529,337.4787,218.2326,0,2,2.299144,283.06,300,0.7,0,0,36.57609,36.57609,1,1,1.00538,1.005197,300,0.4236267,0,0,58.28888,1,0,1,1,25.83103,1.947785,0,1,270,200,0,0,0,1.000444,1.010948,0,1,1,2,20,16.07143,1,1000,6,25,14.95798,1.2,13.05028,-5.983343,-5.983343,1,0,16,0,20.94132,20.94132,1,1,150,0,0,0,127,30,0,0,30,1,-129.5337,
158.037,1866.368,20.74961,0.002711187,0,89.58966,20.4952,14.31233,97.39355,344.1248,217.3171,0,2,2.239642,283.83,300,0.7,0,0,37.90945,37.90945,1,1,0.9981369,1.005125,300,0.4458575,0,0,58.28888,1,0,1,1,25.23289,1.921917,0,1,270,188,0,0,0,1.00041,1.01099,0,1,1,2,20,15.54404,1,1000,6,25,14.93318,1.2,13.04723,-5.877347,-5.877347,1,0,16,0,20.81053,20.81053,1,1,150,0,0,0,127,30,0,0,30,1,-129.2504,
158.1423,1881.114,21.29811,0,0,89.54198,20.50827,14.42038,97.45451,342.4972,220.6169,0,2,2.257336,283.76,300,0.7,0,0,38.24368,38.24368,1,1,0.9905734,1.00508,300,0.4614636,0,0,58.28888,1,0,1,1,25.35846,1.896603,0,1,270,204,0,0,0,1.000458,1.011016,0,1,1,2,40,15.81722,1,1000,6,25,14.94056,1.2,13.04997,-4.411441,-4.411441,1,0,16,0,19.352,19.352,1,1,150,0,0,0,127,30,0,0,30,1,-128.7019,
158.2424,1839.024,21.31016,0.05222402,0,89.48748,20.44294,14.38467,97.20048,329.9848,216.8212,0,2,2.258244,283.73,300,0.7,0,0,39.02988,39.02988,1,1,0.9930733,1.005304,300,0.4719512,0,0,58.28888,1,0,1,1,24.87624,1.903833,0,1,270,208,0,0,0,1.000512,1.010886,0,1,1,2,30,15.49053,1,1000,6,25,14.91951,1.2,13.05043,-3.630947,-3.630947,1,0,16,0,18.55899,18.55899,1,1,150,0,0,0,127,30,0,0,30,1,-128.6898,
158.3445,1830.384,21.62358,0.05929728,0,89.48067,20.40211,14.27799,97.24112,338.5638,218.0419,0,2,2.257474,283.66,300,0.7,0,0,39.49625,39.49625,1,1,1.00054,1.005443,300,0.4847868,0,0,58.28888,1,0,1,1,24.75527,1.930502,0,1,270,204,0,0,0,1.000519,1.010804,0,1,1,2,10,15.3322,1,1000,6,25,14.91519,1.2,13.05501,-2.946816,-2.946816,1,0,16,0,17.86201,17.86201,1,1,150,0,0,0,127,30,0,0,30,1,-128.3764,
158.4465,1817.741,22.32879,0.01685771,0,89.48067,20.42988,14.45426,97.23096,338.9707,222.8294,0,2,2.241881,284.38,300,0.7,0,0,40.45888,40.45888,1,1,0.9882019,1.005348,300,0.512995,0,0,58.28888,1,0,1,1,24.56355,1.890957,0,1,270,192,0,0,0,1.000519,1.01086,0,1,1,2,40,15.22843,1,1000,6,25,14.90887,1.2,13.04738,-2.698183,-2.698183,1,0,16,0,17.60705,17.60705,1,1,150,0,0,0,127,30,0,0,30,1,-127.6712,
158.5484,1769.077,22.4855,0.0640128,0,89.56923,20.45601,14.44419,97.31226,330.6969,224.0692,0,2,2.211346,284.21,300,0.7,0,0,41.1851,41.1851,1,1,0.9889069,1.005259,300,0.5266615,0,0,58.28888,1,0,1,1,24.00873,1.892635,0,1,270,208,0,0,0,1.000431,1.010912,0,1,1,2,40,14.90066,1,1000,6,25,14.88454,1.2,13.04723,-2.27236,-2.27236,1,0,16,0,17.1569,17.1569,1,1,150,0,0,0,127,30,0,0,30,1,-127.5145,
158.6502,1757.778,22.7929,0.02393097,0,89.52155,20.41518,14.13652,97.33257,332.8671,224.1073,0,2,2.241167,284.08,300,0.7,0,0,41.65774,41.65774,1,1,1.010443,1.005399,300,0.5402504,0,0,58.28888,1,0,1,1,23.86541,1.965869,0,1,270,212,0,0,0,1.000479,1.01083,0,1,1,2,10,14.77833,1,1000,6,25,14.87889,1.2,13.04967,-1.976191,-1.976191,1,0,16,0,16.85508,16.85508,1,1,150,0,0,0,127,30,0,0,30,1,-127.2071,
158.752,1716.542,22.84112,0.01449996,0,89.63054,20.52133,14.20611,97.38338,325.1019,222.9438,0,2,2.202895,284.41,300,0.7,0,0,42.16639,42.16639,1,1,1.005572,1.005035,300,0.5486213,0,0,58.28888,1,0,1,1,23.4048,1.948472,0,1,270,208,0,0,0,1.000369,1.011043,0,1,1,2,30,14.4,1,1000,6,25,14.85827,1.2,13.04936,-1.618527,-1.618527,1,0,16,0,16.4768,16.4768,1,1,150,0,0,0,127,30,0,0,30,1,-127.1589,
158.8543,1658.742,23.28112,0.005068941,0,89.69184,20.45437,14.14568,97.44435,306.1299,218.0991,0,2,2.225478,284.12,300,0.7,0,0,43.27655,43.27655,1,1,1.009802,1.005264,300,0.5750502,0,0,58.28888,1,0,1,1,22.74793,1.96358,0,1,270,196,0,0,0,1.000308,1.010909,0,1,1,2,40,14.0625,1,1000,5,27.1,14.82937,1.2,13.05226,-1.313849,-1.313849,1,0,16,0,16.14322,16.14322,1,1,150,0,0,0,128,30,0,0,30,1,-126.7189,
158.9561,1607.2,24.26962,0.02628873,0,89.59647,20.44294,14.10402,97.46468,314.658,226.3199,0,2,2.16972,284.42,300,0.7,0,0,44.70316,44.70316,1,1,1.012719,1.005304,300,0.620375,0,0,58.28888,1,0,1,1,22.1577,1.973996,0,1,270,192,0,0,0,1.000404,1.010886,0,1,1,2,50,13.35312,1,1000,5,27.1,14.8036,1.2,13.05211,-0.7934761,-0.7934761,1,0,16,0,15.59708,15.59708,1,1,150,0,0,0,127,30,0,0,30,1,-125.7304,
159.0604,1564.292,24.67948,0.007426695,0,89.52155,20.45601,14.17132,97.44435,311.1654,222.3144,0,2,2.137866,284.99,300,0.7,0,0,45.3074,45.3074,1,1,1.008008,1.005259,300,0.640343,0,0,58.28888,1,0,1,1,21.68867,1.95717,0,1,270,212,0,0,0,1.000479,1.010912,0,1,1,2,40,13.15789,1,1000,5,27.1,14.78215,1.2,13.05089,-0.4599628,-0.4599628,1,0,16,0,15.24211,15.24211,1,1,150,0,0,0,127,30,0,0,30,1,-125.3205,
159.162,1514.999,24.52277,0.02157322,0,89.48067,20.45274,14.19421,97.20048,295.3129,220.0637,0,2,2.083123,285.1,300,0.7,0,0,44.88595,44.88595,1,1,1.006405,1.00527,300,0.6314395,0,0,58.28888,1,0,1,1,21.16116,1.951448,0,1,270,208,0,0,0,1.000519,1.010906,0,1,1,2,40,12.69393,1,1000,5,27.1,14.7575,1.2,13.04723,-0.08806324,-0.08806324,1,0,16,0,14.84556,14.84556,1,1,150,0,0,0,128,30,0,0,30,1,-125.4772,
159.2627,1462.273,25.32441,0.02157322,0,89.54198,20.45601,14.001,97.33257,300.7384,220.0828,0,2,2.034997,285.36,300,0.7,0,0,44.49275,44.49275,1,1,1.01993,1.005259,300,0.6474831,0,0,58.28888,1,0,1,1,20.69819,1.999749,0,1,270,200,0,0,0,1.000458,1.010912,0,1,1,2,40,12.3119,1,1000,5,27.1,14.73114,1.2,13.05028,0.2264338,0.2264338,1,0,16,0,14.5047,14.5047,1,1,150,0,0,0,127,30,0,0,30,1,-124.6756,
159.3629,1401.476,27.04825,0.02628873,0,89.54879,20.45601,14.37826,97.20048,295.0247,223.8594,0,2,1.973746,285.95,300,0.7,0,0,44.5121,44.5121,1,1,0.993522,1.005259,300,0.693284,0,0,58.28888,1,0,1,1,20.21181,1.905435,0,1,270,204,0,0,0,1.000451,1.010912,0,1,1,2,50,11.88904,1,1000,5,27.1,14.70074,1.2,13.05119,0.5746775,0.5746775,1,0,16,0,14.12606,14.12606,1,1,150,0,0,0,128,30,0,0,30,1,-122.9518,
159.4638,1343.003,27.4762,0.04043525,0,89.42617,20.40048,14.17452,97.15983,282.1054,229.0475,0,2,1.891396,286.39,300,0.7,0,0,44.0085,44.0085,1,1,1.007783,1.005449,300,0.6964607,0,0,58.28888,1,0,1,1,19.74402,1.956369,0,1,270,224,0,0,0,1.000574,1.010801,0,1,1,2,20,11.23596,1,1000,5,27.1,14.7,1.2,13.0518,0.8677282,0.8677282,1,0,16,0,13.83227,13.83227,1,1,150,0,0,0,127,30,0,0,30,1,-122.5238,
159.5686,1371.303,28.25976,0.03100424,0,89.53516,20.46907,14.31782,97.28177,296.5336,222.4098,0,2,1.965534,285.58,300,0.7,0,0,44.7621,44.7621,1,1,0.9977523,1.005214,300,0.7157605,0,0,58.28888,1,0,1,1,19.95665,1.920544,0,1,270,212,0,0,0,1.000465,1.010938,0,1,1,2,30,11.43583,1,1000,5,27.1,14.7,1.179116,13.04967,1.1141,1.1141,1,0,16,0,13.5859,13.5859,1,1,150,0,0,0,127,30,0,0,30,1,-121.7402,
159.6694,1413.294,28.33209,0,0,89.60329,20.46254,14.21939,97.32241,301.0096,224.6605,0,2,2.025722,285.49,300,0.7,0,0,45.28856,45.28856,1,1,1.004643,1.005236,300,0.7256616,0,0,58.28888,1,0,1,1,20.28675,1.945152,0,1,270,216,0,0,0,1.000397,1.010925,0,1,1,2,30,11.52369,1,1000,5,27.1,14.70665,1.179116,13.04952,1.299277,1.299277,1,0,16,0,13.40737,13.40737,1,1,150,0,0,0,127,30,0,0,30,1,-121.6679,
159.7699,1402.066,27.97044,0,0,89.56242,20.40211,14.20794,97.27161,294.9569,230.1537,0,2,1.98626,286.04,300,0.7,0,0,44.97801,44.97801,1,1,1.005444,1.005443,300,0.7118487,0,0,58.28888,1,0,1,1,20.21653,1.948014,0,1,270,204,0,0,0,1.000438,1.010804,0,1,1,2,40,11.73403,1,1000,5,27.1,14.70103,1.179116,13.05104,1.416594,1.416594,1,0,16,0,13.28444,13.28444,1,1,150,0,0,0,127,30,0,0,30,1,-122.0296,
159.8728,1334.223,27.77154,0.01449996,0,89.54879,20.46907,14.17635,97.4037,278.4941,226.606,0,2,1.912386,286.08,300,0.7,0,0,44.06205,44.06205,1,1,1.007655,1.005214,300,0.6923851,0,0,58.28888,1,0,1,1,19.67378,1.955912,0,1,270,208,0,0,0,1.000451,1.010938,0,1,1,2,40,11.23596,1,1000,5,27.1,14.7,1.179116,13.04997,1.482963,1.482963,1,0,16,0,13.21704,13.21704,1,1,150,0,0,0,127,30,0,0,30,1,-122.2285,
159.973,1316.829,28.8625,0,0,89.56923,20.51154,14.08525,97.33257,284.4282,229.5243,0,2,1.865508,286.24,300,0.7,0,0,44.46139,44.46139,1,1,1.014033,1.005069,300,0.7067778,0,0,58.28888,1,0,1,1,19.49559,1.978689,0,1,270,212,0,0,0,1.000431,1.011023,0,1,1,2,40,10.96224,1,1000,5,27.1,14.7,1.147822,13.04952,1.479295,1.479295,1,0,16,0,13.22071,13.22071,1,1,150,0,0,0,127,30,0,0,30,1,-121.1375,
160.0765,1318.449,28.91675,0.03336199,0,89.56242,20.45601,14.28898,97.29193,288.5312,224.3553,0,2,1.87879,286.05,300,0.7,0,0,44.50985,44.50985,1,1,0.9997714,1.005259,300,0.708939,0,0,58.28888,1,0,1,1,19.50589,1.927755,0,1,270,236,0,0,0,1.000438,1.010912,0,1,1,2,20,11.18012,1,1000,5,27.1,14.7,1.147822,13.04982,1.523307,1.523307,1,0,16,0,13.17669,13.17669,1,1,150,0,0,0,127,30,0,0,30,1,-121.0833,
160.1784,1354.952,29.13976,0.02157322,0,89.56242,20.42988,14.16949,97.25128,294.7534,228.2845,0,2,1.942098,286.3,300,0.7,0,0,45.03801,45.03801,1,1,1.008136,1.005348,300,0.7229107,0,0,58.28888,1,0,1,1,19.78182,1.957628,0,1,270,216,0,0,0,1.000438,1.01086,0,1,1,2,30,11.18012,1,1000,5,27.1,14.7,1.147822,13.05211,1.552649,1.552649,1,0,16,0,13.14735,13.14735,1,1,150,0,0,0,127,30,0,0,30,1,-120.8602,
160.2812,1343.905,28.44661,0.007426695,0,89.48067,20.40048,14.24915,97.20048,278.2228,231.508,0,2,1.915065,286.21,300,0.7,0,0,44.54234,44.54234,1,1,1.00256,1.005449,300,0.6980342,0,0,58.28888,1,0,1,1,19.7293,1.937713,0,1,270,220,0,0,0,1.000519,1.010801,0,1,1,2,30,11.13861,1,1000,5,27.1,14.7,1.147822,13.05577,1.54623,1.54623,1,0,16,0,13.15377,13.15377,1,1,150,0,0,0,127,30,0,0,30,1,-121.5534,
160.3814,1334.995,29.6762,0.005068941,0,89.58285,20.41028,14.25922,97.23096,291.5829,226.873,0,2,1.913492,286.51,300,0.7,0,0,45.10955,45.10955,1,1,1.001854,1.005415,300,0.7373938,0,0,58.28888,1,0,1,1,19.59974,1.935194,0,1,270,216,0,0,0,1.000417,1.010821,0,1,1,2,20,11.11111,1,1000,5,27.1,14.7,1.147822,13.04936,1.53431,1.53431,1,0,16,0,13.16569,13.16569,1,1,150,0,0,0,127,30,0,0,30,1,-120.3238,
160.4838,1328.963,28.51894,0.03571974,0,89.4398,20.42824,14.02435,97.20048,274.9676,228.3799,0,2,1.883364,286.33,300,0.7,0,0,44.40932,44.40932,1,1,1.018295,1.005354,300,0.678544,0,0,58.28888,1,0,1,1,19.60731,1.993912,0,1,270,212,0,0,0,1.00056,1.010857,0,1,1,2,40,11.19403,1,1000,5,27.1,14.7,1.116276,13.0515,1.535228,1.535228,1,0,16,0,13.16477,13.16477,1,1,150,0,0,0,127,30,0,0,30,1,-121.4811,
160.5858,1308.843,29.68825,0,0,89.52835,20.46581,14.17269,97.20048,281.0034,226.9112,0,2,1.876009,286.6,300,0.7,0,0,44.83696,44.83696,1,1,1.007912,1.005225,300,0.7130659,0,0,58.28888,1,0,1,1,19.39626,1.956827,0,1,270,224,0,0,0,1.000472,1.010932,0,1,1,2,60,10.94891,1,1000,5,27.1,14.7,1.116276,13.05226,1.4958,1.4958,1,0,16,0,13.2042,13.2042,1,1,150,0,0,0,127,30,0,0,30,1,-120.3117,
160.6883,1275.619,29.21209,0.08051707,0,89.56923,20.41681,14.21527,97.21064,282.0376,226.3008,0,2,1.807127,287.03,300,0.7,0,0,44.20255,44.20255,1,1,1.004931,1.005393,300,0.6917219,0,0,58.28888,1,0,1,1,19.15722,1.946183,0,1,270,220,0,0,0,1.000431,1.010834,0,1,1,2,20,10.75269,1,1000,5,27.1,14.7,1.116276,13.05165,1.508636,1.508636,1,0,16,0,13.19136,13.19136,1,1,150,0,0,0,127,30,0,0,30,1,-120.7879,
160.7901,1268.767,28.93483,0,0,89.63054,20.47071,14.22992,97.19032,277.0021,229.963,0,2,1.765701,287.03,300,0.7,0,0,43.96284,43.96284,1,1,1.003906,1.005208,300,0.6813467,0,0,58.28888,1,0,1,1,19.11424,1.94252,0,1,270,236,0,0,0,1.000369,1.010941,0,1,1,2,30,10.60071,1,1000,5,27.1,14.7,1.116276,13.05089,1.460448,1.460448,1,0,16,0,13.23955,13.23955,1,1,150,0,0,0,127,30,0,0,30,1,-121.0652,
160.8913,1246.883,29.97757,0.03100424,0,89.5556,20.44294,14.25464,97.25128,278.3585,229.0475,0,2,1.745636,287.84,300,0.7,0,0,44.38209,44.38209,1,1,1.002175,1.005304,300,0.6936646,0,0,58.28888,1,0,1,1,18.90532,1.936339,0,1,270,220,0,0,0,1.000444,1.010886,0,1,1,2,30,10.48951,1,1000,5,27.1,14.7,1.08644,13.04906,1.427293,1.427293,1,0,16,0,13.27271,13.27271,1,1,150,0,0,0,127,30,0,0,30,1,-120.0224,
160.9914,1181.288,30.24277,0.02393097,0,89.60329,20.45601,14.19329,97.19032,277.2395,228.7995,0,2,1.663648,287.97,300,0.7,0,0,44.49928,44.49928,1,1,1.006469,1.005259,300,0.701687,0,0,58.28888,1,0,1,1,18.39222,1.951676,0,1,270,236,0,0,0,1.000397,1.010912,0,1,1,2,40,10.06711,1,1000,5,27.1,14.69823,1.08644,13.04952,1.410254,1.410254,1,0,16,0,13.28903,13.28903,1,1,150,0,0,0,127,30,0,0,30,1,-119.7572,
161.0936,1194.886,30.64058,0.01449996,0,89.60329,20.39068,14.34529,97.25128,283.4448,227.9984,0,2,1.692755,287.22,300,0.7,0,0,44.74731,44.74731,1,1,0.9958294,1.005482,300,0.715073,0,0,58.28888,1,0,1,1,18.48557,1.913676,0,1,270,212,0,0,0,1.000397,1.010781,0,1,1,2,20,10.35673,1,1000,5,27.1,14.69562,1.08644,13.04921,1.363161,1.363161,1,0,16,0,13.33341,13.33341,1,1,150,0,0,0,127,30,0,0,30,1,-119.3594,
161.1957,1272.589,29.82688,0.01685771,0,89.65778,20.46907,14.24091,97.36306,281.4612,226.9112,0,2,1.802834,286.76,300,0.7,0,0,44.53169,44.53169,1,1,1.003136,1.005214,300,0.6924075,0,0,58.28888,1,0,1,1,19.10957,1.939773,0,1,270,240,0,0,0,1.000342,1.010938,0,1,1,2,30,10.36866,1,1000,5,27.1,14.7,1.08644,13.04967,1.316109,1.316109,1,0,16,0,13.38289,13.38289,1,1,150,0,0,0,127,30,0,0,30,1,-120.1731,
161.2982,1267.106,29.14579,0.02393097,0,89.67141,20.42988,14.20886,97.33257,264.7779,229.2,0,2,1.773948,287.73,300,0.7,0,0,44.06943,44.06943,1,1,1.00538,1.005348,300,0.6696014,0,0,58.28888,1,0,1,1,19.09313,1.947785,0,1,270,216,0,0,0,1.000329,1.01086,0,1,1,2,30,10.45296,1,1000,5,27.1,14.7,1.08644,13.04921,1.202855,1.202855,1,0,16,0,13.49715,13.49715,1,1,150,0,0,0,127,30,0,0,30,1,-120.8542,
161.3985,1194.41,29.74853,0,0,89.63054,20.39721,14.35857,97.24112,262.3535,226.606,0,2,1.672174,287.89,300,0.7,0,0,44.21099,44.21099,1,1,0.9949,1.00546,300,0.6715643,0,0,58.28888,1,0,1,1,18.50672,1.910357,0,1,270,228,0,0,0,1.000369,1.010794,0,1,1,2,50,10.16949,1,1000,5,27.1,14.7,1.064036,13.04967,1.132827,1.132827,1,0,16,0,13.56448,13.56448,1,1,150,0,0,0,127,30,0,0,30,1,-120.2515,
161.5016,1185.349,34.36552,6.177669,0,89.57604,20.39721,14.27387,97.28177,261.7939,233.7205,0,2,2.156786,284.38,300,0.7,0,0,46.30092,68.98354,1,1,1.000829,1.00546,300,1.213131,22.68262,0.5046026,180.7139,1,0,1,1,18.31424,1.931532,0,1,270,248,0,0,0,1.000424,1.010794,0,1,1,2,40,9.857612,1,1000,6,25,14.66877,1.064036,13.0518,0.9718266,0.9718266,1,0,16,0,13.69914,13.69914,1,1,150,0,0,0,127,30,0,0,30,1,-115.6345,
161.6026,1255.073,73.89324,16.98091,0,89.6101,20.43804,14.13469,97.19032,279.6639,281.0616,0,2,5.9093,256.17,300,0.7,0,0,76.84012,124.6782,1,1,1.010572,1.00532,300,4.806515,47.83809,0.6784242,278.4886,1,0,1,1,20.05226,1.966327,0,1,270,228,0,0,0,1.00039,1.010876,0,1,1,2,50,9.977827,1,1000,6,25,14.38659,1.064036,13.05089,0.5593767,0.5593767,1,0,16,0,13.88073,13.88073,1,1,150,0,0,0,127,30,0,0,30,1,-76.10676,
161.7047,1508.296,86.89436,17.72842,0,89.50792,20.37761,14.18551,97.19032,294.6348,292.5822,0,2,8.547009,238.61,300,0.7,0,0,75.37279,123.2109,1,1,1.007014,1.005527,300,5.780474,47.83809,0.6784242,278.4886,1,0,1,1,20.27597,1.953622,0,1,270,284,0,0,0,1.000492,1.010755,0,1,1,2,40,12.06434,1,1000,6,25,13.90439,1.064036,13.05089,-0.2824821,-0.2824821,1,0,16,0,14.17783,14.17783,1,1,150,0,0,0,128,30,0,0,30,1,-63.10564,
161.8067,1318.334,93.72944,13.15288,0,89.54198,20.45601,14.18597,97.19032,272.0005,293.2879,0,2,5.844612,263.72,300,0.7,0,0,80.87251,80.87251,1,1,1.006982,1.005259,300,4.244513,0,0,278.4886,1,0,1,1,18.73445,1.953508,0,1,270,288,0,0,0,1.000458,1.010912,0,1,1,2,60,11.52369,1,1000,6,25,13.4048,1.064036,13.05211,-0.8541641,-0.8541641,1,0,16,0,14.20371,14.20371,1,1,150,0,0,0,127,30,0,0,30,1,-56.27056,
161.9076,1250.417,92.22259,17.72366,0,89.64416,20.40375,14.17361,97.32241,310.0125,292.792,0,2,7.48166,233.49,300,0.7,0,0,81.99559,119.1497,1,1,1.007848,1.005438,300,6.122686,37.15414,0.4505688,150.32,1,0,1,1,18.46854,1.956598,0,1,270,324,0,0,0,1.000356,1.010808,0,1,1,2,20,10.03345,1,1000,6,25,13.46686,1.063739,13.05211,1.129516,1.129516,1,0,16,0,12.23531,12.23531,1,1,150,0,0,0,128,30,0,0,30,1,-57.77741,
162.0089,1604.021,90.19135,13.74328,0,89.58966,20.40375,14.41397,97.16999,302.739,301.9665,0,2,6.148746,259.08,300,0.7,0,0,75.23647,75.23647,1,1,0.9910221,1.005438,300,3.711613,0,0,150.32,1,0,1,1,20.57948,1.897672,0,1,270,268,0,0,0,1.00041,1.010808,0,1,1,2,30,13.25479,1,1000,6,25,13.71931,1.063739,13.05226,2.604443,2.604443,1,0,16,0,11.20379,11.20379,1,1,150,0,0,0,127,30,0,0,30,1,-59.80865,
162.1116,1344.809,91.07135,18.72352,0,89.46024,20.40375,14.32515,97.20048,290.2266,287.1653,0,2,6.701632,250.31,300,0.7,0,0,79.77824,96.62652,1,1,0.9972395,1.005438,300,4.859008,16.84827,0.210108,70.03601,1,0,1,1,19.06993,1.918712,0,1,270,244,0,0,0,1.00054,1.010808,0,1,1,2,20,11.62791,1,1000,6,25,13.59215,1.063739,13.05333,2.424092,2.424092,1,0,16,0,11.07012,11.07012,1,1,150,0,0,0,127,30,0,0,30,1,-58.92865,
162.2125,1631.144,93.22314,23.76565,0,89.52835,20.40375,14.26929,97.16999,322.8809,300.7267,0,2,7.992605,240.49,300,0.7,0,0,75.93611,95.14009,1,1,1.001149,1.005438,300,4.934755,19.20398,0.2491388,83.04627,1,0,1,1,20.41818,1.932676,0,1,270,308,0,0,0,1.000472,1.010808,0,1,1,2,20,11.88904,1,1000,6,25,13.48807,1.063739,13.04967,3.042645,3.042645,1,0,16,0,10.49695,10.49695,1,1,150,0,0,0,127,30,0,0,30,1,-56.77686,
162.3168,1617.512,95.75465,22.67533,0,89.54879,20.41681,14.20474,97.23096,315.6074,294.7757,0,2,8.060602,243.54,300,0.7,0,0,76.5203,95.72429,1,1,1.005668,1.005393,300,4.864941,19.20398,0.2491388,83.04627,1,0,1,1,20.09559,1.948815,0,1,270,324,0,0,0,1.000451,1.010834,0,1,1,2,50,13.86749,1,1000,6,25,13.2917,1,13.04997,1.961285,1.961285,1,0,8,0,11.23497,11.23497,1,1,150,0,0,0,127,30,0,0,30,1,-54.24535,
162.4181,1660.394,96.80341,24.96072,0,89.62373,20.45601,14.23541,97.38338,330.9682,307.5933,0,2,6.641577,250.41,300,0.7,0,0,76.76233,76.76233,1,1,1.003521,1.005259,300,3.968419,0,0,83.04627,1,0,1,1,20.1635,1.941146,0,1,270,284,0,0,0,1.000376,1.010912,0,1,1,2,30,13.29394,1,1000,6,25,13.20811,1,13.05364,2.237436,2.237436,1,0,8,0,11.15183,11.15183,1,1,150,0,0,0,127,30,0,0,30,1,-53.19659,
162.5203,1779.359,97.8763,29.26963,0,89.71909,20.46907,14.06876,97.48499,333.7487,309.5197,0,2,9.104389,233.64,300,0.7,0,0,77.00992,101.5008,1,1,1.015187,1.005214,300,5.343654,24.49091,0.3216009,107.2003,1,0,1,1,20.2391,1.982809,0,1,270,284,0,0,0,1.000281,1.010938,0,1,1,2,40,14.63415,1,1000,6,25,13.11229,1,13.0515,1.862957,1.862957,1,0,8,0,11.42418,11.42418,1,1,150,0,0,0,127,30,0,0,30,1,-52.1237,
162.6205,1753.053,96.59245,28.39118,0,89.72591,20.44784,14.3604,97.33257,330.68,301.7567,0,2,7.05604,247.75,300,0.7,0,0,76.71365,76.71365,1,1,0.9947718,1.005287,300,3.887537,0,0,107.2003,1,0,1,1,20.56711,1.909899,0,1,270,316,0,0,0,1.000274,1.010896,0,1,1,2,40,14.63415,1,1000,6,25,13.21979,0.9833388,13.04906,1.004858,1.004858,1,0,16,0,12.26274,12.26274,1,1,150,0,0,0,127,30,0,0,30,1,-53.40755,
162.722,1923.323,98.39465,29.19107,0,89.72591,20.44784,14.0358,97.45451,350.9236,310.4162,0,2,7.949738,242.23,300,0.7,0,0,77.1069,77.1069,1,1,1.017494,1.005287,300,4.031181,0,0,107.2003,1,0,1,1,20.69155,1.99105,0,1,270,284,0,0,0,1.000274,1.010896,0,1,1,2,30,15.70681,1,1000,6,25,13.05316,0.9833388,13.05455,1.560717,1.560717,1,0,16,0,11.57361,11.57361,1,1,150,0,0,0,127,30,0,0,30,1,-51.60535,
162.8225,1907.911,96.71903,29.56721,0,89.63054,20.41191,14.19696,97.36306,332.6128,294.6422,0,2,8.092725,242.24,300,0.7,0,0,76.70631,76.70631,1,1,1.006213,1.00541,300,3.898499,0,0,107.2003,1,0,1,1,21.18037,1.950761,0,1,270,296,0,0,0,1.000369,1.010824,0,1,1,2,50,16.10018,1,1000,6,25,13.20056,0.9833388,13.05089,0.3561821,0.3561821,1,0,16,0,12.6348,12.6348,1,1,150,0,0,0,127,30,0,0,30,1,-53.28097,
162.9236,1977.066,99.60616,32.48583,0,89.7804,20.45601,14.26655,97.49516,354.9757,307.4407,0,2,8.386055,236.3,300,0.7,0,0,77.39949,77.39949,1,1,1.001342,1.005259,300,4.144256,0,0,107.2003,1,0,1,1,20.54068,1.933363,0,1,270,304,0,0,0,1.00022,1.010912,0,1,1,2,10,16.10018,1,1000,6,25,12.93897,0.9862126,13.04997,-0.1123943,-0.1123943,1,0,16,0,13.096,13.096,1,1,150,0,0,0,127,30,0,0,30,1,-50.39384,
163.0251,2084.781,100.2812,33.56187,0,89.72591,20.35802,14.09806,97.39355,369.76,309.9012,0,2,8.947185,236.19,300,0.7,0,0,77.55237,77.55237,1,1,1.013135,1.005594,300,4.196466,0,0,107.2003,1,0,1,1,20.81425,1.975484,0,1,270,332,0,0,0,1.000274,1.010716,0,1,1,2,20,17.44186,1,1000,6,25,12.8925,0.9862126,13.05028,-0.4214582,-0.4214582,1,0,16,0,13.35636,13.35636,1,1,150,0,0,0,127,30,0,0,30,1,-49.71877,
163.1296,2108.963,100.673,33.26429,0,89.59647,20.41191,14.44098,97.46468,369.2853,308.3562,0,2,9.226714,232.07,300,0.7,0,0,77.62669,77.62669,1,1,0.9891313,1.00541,300,4.220541,0,0,107.2003,1,0,1,1,20.79812,1.89317,0,1,270,328,0,0,0,1.000404,1.010824,0,1,1,2,40,17.47573,1,1000,6,25,12.88205,0.9862126,13.05226,-0.493618,-0.493618,1,0,16,0,13.35381,13.35381,1,1,150,0,0,0,127,30,0,0,30,1,-49.32699,
163.232,2215.167,100.5525,33.35714,0,89.58966,20.38251,14.40573,97.27161,379.2375,304.7894,0,2,9.506756,230,300,0.7,0,0,77.60889,77.60889,1,1,0.991599,1.00551,300,4.246798,0,0,107.2003,1,0,1,1,21.3007,1.899045,0,1,270,308,0,0,0,1.00041,1.010765,0,1,1,2,30,18.25558,1,1000,6,25,12.88527,0.9939653,13.05226,-0.2511053,-0.2511053,1,0,16,0,13.20283,13.20283,1,1,150,0,0,0,127,30,0,0,30,1,-49.44754,
163.3345,2282.931,100.5585,31.89306,0,89.65097,20.43478,14.24457,97.30209,367.4881,302.2526,0,2,10.29222,225.4,300,0.7,0,0,77.82237,77.82237,1,1,1.00288,1.005331,300,4.258209,0,0,107.2003,1,0,1,1,21.5958,1.938857,0,1,270,296,0,0,0,1.000349,1.01087,0,1,1,2,20,18.75,1,1000,6,25,12.88511,0.9939653,13.04967,-0.3399878,-0.3399878,1,0,16,0,13.16386,13.16386,1,1,150,0,0,0,127,30,0,0,30,1,-49.44151,
163.4364,2358.862,101.5349,31.62643,0,89.69865,20.35148,14.44968,97.32241,370.7094,306.1437,0,2,10.73282,223.52,300,0.7,0,0,78.50986,78.50986,1,1,0.9885224,1.005617,300,4.346633,0,0,107.2003,1,0,1,1,21.65215,1.89172,0,1,270,268,0,0,0,1.000301,1.010703,0,1,1,2,40,19.78022,1,1000,6,25,12.85907,0.9939653,13.05196,-0.04539299,-0.04539299,1,0,16,0,12.84981,12.84981,1,1,150,0,0,0,127,30,0,0,30,1,-48.46507,
163.5376,2423.459,101.6133,31.93115,0,89.70547,20.44294,14.46067,97.38338,377.6947,308.1655,0,2,11.06713,217.21,300,0.7,0,0,78.94344,78.94344,1,1,0.9877532,1.005304,300,4.367259,0,0,107.2003,1,0,1,1,21.9203,1.889889,0,1,270,296,0,0,0,1.000295,1.010886,0,1,1,2,40,20.13423,1,1000,6,25,12.85698,0.992406,13.04982,0.1952267,0.1952267,1,0,16,0,12.60775,12.60775,1,1,150,0,0,0,127,30,0,0,30,1,-48.38671,
163.6378,2482.622,102.662,31.94305,0,89.75996,20.38905,14.39749,97.45451,389.0711,309.2718,0,2,11.25455,218.05,300,0.7,0,0,79.55026,79.55026,1,1,0.9921759,1.005488,300,4.456043,0,0,107.2003,1,0,1,1,21.90332,1.900628,0,1,270,308,0,0,0,1.00024,1.010778,0,1,1,2,30,20.59496,1,1000,6,25,12.82901,0.992406,13.05058,0.3751774,0.3751774,1,0,16,0,12.45641,12.45641,1,1,150,0,0,0,127,30,0,0,30,1,-47.33795,
163.7402,2581.533,103.3311,30.90749,0,89.65778,20.37108,14.36819,97.4037,377.6099,304.9229,0,2,12.1117,213.55,300,0.7,0,0,80.34291,80.34291,1,1,0.994227,1.00555,300,4.489376,0,0,107.2003,1,0,1,1,22.26715,1.907953,0,1,270,272,0,0,0,1.000342,1.010742,0,1,1,2,20,21.42857,1,1000,6,25,12.81117,0.9820625,13.05135,0.4147291,0.4147291,1,0,16,0,12.32958,12.32958,1,1,150.2964,0,0,0,127,30,0,0,30,1,-46.96535,
163.8433,2620.316,104.5366,29.15774,0,89.58285,20.29269,14.28532,97.33257,374.4903,305.6096,0,2,12.11896,212.05,300,0.7,0,0,80.86569,80.86569,1,1,1.000028,1.005818,300,4.585116,0,0,107.2003,1,0,1,1,22.18001,1.92867,0,1,270,280,0,0,0,1.000417,1.010585,0,1,1,2,30,21.73913,1,1000,6,25,12.77496,0.9820625,13.05089,0.6342335,0.6342335,1,0,16,0,12.14619,12.14619,1,1,150.3673,0,0,0,127,30,0,0,30,1,-45.8307,
163.9444,2704.164,101.981,26.29625,0,89.60329,20.37598,14.15117,97.4037,380.0683,302.882,0,2,12.18201,211.85,300,0.7,0,0,80.84086,80.84086,1,1,1.009418,1.005533,300,4.393349,0,0,107.2003,1,0,1,1,23.29559,1.962207,0,1,270,320,0,0,0,1.000397,1.010752,0,1,1,2,30,22.55639,1,1000,6,25,12.82634,0.9688817,13.04845,0.5633993,0.5633993,1,0,16,0,12.24046,12.24046,1,1,150.4285,0,0,0,127,30,0,0,30,1,-48.44754,
164.0465,2765.232,97.21328,20.40423,0,89.68503,20.34495,14.14934,97.37322,397.0228,303.0156,0,2,11.77528,214.72,300,0.7,0,0,80.12211,80.12211,1,1,1.009546,1.005639,300,4.055513,0,0,107.2003,1,0,1,1,24.77509,1.962664,0,1,270,260,0,0,0,1.000315,1.01069,0,1,1,2,30,23.0179,1,1000,6,25,13.12697,0.9688817,13.05028,0.8747282,0.8747282,1,0,16,0,12.19375,12.19375,1,1,150.0357,0,0,0,127,30,0,0,30,1,-52.82246,
164.1499,2805.574,92.95793,18.49736,0,89.69865,20.32535,14.34392,97.29193,381.1364,295.7103,0,2,11.05864,220.81,300,0.7,0,0,79.3513,79.3513,1,1,0.9959255,1.005706,300,3.628184,0,0,107.2003,1,0,1,1,25.82185,1.91402,0,1,270,252,0,0,0,1.000301,1.010651,0,1,1,2,30,23.31606,1,1000,6,25,13.52162,0.9427791,13.05272,1.177139,1.177139,1,0,16,0,12.35186,12.35186,1,1,150,0,0,0,127,30,0,0,30,1,-57.04207,
164.2529,2900.232,94.98314,20.39947,0,89.64416,20.28616,14.3366,97.34274,406.636,301.1463,0,2,11.28674,218.86,300,0.7,0,0,79.44369,79.44369,1,1,0.9964383,1.005841,300,3.767693,0,0,60.47607,1,0,1,1,25.89733,1.915851,0,1,270,288,0,0,0,1.000356,1.010572,0,1,1,2,30,23.87268,1,1000,6,25,13.3216,0.9427791,13.05348,0.8493385,0.8493385,1,0,16,0,12.59262,12.59262,1,1,150.0533,0,0,0,126,30,0,0,30,1,-55.07014,
164.3543,2980.626,91.01108,17.05709,0,89.64416,20.40375,14.21344,97.37322,405.2118,295.7103,0,2,10.82961,222.09,300,0.7,0,0,78.11539,78.11539,1,1,1.005059,1.005438,300,3.450815,0,0,60.47607,1,0,1,1,27.07952,1.94664,0,1,270,236,0,0,0,1.000356,1.010808,0,1,1,2,40,24.65753,1,1000,6,25,13.70131,0.9427791,13.05089,1.353118,1.353118,1,0,16,0,12.47012,12.47012,1,1,150,0,0,0,126,30,0,0,30,1,-58.98892,
164.4573,2972.652,90.05875,17.8665,0,89.77359,20.29759,14.16994,97.46468,407.4498,295.386,0,2,10.35474,224.45,300,0.7,0,0,77.91031,77.91031,1,1,1.008104,1.005801,300,3.287615,0,0,60.47607,1,0,1,1,27.22672,1.957514,0,1,270,256,0,0,0,1.000226,1.010595,0,1,1,2,50,24.59016,1,1000,6,25,13.79427,0.9162341,13.0515,0.6503916,0.6503916,1,0,16,0,13.25638,13.25638,1,1,150,0,0,0,126,30,0,0,30,1,-59.94125,
164.5598,3106.555,87.75628,17.83793,0,89.7804,20.32535,14.28486,97.48499,406.3647,290.5604,0,2,10.7435,222.74,300,0.7,0,0,76.67147,76.67147,1,1,1.00006,1.005706,300,3.132225,0,0,60.47607,1,0,1,1,28.18867,1.928785,0,1,272.1311,220,0,0,0,1.00022,1.010651,0,1,1,2,30,25.71428,1,1000,6,25,13.93462,0.9196104,13.0515,-0.07557297,-0.07557297,1,0,16,0,13.98488,13.98488,1,1,150,0,0,0,126,30,0,0,30,1,-62.24372,
164.6617,3141.361,86.45436,17.85697,0,89.65778,20.27962,14.14202,97.38338,397.7858,291.3043,0,2,10.73298,222.26,300,0.7,0,0,76.10818,76.10818,1,1,1.010059,1.005863,300,3.046583,0,0,60.47607,1,0,1,1,28.56623,1.964496,0,1,272.8272,268,0,0,0,1.000342,1.010559,0,1,1,2,30,26.31579,1,1000,6,25,14.01274,0.9196104,13.05241,-0.3871231,-0.3871231,1,0,16,0,14.35646,14.35646,1,1,150,0,0,0,126,30,0,0,30,1,-63.54564,
164.764,3237.294,88.33491,18.15455,0,89.71228,20.32535,14.09806,97.34274,412.977,292.2198,0,2,10.92587,221.17,300,0.7,0,0,76.19643,76.19643,1,1,1.013135,1.005706,300,3.180248,0,0,60.47607,1,0,1,1,28.5326,1.975484,0,1,274.7459,240,0,0,0,1.000288,1.010651,0,1,1,2,40,26.54867,1,1000,6,25,13.89991,0.9309878,13.05318,-0.5139742,-0.5139742,1,0,16,0,14.5542,14.5542,1,1,150,0,0,0,126,30,0,0,30,1,-61.66509,
164.8659,3291.639,85.87572,18.02838,0,89.54879,20.31882,14.28074,97.28177,402.906,288.8438,0,2,10.88984,221.49,300,0.7,0,0,75.13712,75.13712,1,1,1.000348,1.005729,300,3.017228,0,0,60.47607,1,0,1,1,29.20586,1.929815,0,1,275.8328,280,0,0,0,1.000451,1.010638,0,1,1,2,20,27.27273,1,1000,6,25,14.04746,0.9309878,13.05318,-0.7103195,-0.7103195,1,0,16,0,14.80117,14.80117,1,1,150,0,0,0,126,30,0,0,30,1,-64.12428,
164.9664,3318.951,84.21819,16.4786,0,89.6101,20.35148,14.34529,97.25128,405.4322,288.6912,0,2,11.06317,221.88,300,0.7,0,0,74.39338,74.39338,1,1,0.9958294,1.005617,300,2.954665,0,0,60.47607,1,0,1,1,29.62704,1.913676,0,1,276.379,276,0,0,0,1.00039,1.010703,0,1,1,2,20,27.43903,1,1000,6,25,14.14691,0.9456699,13.05272,-0.7546377,-0.7546377,1,0,16,0,14.86538,14.86538,1,1,150,0,0,0,126,30,0,0,30,1,-65.78181,
165.0695,3420.753,67.69707,8.424988,0,89.64416,20.34985,14.17819,97.3529,417.6394,269.77,0,2,8.836945,236.44,300,0.7,0,0,67.26703,67.26703,1,1,1.007527,1.005622,300,2.060212,0,0,60.47607,1,0,1,1,36.55164,1.955454,0,1,278.415,296,0,0,0,1.000356,1.0107,0,1,1,2,40,28.48101,1,1000,6,25,14.74606,0.9456699,13.05333,-0.06172752,-0.06172752,1,0,16,0,14.79272,14.79272,1,1,150,0,0,0,125,30,0,0,30,1,-82.30293,
165.1707,3305.057,42.06252,1.377282,0,89.67141,20.38905,14.28898,97.4037,403.652,241.4454,0,2,5.420953,260.96,300,0.7,0,0,50.95032,50.95032,1,1,0.9997714,1.005488,300,0.9471406,0,0,60.47607,1,0,1,1,41.10155,1.927755,0,1,276.1011,268,0,0,0,1.000329,1.010778,0,1,1,2,30,27.86378,1,1000,6,25,15,0.9397741,13.04997,1.084073,1.084073,1,0,16,0,13.91593,13.91593,1,1,150,0,0,0,126,30,0,0,30,1,-107.9375,
165.2715,3327.418,27.68715,0.6841021,0,89.70547,20.30249,14.30775,97.34274,405.2118,226.1483,0,2,4.048358,270.47,300,0.7,0,0,36.33768,36.33768,1,1,0.9984573,1.005785,300,0.4446792,0,0,60.47607,1,0,1,1,40.12903,1.923062,0,1,276.5484,252,0,0,0,1.000295,1.010605,0,1,1,2,40,27.69231,1,1000,6,25,15,0.9397741,13.05089,2.428929,2.428929,1,0,16,0,12.57107,12.57107,1,1,150,0,0,0,126,30,0,0,30,1,-122.3128,
165.3752,3412.193,22.19619,0.4813353,0,89.73272,20.34822,14.27387,97.48499,421.8611,220.5406,0,2,3.611238,274.05,300,0.7,0,0,30.56997,30.56997,1,1,1.000829,1.005628,300,0.2833168,0,0,60.47607,1,0,1,1,39.77535,1.931532,0,1,278.2439,284,0,0,0,1.000267,1.010696,0,1,1,2,20,28.30189,1,1000,6,25,15,0.8878739,13.05715,3.665053,3.665053,1,0,16,0,11.33495,11.33495,1,1,150,0,0,0,126,30,0,0,30,1,-127.8038,
165.4771,3342.991,21.05098,0.5379214,0,89.69865,20.29922,14.04312,97.34274,411.9088,218.2326,0,2,3.482282,274.97,300,0.7,0,0,29.99301,29.99301,1,1,1.016981,1.005796,300,0.2398077,0,0,60.47607,1,0,1,1,39.59731,1.989219,0,1,276.8598,264,0,0,0,1.000301,1.010598,0,1,1,2,20,28.125,1,1000,6,25,15,0.8075659,13.05211,4.065554,4.065554,1,0,16,0,10.93445,10.93445,1,1,150,0,0,0,126,30,0,0,30,1,-128.949,
165.581,3324.836,19.99619,0.2337711,0,89.68503,20.32372,14.29219,97.30209,408.8062,218.328,0,2,3.38025,275.89,300,0.7,0,0,29.23037,29.23037,1,1,0.999547,1.005712,300,0.2219949,0,0,60.47607,1,0,1,1,39.4924,1.926953,0,1,276.4967,248,0,0,0,1.000315,1.010647,0,1,1,2,20,27.69231,1,1000,6,25,15,0.8075659,13.05333,3.984172,3.984172,1,0,16,0,11.01583,11.01583,1,1,150,0,0,0,126,30,0,0,30,1,-130.0038,
165.6819,3342.246,19.87564,0.3280813,0,89.68503,20.16693,14.1205,97.3529,416.3848,217.9465,0,2,3.53721,274.4,300,0.7,0,0,28.99623,28.99623,1,1,1.011565,1.006249,300,0.2711087,0,0,60.47607,1,0,1,1,39.49712,1.969875,0,1,276.8449,272,0,0,0,1.000315,1.010334,0,1,1,2,30,55.90062,1,1000,6,25,15,1,13.05333,3.40919,3.40919,1,0,6,0,11.59081,11.59081,1,1,150,0,0,0,126,30,0,0,30,1,-130.1244,
165.7836,3289.113,19.36934,0.1512497,0,89.6101,20.32535,14.23908,97.31226,405.144,217.6223,0,2,3.453569,275.18,300,0.7,0,0,28.95365,28.95365,1,1,1.003265,1.005706,300,0.2637746,0,0,60.47607,1,0,1,1,39.41352,1.940231,0,1,275.7823,260,0,0,0,1.00039,1.010651,0,1,1,2,30,27.35562,1,1000,6,25,15,1,13.05226,0.522748,0.522748,1,0,6,0,14.47725,14.47725,1,1,150,0,0,0,126,30,0,0,30,1,-130.6307,
165.8842,3252.032,19.07399,0.5096283,0,89.58966,20.25023,14.36361,97.24112,402.8043,217.2408,0,2,3.387534,275.91,300,0.7,0,0,28.9643,28.9643,1,1,0.9945475,1.005964,300,0.2598813,0,0,60.47607,1,0,1,1,39.3639,1.909098,0,1,275.0406,272,0,0,0,1.00041,1.0105,0,1,1,2,20,27.19033,1,1000,6,25,15,1,13.0515,-7.016273,-7.016273,1,0,6,0,22.01627,22.01627,1,1,150,0,0,0,126,30,0,0,30,1,-130.926,
165.9864,3255.208,19.02577,0.502555,0,89.67822,20.35148,14.38375,97.30209,408.128,216.2489,0,2,3.417969,275.55,300,0.7,0,0,28.89878,28.89878,1,1,0.9931373,1.005617,300,0.2585777,0,0,60.47607,1,0,1,1,39.36272,1.904062,0,1,275.1042,264,0,0,0,1.000322,1.010703,0,1,1,2,40,27.35562,1,1000,6,25,15,1,13.0515,-18.37244,-18.37244,1,0,6,0,33.37244,33.37244,1,1,150,0,0,0,126,30,0,0,30,1,-130.9742,
166.0881,3229.279,19.73098,0.9953256,0,89.67141,20.31229,14.33797,97.30209,400.6002,216.7067,0,2,3.579117,274.62,300,0.7,0,0,29.71458,29.72076,1,1,0.9963422,1.005751,300,0.2758068,0.006182248,0.0002131164,77.73443,1,0,1,1,39.39239,1.915508,0,1,274.5856,240,0,0,0,1.000329,1.010625,0,1,1,2,30,26.94611,1,1000,6,25,15,1,13.05089,-30.83403,-30.83403,1,0,6,0,45.83403,45.83403,1,1,150,0,0,0,126,30,0,0,30,1,-130.269,
166.1883,3186.743,21.11728,3.610075,0,89.6646,20.30412,14.24457,97.36306,404.7879,219.6822,0,2,3.744423,272.33,300,0.7,0,0,31.28789,41.29156,1,1,1.00288,1.005779,300,0.4101133,10.00368,0.3307,144.9788,1,0,1,1,39.44406,1.938857,0,1,273.7349,264,0,0,0,1.000335,1.010608,0,1,1,2,30,26.39296,1,1000,6,25,15,1,13.05318,-39.57371,-39.57371,1,0,6,0,54.57371,54.57371,1,1,150,0,0,0,126,30,0,0,30,1,-128.8827,
166.2913,3250.271,26.96989,5.416114,0,89.65097,20.24696,14.33339,97.24112,415.9948,224.6223,0,2,4.198267,269.69,300,0.7,0,0,36.08691,44.8273,1,1,0.9966627,1.005975,300,0.5686797,8.740392,0.2430823,107.2751,1,0,1,1,39.92693,1.916652,0,1,275.0054,248,0,0,0,1.000349,1.010494,0,1,1,2,10,26.86567,1,1000,6,25,15,1,13.05379,-53.66996,-53.66996,1,0,7,0,68.66996,68.66996,1,1,150,0,0,0,126,30,0,0,30,1,-123.0301,
166.3929,3281.558,34.05209,6.903776,0,89.69865,20.27636,14.31737,97.41386,408.6366,231.4889,0,2,4.89499,264.97,300,0.7,0,0,42.7562,42.7562,1,1,0.9977843,1.005874,300,0.8217335,0,0,228.3723,1,0,1,1,40.49541,1.920658,0,1,275.6312,236,0,0,0,1.000301,1.010553,0,1,1,2,30,27.52294,1,1000,6,25,15,1.2,13.05119,-45.80056,-45.80056,1,0,16,0,60.80056,60.80056,1,1,150,0,0,0,126,30,0,0,30,1,-115.9479,
166.4961,3185.052,36.6921,7.158502,0,89.68503,20.20776,14.36178,97.43419,408.3993,236.8486,0,2,5.096082,264.17,300,0.7,0,0,45.65741,45.65741,1,1,0.9946756,1.006109,300,0.9456285,0,0,228.3723,1,0,1,1,40.49097,1.909556,0,1,273.701,220,0,0,0,1.000315,1.010416,0,1,1,2,30,26.86567,1,1000,6,25,15,1.2,13.05196,-7.482328,-7.482328,1,0,16,0,22.48233,22.48233,1,1,150,0,0,0,127,30,0,0,30,1,-113.3079,
166.5967,3134.796,40.41101,8.025044,0,89.76678,20.28452,14.38696,97.42403,407.9923,239.8814,0,2,5.06792,263.29,300,0.7,0,0,49.81549,49.81549,1,1,0.992913,1.005846,300,0.9467523,0,0,64.87122,1,0,1,1,40.65609,1.903261,0,1,272.6959,252,0,0,0,1.000233,1.010569,0,1,1,2,40,26.01156,1,1000,6,25,15,1,13.05028,-3.38516,-3.38516,1,0,8,0,18.38516,18.38516,1,1,150,0,0,0,127,30,0,0,30,1,-109.589,
166.6982,3259.452,40.95348,8.086941,0,89.64416,20.22899,14.20428,97.30209,410.2981,238.6606,0,2,5.405259,261.51,300,0.7,0,0,49.97311,49.97311,1,1,1.0057,1.006037,300,0.9626913,0,0,64.87122,1,0,1,1,40.94415,1.948929,0,1,275.1891,240,0,0,0,1.000356,1.010458,0,1,1,2,40,26.94611,1,1000,6,25,15,1,13.05394,-2.189236,-2.189236,1,0,8,0,17.18924,17.18924,1,1,150,0,0,0,126,30,0,0,30,1,-109.0465,
166.8006,3213.712,42.0143,8.408323,0,89.64416,20.21429,14.22351,97.31226,404.008,240.6062,0,2,5.516872,259.73,300,0.7,0,0,51.25983,51.25983,1,1,1.004354,1.006087,300,1.040374,0,0,64.87122,1,0,1,1,40.92506,1.944122,0,1,274.2742,268,0,0,0,1.000356,1.010429,0,1,1,2,30,26.78572,1,1000,6,25,15,1.026942,13.0515,-1.876637,-1.876637,1,0,16,0,16.87664,16.87664,1,1,150,0,0,0,126,30,0,0,30,1,-107.9857,
166.9024,3194.548,43.45485,8.78684,0,89.62373,20.22083,14.32332,97.23096,401.9226,243.6961,0,2,5.590459,259.33,300,0.7,0,0,52.77612,52.77612,1,1,0.9973677,1.006065,300,1.107887,0,0,64.87122,1,0,1,1,40.64045,1.91917,0,1,273.891,216,0,0,0,1.000376,1.010442,0,1,1,2,20,26.70623,1,1000,6,25,15,1.026942,13.05272,-3.156696,-3.156696,1,0,16,0,18.1567,18.1567,1,1,150,0,0,0,126,30,0,0,30,1,-106.5452,
167.0032,3253.443,46.86636,10.18902,0,89.71228,20.18163,14.3746,97.58661,415.4184,246.8624,0,2,6.615334,251.86,300,0.7,0,0,55.30851,62.93895,1,1,0.9937783,1.006199,300,1.515079,7.630447,0.1431709,63.19458,1,0,1,1,40.26337,1.906351,0,1,275.0688,240,0,0,0,1.000288,1.010363,0,1,1,2,20,26.86567,1,1000,6,25,15,1.09193,13.05211,-2.931541,-2.931541,1,0,16,0,17.93154,17.93154,1,1,150,0,0,0,126,30,0,0,30,1,-103.1336,
167.1046,3257.683,50.97102,11.27934,0,89.63734,20.16203,14.40481,97.43419,402.8212,252.6608,0,2,6.67825,252.21,300,0.7,0,0,58.64321,58.64321,1,1,0.9916631,1.006266,300,1.536462,0,0,63.19458,1,0,1,1,39.65641,1.899198,0,1,275.1537,256,0,0,0,1.000363,1.010324,0,1,1,2,20,27.02703,1,1000,6,25,14.99029,1.09193,13.05409,-2.448122,-2.448122,1,0,16,0,17.44812,17.44812,1,1,150,0,0,0,126,30,0,0,30,1,-99.02898,
167.206,3271.538,59.4335,15.95248,0,89.75996,20.22083,14.35033,97.45451,417.046,258.1731,0,2,8.42421,238.64,300,0.7,0,0,63.91657,76.21893,1,1,0.9954769,1.006065,300,2.144119,12.30236,0.2080953,92.29462,1,0,1,1,37.86933,1.912417,0,1,275.4308,240,0,0,0,1.00024,1.010442,0,1,1,2,20,27.19033,1,1000,6,25,14.90567,1,13.05425,-1.202685,-1.202685,1,0,8,0,16.11727,16.11727,1,1,150,0,0,0,126,30,0,0,30,1,-90.5665,
167.3074,3369.272,70.47571,18.75208,0,89.48067,20.21756,14.3984,97.31226,407.0429,272.2114,0,2,9.237421,233.3,300,0.7,0,0,68.66942,68.66942,1,1,0.9921118,1.006076,300,2.325608,0,0,138.324,1,0,1,1,35.22433,1.900399,0,1,277.3854,244,0,0,0,1.000519,1.010435,0,1,1,2,20,27.86378,1,1000,6,25,14.68573,1,13.05333,-1.888874,-1.888874,1,0,8,0,16.5925,16.5925,1,1,150,0,0,0,126,30,0,0,30,1,-79.52429,
167.4092,3299.967,73.00119,19.47103,0,89.67822,20.20776,14.39108,97.27161,408.0771,272.9744,0,2,10.0099,226.48,300,0.7,0,0,70.28864,70.28864,1,1,0.9926245,1.006109,300,2.575118,0,0,138.324,1,0,1,1,33.76361,1.90223,0,1,275.9993,256,0,0,0,1.000322,1.010416,0,1,1,2,20,27.43903,1,1000,6,25,14.60997,1.039158,13.05211,-1.255465,-1.255465,1,0,16,0,15.8271,15.8271,1,1,150,0,0,0,126,30,0,0,30,1,-76.99881,
167.5114,3425.049,78.45599,23.27763,0,89.62373,20.1751,14.42038,97.33257,414.3333,277.0371,0,2,11.47391,222.1,300,0.7,0,0,71.93026,71.93026,1,1,0.9905734,1.006221,300,2.958024,0,0,76.3974,1,0,1,1,32.1811,1.896603,0,1,278.501,296,0,0,0,1.000376,1.01035,0,1,1,2,30,27.95031,1,1000,6,25,14.44632,1.073069,13.05379,-1.640515,-1.640515,1,0,16,0,16.05121,16.05121,1,1,151.0107,0,0,0,125,30,0,0,30,1,-72.55466,
167.6116,3474.635,80.69215,24.24178,0,89.87577,20.22736,14.07243,97.59677,413.2652,282.5494,0,2,11.81376,215.89,300,0.7,0,0,73.05199,73.05199,1,1,1.01493,1.006042,300,3.107667,0,0,76.3974,1,0,1,1,31.42688,1.981894,0,1,279.4927,244,0,0,0,1.000124,1.010455,0,1,1,2,20,28.93891,1,1000,6,25,14.35847,1.073069,13.05119,-0.1534319,-0.1534319,1,0,16,0,14.53216,14.53216,1,1,151.3781,0,0,0,125,30,0,0,30,1,-70.68591,
167.7121,3454.231,82.34969,24.9512,0,89.74634,20.1947,14.19879,97.56629,406.5003,286.2497,0,2,12.43523,208.44,300,0.7,0,0,73.56881,73.56881,1,1,1.006085,1.006154,300,3.22059,0,0,76.3974,1,0,1,1,30.62268,1.950303,0,1,279.0846,256,0,0,0,1.000254,1.010389,0,1,1,2,30,28.75399,1,1000,6,25,14.25902,1.074339,13.05287,-0.1642342,-0.1642342,1,0,16,0,14.33176,14.33176,1,1,151.5749,0,0,0,125,30,0,0,30,1,-69.22518,
167.8143,3583.373,83.5612,25.26306,0,89.80083,20.24696,14.36544,97.50532,407.5176,286.3642,0,2,13.37793,200.78,300,0.7,0,0,74.79085,74.79085,1,1,0.9944192,1.005975,300,3.338847,0,0,76.3974,1,0,1,1,30.60154,1.90864,0,1,283.3349,276,0,0,0,1.000199,1.010494,0,1,1,2,20,29.80132,1,1000,6,25,14.18633,1.074339,13.05318,0.02093124,0.02093124,1,0,16,0,14.04135,14.04135,1,1,151.9006,0,0,0,125,30,0,0,30,1,-68.33943,
167.9165,3546.519,52.69486,0.02628873,0,89.70547,20.16857,14.13698,97.42403,407.2463,253.7671,0,2,7.891004,244.88,300,0.7,0,0,59.28558,59.28558,1,1,1.010411,1.006244,300,1.574475,0,0,76.3974,1,0,1,1,40.82364,1.965755,0,1,281.8607,272,0,0,0,1.000295,1.010337,0,1,1,2,30,29.90033,1,1000,6,25,14.97305,1.069465,13.05333,1.251503,1.251503,1,0,16,0,13.7022,13.7022,1,1,150,0,0,0,125,30,0,0,30,1,-97.30514,
168.0173,3365.115,29.21209,0.005068941,0,89.69865,20.19143,14.35033,97.39355,417.7751,228.0175,0,2,4.346607,268.63,300,0.7,0,0,37.71712,37.71712,1,1,0.9954769,1.006165,300,0.5542775,0,0,76.3974,1,0,1,1,40.31681,1.912417,0,1,277.3023,268,0,0,0,1.000301,1.010383,0,1,1,2,20,28.66242,1,1000,6,25,15,1.069465,13.05394,2.428929,2.428929,1,0,16,0,12.57107,12.57107,1,1,150,0,0,0,126,30,0,0,30,1,-120.7879,
168.1193,3653.19,24.47455,3.28942,0,89.6646,20.24696,14.16399,97.44435,422.3867,222.4289,0,2,5.023137,264.92,300,0.7,0,0,33.95566,54.43875,1,1,1.008521,1.005975,300,0.6384426,20.48309,0.6281079,449.2295,1,0,1,1,40.16029,1.959002,0,1,286.1276,264,0,0,0,1.000335,1.010494,0,1,1,2,30,29.70297,1,1000,6,25,15,1.01873,13.05318,4.282569,4.282569,1,0,16,0,10.71743,10.71743,1,1,150,0,0,0,125,30,0,0,30,1,-125.5255,
168.2202,3653.635,23.5403,0.4601155,0,89.56242,20.1163,14.45701,97.24112,413.8755,221.418,0,2,4.293021,269.2,300,0.7,0,0,33.18594,33.18594,1,1,0.9880096,1.006423,300,0.3675629,0,0,73.20251,1,0,1,1,40.05005,1.890499,0,1,286.1454,260,0,0,0,1.000438,1.010233,0,1,1,2,30,30.20134,1,1000,6,25,15,1,13.05394,4.856791,4.856791,1,0,8,0,10.14321,10.14321,1,1,150,0,0,0,125,30,0,0,30,1,-126.4597,
168.3217,3433.673,22.87729,3.077222,0,89.60329,20.1996,14.37276,97.30209,403.7368,220.5215,0,2,4.435161,268.16,300,0.7,0,0,31.26961,31.26961,1,1,0.9939065,1.006137,300,0.3365293,0,0,603.8078,1,0,1,1,39.86702,1.906809,0,1,278.6735,256,0,0,0,1.000397,1.010399,0,1,1,2,40,28.93891,1,1000,6,25,15,1,13.05379,4.526396,4.526396,1,0,8,0,10.4736,10.4736,1,1,150,0,0,0,125,30,0,0,30,1,-127.1227,
168.4252,3486.75,23.78742,0.8114208,0,89.65097,20.1751,14.3105,97.33257,423.5565,223.0964,0,2,3.95165,271.14,300,0.7,0,0,32.36248,32.36248,1,1,0.9982651,1.006221,300,0.3621427,0,0,195.4793,1,0,1,1,40.03013,1.922375,0,1,279.735,248,0,0,0,1.000349,1.01035,0,1,1,2,30,28.93891,1,1000,6,25,15,1,13.05287,4.189516,4.189516,1,0,8,0,10.81048,10.81048,1,1,150,0,0,0,126,30,0,0,30,1,-126.2126,
168.5256,3547.777,19.50797,0.03336199,0,89.6101,20.21103,14.29905,97.36306,420.047,217.0119,0,2,3.75473,273.39,300,0.7,0,0,29.08805,29.08805,1,1,0.9990663,1.006098,300,0.2669393,0,0,195.4793,1,0,1,1,39.58504,1.925237,0,1,281.9111,268,0,0,0,1.00039,1.010422,0,1,1,2,10,29.41176,1,1000,6,25,15,1,13.05333,2.985042,2.985042,1,0,8,0,12.01496,12.01496,1,1,150,0,0,0,125,30,0,0,30,1,-130.492,
168.6266,3402.904,18.7666,0,0,89.71909,20.14897,14.27937,97.49516,412.7057,215.2571,0,2,3.516334,274.86,300,0.7,0,0,27.65487,27.65487,1,1,1.000444,1.006311,300,0.2441373,0,0,195.4793,1,0,1,1,39.44459,1.930158,0,1,278.0581,316,0,0,0,1.000281,1.010298,0,1,1,2,30,28.39117,1,1000,6,25,15,1,13.05089,1.914081,1.914081,1,0,6,0,13.08592,13.08592,1,1,150,0,0,0,126,30,0,0,30,1,-131.2334,
168.7273,3451.45,18.38687,0,0,89.63054,20.18163,14.153,97.44435,410.1286,215.8866,0,2,3.537736,274.43,300,0.7,0,0,27.60384,27.60384,1,1,1.00929,1.006199,300,0.238766,0,0,195.4793,1,0,1,1,39.43959,1.961749,0,1,279.029,264,0,0,0,1.000369,1.010363,0,1,1,2,30,28.48101,1,1000,6,25,15,1,13.05089,1.192721,1.192721,1,0,6,0,13.80728,13.80728,1,1,150,0,0,0,126,30,0,0,30,1,-131.6131,
168.828,3447.88,18.10358,0,0,89.70547,20.1702,14.34484,97.33257,410.8576,214.7993,0,2,3.534076,274.13,300,0.7,0,0,27.34635,27.34635,1,1,0.9958615,1.006238,300,0.2328808,0,0,195.4793,1,0,1,1,39.40911,1.913791,0,1,278.9576,276,0,0,0,1.000295,1.01034,0,1,1,2,30,28.75399,1,1000,6,25,15,1,13.05211,-0.000164032,-0.000164032,1,0,6,0,15.00016,15.00016,1,1,150,0,0,0,126,30,0,0,30,1,-131.8964,
168.9306,3359.086,18.09755,0,0,89.71909,20.1947,14.26288,97.59677,404.6693,215.9438,0,2,3.387079,275.33,300,0.7,0,0,27.3633,27.3633,1,1,1.001598,1.006154,300,0.2329362,0,0,195.4793,1,0,1,1,39.35654,1.934279,0,1,277.1817,288,0,0,0,1.000281,1.010389,0,1,1,2,30,28.03738,1,1000,6,25,15,1,13.05303,-4.062279,-4.062279,1,0,6,0,19.06228,19.06228,1,1,150,0,0,0,126,30,0,0,30,1,-131.9025,
169.033,3383.713,17.69372,0,0,89.65778,20.16857,14.06785,97.4037,411.451,215.1808,0,2,3.496503,275.3,300,0.7,0,0,26.85477,26.85477,1,1,1.015251,1.006244,300,0.2235281,0,0,195.4793,1,0,1,1,39.3344,1.983038,0,1,277.6743,268,0,0,0,1.000342,1.010337,0,1,1,2,20,27.95031,1,1000,6,25,15,1,13.05592,-9.985636,-9.985636,1,0,6,0,24.98564,24.98564,1,1,150,0,0,0,126,30,0,0,30,1,-132.3063,
169.1346,3355.329,17.43454,0,0,89.72591,20.1947,14.21893,97.54597,408.2467,214.3416,0,2,3.411252,275.99,300,0.7,0,0,26.82655,26.82655,1,1,1.004675,1.006154,300,0.2199992,0,0,195.4793,1,0,1,1,39.297,1.945267,0,1,277.1066,256,0,0,0,1.000274,1.010389,0,1,1,2,20,27.95031,1,1000,6,25,15,1,13.05119,-18.0943,-18.0943,1,0,6,0,33.0943,33.0943,1,1,150,0,0,0,125,30,0,0,30,1,-132.5655,
169.2356,3311.624,17.45262,0,0,89.62373,20.16857,14.18414,97.47484,413.5534,215.6577,0,2,3.339221,275.84,300,0.7,0,0,27.13351,27.13351,1,1,1.00711,1.006244,300,0.2227783,0,0,195.4793,1,0,1,1,39.27701,1.953966,0,1,276.2325,232,0,0,0,1.000376,1.010337,0,1,1,2,30,27.52294,1,1000,6,25,15,1,13.05272,-27.93404,-27.93404,1,0,6,0,42.93404,42.93404,1,1,150,0,0,0,126,30,0,0,30,1,-132.5474,
169.3361,3295.255,17.62139,0.009784449,0,89.61691,20.09671,14.24091,97.63742,400.1255,217.546,0,2,3.322715,275.72,300,0.7,0,0,27.38941,27.38941,1,1,1.003136,1.00649,300,0.2270789,0,0,195.4793,1,0,1,1,39.28208,1.939773,0,1,275.9051,244,0,0,0,1.000383,1.010193,0,1,1,2,30,27.43903,1,1000,6,25,15,1,13.05531,-39.99181,-39.99181,1,0,6,0,54.99181,54.99181,1,1,150,0,0,0,126,30,0,0,30,1,-132.3786,
169.4371,3215.09,17.04276,0,0,89.70547,20.12284,14.05686,97.6679,410.0947,214.1127,0,2,3.268675,276.65,300,0.7,0,0,27.41012,27.41012,1,1,1.01602,1.006401,300,0.2197608,0,0,195.4793,1,0,1,1,39.20216,1.985785,0,1,274.3018,272,0,0,0,1.000295,1.010246,0,1,1,2,30,26.94611,1,1000,6,25,15,1,13.05211,-50.50428,-50.50428,1,0,6,0,65.50428,65.50428,1,1,150,0,0,0,126,30,0,0,30,1,-132.9572,
169.5374,3164.223,16.84988,0,0,89.64416,20.14244,14.07975,97.48499,405.8221,213.7503,0,2,3.243329,276.85,300,0.7,0,0,27.5661,27.5661,1,1,1.014417,1.006333,300,0.2185173,0,0,195.4793,1,0,1,1,39.16864,1.980062,0,1,273.2845,244,0,0,0,1.000356,1.010285,0,1,1,2,40,26.31579,1,1000,6,25,15,1,13.05211,-57.07457,-57.07457,1,0,6,0,72.07457,72.07457,1,1,150,0,0,0,127,30,0,0,30,1,-133.1501,
169.6379,3081.664,16.8318,0,0,89.63054,20.16857,14.15255,97.54597,399.0404,215.9247,0,2,3.107345,277.94,300,0.7,0,0,28.08288,28.08288,1,1,1.009322,1.006244,300,0.2223697,0,0,195.4793,1,0,1,1,39.13417,1.961863,0,1,271.6333,248,0,0,0,1.000369,1.010337,0,1,1,2,30,25.64103,1,1000,6,25,15,1,13.05211,-67.65273,-67.65273,1,0,6,0,82.65273,82.65273,1,1,150,0,0,0,127,30,0,0,30,1,-133.1682,
169.7399,2963.256,17.06084,0,0,89.56242,20.14244,14.2464,97.52564,394.7,216.2489,0,2,3.037337,278.2,300,0.7,0,0,29.07286,29.07286,1,1,1.002752,1.006333,300,0.2333659,0,0,195.4793,1,0,1,1,38.75221,1.938399,0,1,270,236,0,0,0,1.000438,1.010285,0,1,1,2,20,25.06964,1,1000,6,25,15,1,13.05516,-79.88323,-79.88323,1,0,6,0,94.88323,94.88323,1,1,150,0,0,0,127,30,0,0,30,1,-132.9392,
169.8435,2888.782,17.36824,0.009784449,0,89.48748,20.1408,14.1997,97.42403,390.9022,218.2135,0,2,2.985075,278.6,300,0.7,0,0,29.86969,29.86969,1,1,1.006021,1.006339,300,0.2441007,0,0,195.4793,1,0,1,1,38.03696,1.950074,0,1,270,228,0,0,0,1.000512,1.010282,0,1,1,2,40,24,1,1000,6,25,15,1,13.05592,-89.46326,-89.46326,1,0,6,0,104.4633,104.4633,1,1,150,0,0,0,127,30,0,0,30,1,-132.6318,
169.9453,2780.352,17.28385,0.01921546,0,89.48748,20.1457,14.33797,97.44435,393.3437,216.4016,0,2,2.873031,279.61,300,0.7,0,0,30.24144,30.24144,1,1,0.9963422,1.006322,300,0.2459363,0,0,195.4793,1,0,1,1,36.97911,1.915508,0,1,270,212,0,0,0,1.000512,1.010291,0,1,1,2,30,23.25581,1,1000,6,25,15,1,13.05272,-88.53719,-88.53719,1,0,6,0,103.5372,103.5372,1,1,150,0,0,0,127,30,0,0,30,1,-132.7161,
170.0459,2668.802,17.7118,0.03571974,0,89.42617,20.1408,14.06876,97.41386,393.615,217.7558,0,2,2.824482,279.78,300,0.7,0,0,29.93868,29.93868,1,1,1.015187,1.006339,300,0.2495196,0,0,195.4793,1,0,1,1,35.89837,1.982809,0,1,270,220,0,0,0,1.000574,1.010282,0,1,1,2,30,22.5,1,1000,6,25,15,1,13.05364,-96.04986,-96.04986,1,0,6,0,111.0499,111.0499,1,1,150,0,0,0,127,30,0,0,30,1,-132.2882,
170.1477,2587.769,18.1518,0.02157322,0,89.49429,20.1408,14.4245,97.3529,383.3405,217.1645,0,2,2.695592,280.35,300,0.7,0,0,29.84238,29.84238,1,1,0.990285,1.006339,300,0.2548783,0,0,195.4793,1,0,1,1,35.10983,1.895917,0,1,270,244,0,0,0,1.000506,1.010282,0,1,1,2,40,21.5311,1,1000,6,25,15,1,13.05455,-114.1586,-114.1586,1,0,6,0,129.1586,129.1586,1,1,150,0,0,0,127,30,0,0,30,1,-131.8482,
170.2513,2484.061,19.09207,0.02864648,0,89.60329,20.12447,14.32515,97.55613,373.2866,213.5023,0,2,2.587563,281.53,300,0.7,0,0,30.08402,30.08402,1,1,0.9972395,1.006395,300,0.2702287,0,0,195.4793,1,0,1,1,34.01743,1.918712,0,1,270,204,0,0,0,1.000397,1.010249,0,1,1,2,40,20.97902,1,1000,6,25,15,1,13.0547,-128.2432,-128.2432,1,0,6,0,143.2432,143.2432,1,1,150,0,0,0,127,30,0,0,30,1,-130.9079,
170.3521,2366.304,19.50797,0,0,89.56923,20.10324,14.26884,97.57645,369.3531,218.9574,0,2,2.504338,282.23,300,0.7,0,0,29.68708,29.68708,1,1,1.001181,1.006468,300,0.2724897,0,0,195.4793,1,0,1,1,32.2873,1.932791,0,1,270,220,0,0,0,1.000431,1.010206,0,1,1,2,40,20.08929,1,1000,6,25,15,1,13.05211,-133.3325,-133.3325,1,0,6,0,148.3325,148.3325,1,1,150,0,0,0,127,30,0,0,30,1,-130.492,
170.4552,2304.501,20.0203,0,0,89.54198,20.1457,14.15712,97.5358,373.7613,219.7967,0,2,2.438931,282.37,300,0.7,0,0,29.76194,29.76194,1,1,1.009001,1.006322,300,0.2803418,0,0,195.4793,1,0,1,1,31.35856,1.960719,0,1,270,228,0,0,0,1.000458,1.010291,0,1,1,2,40,19.10828,1,1000,6,25,15,1,13.05333,-108.8325,-108.8325,1,0,6,0,123.8325,123.8325,1,1,150,0,0,0,127,30,0,0,30,1,-129.9797,
170.5553,2216.476,20.42413,0,0,89.58285,20.15387,14.41672,97.6679,373.3543,216.6304,0,2,2.456594,282.31,300,0.7,0,0,30.45272,30.45272,1,1,0.9908298,1.006294,300,0.3511431,0,0,195.4793,1,0,1,1,30.03213,1.897214,0,1,270,208,0,0,0,1.000417,1.010308,0,1,1,2,40,18.6722,1,1000,6,25,15,1.2,13.05394,-104.2165,-104.2165,1,0,16,0,119.2165,119.2165,1,1,150,0,0,0,127,30,0,0,30,1,-129.5759,
170.6575,2273.244,20.77372,0,0,89.46024,20.03791,14.24823,97.48499,369.8279,218.7667,0,2,2.557399,281.04,300,0.7,0,0,30.27901,30.27901,1,1,1.002624,1.006692,300,0.3552186,0,0,195.4793,1,0,1,1,30.85965,1.937941,0,1,270,228,0,0,0,1.00054,1.010076,0,1,1,2,30,18.75,1,1000,6,25,15,1.2,13.05211,-108.2407,-108.2407,1,0,16,0,123.2407,123.2407,1,1,150,0,0,0,127,30,0,0,30,1,-129.2263,
170.7585,2204.1,20.58084,0,0,89.51473,20.14244,14.03946,97.50532,372.3202,219.5869,0,2,2.49798,282.36,300,0.7,0,0,30.85892,30.85892,1,1,1.017238,1.006333,300,0.3585874,0,0,195.4793,1,0,1,1,29.83807,1.990135,0,1,270,216,0,0,0,1.000485,1.010285,0,1,1,2,40,18.48049,1,1000,6,25,15,1.2,13.05318,-68.64264,-68.64264,1,0,16,0,83.64264,83.64264,1,1,150,0,0,0,127,30,0,0,30,1,-129.4192,
170.8628,2104.082,20.33975,0,0,89.45342,20.08854,14.15667,97.54597,360.6555,219.9302,0,2,2.40216,282.34,300,0.7,0,0,32.63662,32.63662,1,1,1.009033,1.006518,300,0.3748538,0,0,195.4793,1,0,1,1,28.36725,1.960833,0,1,270,200,0,0,0,1.000547,1.010177,0,1,1,2,20,17.57813,1,1000,6,25,15,1.2,13.05333,-73.62428,-73.62428,1,0,16,0,88.62428,88.62428,1,1,150,0,0,0,128,30,0,0,30,1,-129.6602,
170.9628,2182.771,20.17701,0.002711187,0,89.43298,20.08364,14.1466,97.45451,363.6564,217.1836,0,2,2.491997,281.98,300,0.7,0,0,30.88544,30.88544,1,1,1.009738,1.006535,300,0.3519118,0,0,195.4793,1,0,1,1,29.54751,1.963351,0,1,270,208,0,0,0,1.000567,1.010167,0,1,1,2,20,18.14516,1,1000,6,25,15,1.2,13.05333,-82.37405,-82.37405,1,0,16,0,97.37405,97.37405,1,1,150,0,0,0,127,30,0,0,30,1,-129.823,
171.0647,2101.576,19.92988,0.03100424,0,89.37167,20.06731,14.44968,97.39355,369.5905,218.0037,0,2,2.34676,283.34,300,0.7,0,0,32.25811,32.25811,1,1,0.9885224,1.006591,300,0.3630811,0,0,195.4793,1,0,1,1,28.36501,1.89172,0,1,270,208,0,0,0,1.000628,1.010135,0,1,1,2,20,17.89264,1,1000,6,25,15,1.2,13.05333,-60.71809,-60.71809,1,0,16,0,75.71809,75.71809,1,1,150,0,0,0,128,30,0,0,30,1,-130.0701,
171.1664,2059.308,19.7129,0.007426695,0,89.34443,20.04444,14.24869,97.36306,366.3691,216.8784,0,2,2.230917,283.9,300,0.7,0,0,32.8704,32.8704,1,1,1.002592,1.00667,300,0.3049721,0,0,195.4793,1,0,1,1,27.76117,1.937827,0,1,270,196,0,0,0,1.000656,1.010089,0,1,1,2,20,17.30769,1,1000,6,25,15,1,13.05394,-37.09491,-37.09491,1,0,6,0,52.09491,52.09491,1,1,150,0,0,0,128,30,0,0,30,1,-130.2871,
171.2684,2085.941,19.85756,0.007426695,0,89.39893,20.10324,14.13881,97.38338,367.5898,218.4615,0,2,2.259769,283.83,300,0.7,0,0,32.49405,32.49405,1,1,1.010283,1.006468,300,0.3036506,0,0,195.4793,1,0,1,1,28.14047,1.965297,0,1,270,204,0,0,0,1.000601,1.010206,0,1,1,2,30,17.27447,1,1000,6,25,15,1,13.05394,-23.57702,-23.57702,1,0,6,0,38.57702,38.57702,1,1,150,0,0,0,128,30,0,0,30,1,-130.1424,
171.3704,2026.753,20.0203,0,0,89.48067,20.1163,14.21344,97.52564,350.9914,216.9356,0,2,2.212539,284.26,300,0.7,0,0,33.85023,33.85023,1,1,1.005059,1.006423,300,0.3188842,0,0,195.4793,1,0,1,1,27.25065,1.94664,0,1,270,200,0,0,0,1.000519,1.010233,0,1,1,2,20,17.04545,1,1000,6,25,15,1,13.05211,-18.33393,-18.33393,1,0,6,0,33.33393,33.33393,1,1,150,0,0,0,127,30,0,0,30,1,-129.9797,
171.4715,2010.589,21.78632,2.105828,0,89.40574,20.14734,14.24457,97.49516,351.5679,218.4997,0,2,2.83158,279.29,300,0.7,0,0,36.1029,66.59775,1,1,1.00288,1.006317,300,0.6827437,30.49485,0.8786437,410.8046,1,0,1,1,26.82637,1.938857,0,1,270,224,0,0,0,1.000594,1.010295,0,1,1,2,20,16.63586,1,1000,6,25,15,1,13.0544,-16.10985,-16.10985,1,0,6,0,31.10885,31.10885,1,1,150,0,0,0,127,30,0,0,30,1,-128.2137,
171.5736,2082.321,27.44606,3.412023,0,89.49429,20.10324,14.28074,97.55613,354.2975,225.4616,0,2,2.776428,280.42,300,0.7,0,0,37.65954,45.48859,1,1,1.000348,1.006468,300,0.5874699,7.829053,0.2066268,69.73236,1,0,1,1,27.40788,1.929815,0,1,270,224,0,0,0,1.000506,1.010206,0,1,1,2,50,17.14286,1,1000,6,25,15,1,13.05333,-14.04835,-14.04835,1,0,6,0,29.04835,29.04835,1,1,150,0,0,0,127,30,0,0,30,1,-122.5539,
171.6756,1994.548,33.79895,5.298226,0,89.42617,20.01831,14.07014,97.57645,343.5823,231.6415,0,2,3.165203,277.86,300,0.7,0,0,43.10268,55.82999,1,1,1.01509,1.00676,300,0.8882498,12.72731,0.3166156,105.5386,1,0,1,1,25.53127,1.982466,0,1,270,196,0,0,0,1.000574,1.010037,0,1,1,2,20,16.57459,1,1000,6,25,14.99727,1,13.05592,-14.96208,-14.96208,1,0,7,0,29.96208,29.96208,1,1,150,0,0,0,127,30,0,0,30,1,-116.201,
171.7804,1966.439,41.67676,5.600019,0,89.39893,20.11467,14.14202,97.52564,352.4665,243.7152,0,2,3.769009,272.49,300,0.7,0,0,54.38318,67.11049,1,1,1.010059,1.006429,300,1.317591,12.72731,0.3166156,105.5386,1,0,1,1,24.68748,1.964496,0,1,270,196,0,0,0,1.000601,1.010229,0,1,1,2,40,16.21622,1,1000,6,25,14.98416,1,13.05547,-18.48685,-18.48685,1,0,7,0,33.47086,33.47086,1,1,150,0,0,0,127,30,0,0,30,1,-108.3232,
171.8855,2025.932,44.61814,5.838152,0,89.31037,20.03791,14.31187,97.39355,356.6034,249.4182,0,2,3.66356,273.54,300,0.7,0,0,55.44922,55.44922,1,1,0.9981689,1.006692,300,1.164476,0,0,105.5386,1,0,1,1,25.14127,1.922032,0,1,270,200,0,0,0,1.00069,1.010076,0,1,1,2,10,16.69759,1,1000,6,25,15,1,13.0547,-8.573631,-8.573631,1,0,7,0,23.57363,23.57363,1,1,150,0,0,0,127,30,0,0,30,1,-105.3819,
171.9867,1944.642,47.19184,5.762704,0,89.54879,20.14244,14.20382,97.56629,349.7707,250.1049,0,2,3.90549,271.76,300,0.7,0,0,58.91909,58.91909,1,1,1.005732,1.006333,300,1.434351,0,0,105.5386,1,0,1,1,23.95791,1.949044,0,1,270,192,0,0,0,1.000451,1.010285,0,1,1,2,30,16.36364,1,1000,6,25,14.97896,1.094883,13.05287,-4.272381,-4.272381,1,0,16,0,19.25101,19.25101,1,1,150,0,0,0,127,30,0,0,30,1,-102.8082,
172.089,2019.522,46.78197,5.793355,0,89.39211,20.07547,14.35674,97.54597,355.7556,245.3555,0,2,3.971727,270.78,300,0.7,0,0,57.03096,57.03096,1,1,0.9950282,1.006563,300,1.374743,0,0,105.5386,1,0,1,1,24.77551,1.910815,0,1,270,204,0,0,0,1.000608,1.010151,0,1,1,2,30,16.57459,1,1000,6,25,15,1.094883,13.06142,-3.050739,-3.050739,1,0,16,0,18.05074,18.05074,1,1,150,0,0,0,127,30,0,0,30,1,-103.218,
172.1891,1988.73,46.54088,5.760346,0,89.43298,20.12937,14.2519,97.55613,339.9032,245.0313,0,2,4.055055,271.45,300,0.7,0,0,57.57565,57.57565,1,1,1.002367,1.006378,300,1.380964,0,0,105.5386,1,0,1,1,24.38304,1.937026,0,1,270,208,0,0,0,1.000567,1.010259,0,1,1,2,30,16.72862,1,1000,6,25,14.99559,1.094883,13.0515,-3.120272,-3.120272,1,0,16,0,18.12027,18.12027,1,1,150,0,0,0,127,30,0,0,30,1,-103.4591,
172.2937,1989.918,47.49924,5.68254,0,89.44661,20.1016,14.31096,97.55613,353.2124,249.2657,0,2,4.112497,270.65,300,0.7,0,0,58.12387,58.12387,1,1,0.998233,1.006474,300,1.486221,0,0,105.5386,1,0,1,1,24.28597,1.922261,0,1,270,188,0,0,0,1.000553,1.010203,0,1,1,2,30,16.60517,1,1000,6,25,14.99622,1.143689,13.0547,-2.062267,-2.062267,1,0,16,0,17.05854,17.05854,1,1,150,0,0,0,127,30,0,0,30,1,-102.5008,
172.3983,2021.836,47.16773,5.717907,0,89.26269,20.10487,14.14934,97.46468,344.1418,251.173,0,2,4.161612,270.09,300,0.7,0,0,57.23278,57.23278,1,1,1.009546,1.006462,300,1.453117,0,0,105.5386,1,0,1,1,24.76849,1.962664,0,1,270,180,0,0,0,1.000737,1.01021,0,1,1,2,30,16.72862,1,1000,6,25,15,1.143689,13.05669,-1.462814,-1.462814,1,0,16,0,16.46281,16.46281,1,1,150,0,0,0,127,30,0,0,30,1,-102.8323,
172.5032,1989.126,47.37266,5.710834,0,89.37167,20.06404,14.32744,97.51548,353.5007,250.2766,0,2,4.110861,270.27,300,0.7,0,0,58.06476,58.06476,1,1,0.9970793,1.006603,300,1.480975,0,0,105.5386,1,0,1,1,24.29381,1.91814,0,1,270,188,0,0,0,1.000628,1.010128,0,1,1,2,30,16.60517,1,1000,6,25,14.9959,1.143689,13.0544,-1.156707,-1.156707,1,0,16,0,16.15266,16.15266,1,1,150,0,0,0,127,30,0,0,30,1,-102.6273,
172.6067,2034.312,48.86143,7.048994,0,89.37167,20.08854,14.18643,97.6171,358.7905,254.2058,0,2,4.339866,268.32,300,0.7,0,0,58.11348,66.89293,1,1,1.00695,1.006518,300,1.538197,8.779445,0.15292,51.2236,1,0,1,1,24.77254,1.953393,0,1,270,208,0,0,0,1.000628,1.010177,0,1,1,2,50,16.82243,1,1000,6,25,15,1,13.05333,-0.7044182,-0.7044182,1,0,8,0,15.70442,15.70442,1,1,150,0,0,0,127,30,0,0,30,1,-101.1386,
172.7101,2038.32,52.68884,7.334667,0,89.28993,20.03791,14.29356,97.46468,360.1468,257.8107,0,2,4.280473,269.03,300,0.7,0,0,60.66766,60.66766,1,1,0.9994509,1.006692,300,1.507257,0,0,51.2236,1,0,1,1,24.37426,1.92661,0,1,270,196,0,0,0,1.00071,1.010076,0,1,1,2,50,17.04545,1,1000,6,25,14.97311,1,13.05455,-0.5488605,-0.5488605,1,0,8,0,15.5204,15.5204,1,1,150,0,0,0,127,30,0,0,30,1,-97.31116,
172.8133,2038.875,54.81651,7.682236,0,89.22181,20.07547,14.35445,97.50532,354.9757,258.0777,0,2,4.38358,268.01,300,0.7,0,0,61.73524,61.73524,1,1,0.9951884,1.006563,300,1.598011,0,0,51.2236,1,0,1,1,24.12482,1.911387,0,1,270,220,0,0,0,1.000778,1.010151,0,1,1,2,20,16.91729,1,1000,6,25,14.95184,1,13.05516,-0.5923767,-0.5923767,1,0,8,0,15.54518,15.54518,1,1,150,0,0,0,127,30,0,0,30,1,-95.18349,
172.9165,2046.385,57.57706,9.139171,0,89.28312,20.09181,14.2519,97.44435,359.7908,260.8244,0,2,5.576398,260.22,300,0.7,0,0,62.96954,82.26031,1,1,1.002367,1.006507,300,2.286019,19.29078,0.3104678,104.4583,1,0,1,1,24.7361,1.937026,0,1,270,200,0,0,0,1.000717,1.010184,0,1,1,2,20,17.14286,1,1000,6,25,14.92423,1.020325,13.05211,-1.560022,-1.560022,1,0,16,0,16.4857,16.4857,1,1,150,0,0,0,127,30,0,0,30,1,-92.42294,
173.0175,2073.542,63.55625,9.941438,0,89.28993,20.03791,14.27021,97.5358,362.1644,268.9879,0,2,5.235693,260.91,300,0.7,0,0,65.60809,65.60809,1,1,1.001085,1.006692,300,2.029946,0,0,104.4583,1,0,1,1,26.19918,1.932448,0,1,270,220,0,0,0,1.00071,1.010076,0,1,1,2,30,17.20841,1,1000,6,25,14.79767,1.020325,13.05364,-2.362001,-2.362001,1,0,16,0,17.1569,17.1569,1,1,150,0,0,0,127,30,0,0,30,1,-86.44376,
173.1187,2096.583,65.6357,9.977147,0,89.22181,20.00525,14.18551,97.50532,364.4024,271.9062,0,2,5.486058,260.86,300,0.7,0,0,66.26275,66.26275,1,1,1.007014,1.006804,300,2.125808,0,0,104.4583,1,0,1,1,26.76899,1.953622,0,1,270,216,0,0,0,1.000778,1.01001,0,1,1,2,50,17.47573,1,1000,6,25,14.74,1.020325,13.05348,-2.142991,-2.142991,1,0,16,0,16.86451,16.86451,1,1,150,0,0,0,127,30,0,0,30,1,-84.3643,
173.2196,2139.495,65.82255,10.27234,0,89.24906,20.04444,14.31782,97.48499,357.9597,263.9715,0,2,5.812295,258.03,300,0.7,0,0,66.0286,66.0286,1,1,0.9977523,1.00667,300,2.200325,0,0,104.4583,1,0,1,1,27.15012,1.920544,0,1,270,216,0,0,0,1.000751,1.010089,0,1,1,2,30,17.64706,1,1000,6,25,14.73886,1.056834,13.05333,-1.613723,-1.613723,1,0,16,0,16.31405,16.31405,1,1,150,0,0,0,127,30,0,0,30,1,-84.17745,
173.3207,2177.542,68.46255,10.84845,0,89.29675,20.09017,14.08708,97.58661,368.3697,269.7318,0,2,5.933803,257.01,300,0.7,0,0,66.79554,66.79554,1,1,1.013905,1.006513,300,2.325577,0,0,104.4583,1,0,1,1,27.75524,1.978231,0,1,270,236,0,0,0,1.000703,1.01018,0,1,1,2,20,18.18182,1,1000,6,25,14.67117,1.056834,13.05211,-1.866669,-1.866669,1,0,16,0,16.56962,16.56962,1,1,150,0,0,0,127,30,0,0,30,1,-81.53745,
173.4247,2195.55,69.92119,10.93891,0,89.22862,20.04608,14.07929,97.6171,374.4564,275.5684,0,2,6.257318,255.56,300,0.7,0,0,67.2574,67.2574,1,1,1.014449,1.006664,300,2.469269,0,0,104.4583,1,0,1,1,27.73307,1.980177,0,1,270,240,0,0,0,1.000771,1.010092,0,1,1,2,40,18.14516,1,1000,6,25,14.6347,1.088324,13.05592,-1.535439,-1.535439,1,0,16,0,16.16327,16.16327,1,1,150,0,0,0,127,30,0,0,30,1,-80.07881,
173.526,2255.639,69.91516,10.97462,0,89.22181,20.05914,14.32515,97.54597,376.5248,272.5166,0,2,6.334587,253.62,300,0.7,0,0,66.9786,66.9786,1,1,0.9972395,1.006619,300,2.457097,0,0,104.4583,1,0,1,1,28.08699,1.918712,0,1,270,236,0,0,0,1.000778,1.010118,0,1,1,2,30,18.71102,1,1000,6,25,14.64479,1.088324,13.05409,-1.359256,-1.359256,1,0,16,0,16.03942,16.03942,1,1,150,0,0,0,127,30,0,0,30,1,-80.08484,
173.627,2274.45,69.27023,10.96748,0,89.14007,19.98702,14.47211,97.42403,364.6737,268.7018,0,2,6.633814,252.88,300,0.7,0,0,66.91208,66.91208,1,1,0.986952,1.006867,300,2.429228,0,0,104.4583,1,0,1,1,28.33785,1.887981,0,1,270,232,0,0,0,1.00086,1.009974,0,1,1,2,40,18.78914,1,1000,6,25,14.6643,1.088324,13.05333,-0.8947601,-0.8947601,1,0,16,0,15.5263,15.5263,1,1,150,0,0,0,127,30,0,0,30,1,-80.72977,
173.7286,2304.147,69.40283,9.512927,0,89.20819,20.01178,14.35125,97.59677,376.6605,277.018,0,2,6.547619,252.97,300,0.7,0,0,67.27677,67.27677,1,1,0.9954127,1.006782,300,2.463204,0,0,104.4583,1,0,1,1,28.48545,1.912188,0,1,270,240,0,0,0,1.000792,1.010024,0,1,1,2,10,19.23077,1,1000,6,25,14.66558,1.095676,13.05486,-0.03409481,-0.03409481,1,0,16,0,14.71981,14.71981,1,1,150,0,0,0,127,30,0,0,30,1,-80.59717,
173.8316,2337.177,59.18638,6.371005,0,89.19456,20.02811,14.17498,97.47484,380.3226,264.2958,0,2,5.648177,260.11,300,0.7,0,0,62.82541,62.82541,1,1,1.007751,1.006726,300,1.929687,0,0,104.4583,1,0,1,1,28.74024,1.956255,0,1,270,204,0,0,0,1.000805,1.010056,0,1,1,2,30,19.39655,1,1000,6,25,14.90814,1.095676,13.05623,0.5243368,0.5243368,1,0,16,0,14.38941,14.38941,1,1,150,0,0,0,127,30,0,0,30,1,-90.81362,
173.9349,2335.721,52.1765,5.835794,0,89.18094,20.02485,14.25922,97.5358,383.2558,255.4646,0,2,4.924479,263.85,300,0.7,0,0,58.56093,58.56093,1,1,1.001854,1.006737,300,1.578277,0,0,104.4583,1,0,1,1,29.17529,1.935194,0,1,270,204,0,0,0,1.000819,1.01005,0,1,1,2,20,19.43845,1,1000,6,25,14.97824,1.095676,13.05547,1.181213,1.181213,1,0,16,0,13.80269,13.80269,1,1,150,0,0,0,127,30,0,0,30,1,-97.8235,
174.0373,2395.018,46.39622,5.156761,0,89.1605,20.01178,14.31416,97.49516,370.879,249.6281,0,2,4.550535,266.96,300,0.7,0,0,53.08965,53.08965,1,1,0.9980087,1.006782,300,1.238916,0,0,104.4583,1,0,1,1,31.1384,1.921459,0,1,270,192,0,0,0,1.000839,1.010024,0,1,1,2,30,20,1,1000,6,25,15,1.068426,13.05455,2.005314,2.005314,1,0,16,0,12.99469,12.99469,1,1,150,0,0,0,127,30,0,0,30,1,-103.6038,
174.1373,2377.367,43.75019,5.111964,0,89.25587,20.02321,14.28852,97.6171,371.9302,244.7261,0,2,4.199683,269.15,300,0.7,0,0,50.08783,50.08783,1,1,0.9998034,1.006743,300,1.10208,0,0,104.4583,1,0,1,1,31.30037,1.927869,0,1,270,208,0,0,0,1.000744,1.010046,0,1,1,2,30,19.69365,1,1000,6,25,15,1.068426,13.05684,2.152938,2.152938,1,0,16,0,12.84706,12.84706,1,1,150,0,0,0,127,30,0,0,30,1,-106.2498,
174.2394,2412.933,41.93594,5.130826,0,89.11282,20.01015,14.31462,97.49516,374.4734,242.4182,0,2,4.061771,270.98,300,0.7,0,0,48.17123,48.17123,1,1,0.9979766,1.006788,300,0.9783264,0,0,104.4583,1,0,1,1,32.22902,1.921345,0,1,270,216,0,0,0,1.000887,1.01002,0,1,1,2,20,20.04454,1,1000,6,25,15,1.028687,13.05425,1.833393,1.833393,1,0,16,0,13.16661,13.16661,1,1,150,0,0,0,127,30,0,0,30,1,-108.0641,
174.3394,2414.876,40.98361,5.128469,0,89.0992,19.97521,14.47349,97.49516,377.203,241.0067,0,2,3.883925,272.35,300,0.7,0,0,46.82955,46.82955,1,1,0.9868559,1.006908,300,0.929539,0,0,104.4583,1,0,1,1,32.30281,1.887752,0,1,270,228,0,0,0,1.000901,1.00995,0,1,1,2,0,20.13423,1,1000,6,25,15,1.028687,13.05486,1.30698,1.30698,1,0,16,0,13.69302,13.69302,1,1,150,0,0,0,127,30,0,0,30,1,-109.0164,
174.4416,2423.263,41.28498,5.100175,0,89.00382,19.98702,14.47486,97.41386,385.2225,237.8977,0,2,3.857028,272.8,300,0.7,0,0,47.3644,47.3644,1,1,0.9867597,1.006867,300,0.947143,0,0,104.4583,1,0,1,1,32.43657,1.887523,0,1,270,216,0,0,0,1.000996,1.009974,0,1,1,2,20,20.36199,1,1000,6,25,15,1.028687,13.05379,0.5440235,0.5440235,1,0,16,0,14.45598,14.45598,1,1,150,0,0,0,127,30,0,0,30,1,-108.715,
174.5464,2427.97,41.42964,5.234567,0,89.18094,20.04608,14.48997,97.56629,372.5405,243.7915,0,2,3.884752,272.05,300,0.7,0,0,47.62849,47.62849,1,1,0.9857021,1.006664,300,0.9459023,0,0,104.4583,1,0,1,1,32.51278,1.885005,0,1,270,220,0,0,0,1.000819,1.010092,0,1,1,2,20,20.13423,1,1000,6,25,15,1.018342,13.05531,-0.4779396,-0.4779396,1,0,16,0,15.47794,15.47794,1,1,150,0,0,0,127,30,0,0,30,1,-108.5704,
174.6486,2430.527,41.06197,5.314731,0,89.17413,19.99884,14.28669,97.56629,377.0335,242.3228,0,2,3.909098,271.77,300,0.7,0,0,47.13578,47.13578,1,1,0.9999316,1.006826,300,0.9278783,0,0,104.4583,1,0,1,1,32.57238,1.928327,0,1,270,208,0,0,0,1.000826,1.009998,0,1,1,2,10,20.50114,1,1000,6,25,15,1.018342,13.05425,-1.211065,-1.211065,1,0,16,0,16.21107,16.21107,1,1,150,0,0,0,127,30,0,0,30,1,-108.938,
174.7504,2435.658,41.84553,5.317089,0,89.12644,20.03628,14.57787,97.65774,381.3908,239.023,0,2,3.937647,271.21,300,0.7,0,0,48.31376,48.31376,1,1,0.9795488,1.006698,300,0.9970305,0,0,104.4583,1,0,1,1,32.63024,1.870354,0,1,270,216,0,0,0,1.000874,1.010073,0,1,1,2,40,20.50114,1,1000,6,25,15,1.047573,13.05455,-1.517487,-1.517487,1,0,16,0,16.51749,16.51749,1,1,150,0,0,0,127,30,0,0,30,1,-108.1545,
174.8535,2452.784,42.06252,5.392537,0,89.01064,20.00198,14.32149,97.45451,375.4059,241.846,0,2,4.128853,269.95,300,0.7,0,0,48.82554,48.82554,1,1,0.9974959,1.006816,300,1.012984,0,0,104.4583,1,0,1,1,32.91215,1.919628,0,1,270,196,0,0,0,1.000989,1.010004,0,1,1,2,20,20.36199,1,1000,6,25,15,1.047573,13.05623,-1.731117,-1.731117,1,0,16,0,16.73112,16.73112,1,1,150,0,0,0,127,30,0,0,30,1,-107.9375,
174.955,2447.182,41.53813,5.401968,0,89.0447,19.98702,14.45334,97.50532,381.2721,243.2383,0,2,4.119422,270.08,300,0.7,0,0,48.01645,48.01645,1,1,0.988266,1.006867,300,1.019139,0,0,104.4583,1,0,1,1,32.84392,1.891109,0,1,270,228,0,0,0,1.000955,1.009974,0,1,1,2,20,20.45455,1,1000,6,25,15,1.08524,13.05425,-1.887419,-1.887419,1,0,16,0,16.88742,16.88742,1,1,150,0,0,0,127,30,0,0,30,1,-108.4619,
175.0549,2460.428,41.41759,5.430261,0,89.06513,19.98998,14.21527,97.56629,385.6803,243.6007,0,2,4.162224,269.89,300,0.7,0,0,48.00739,48.00739,1,1,1.004931,1.006857,300,1.015965,0,0,104.4583,1,0,1,1,33.07994,1.946183,0,1,270,212,0,0,0,1.000935,1.00998,0,1,1,2,10,20.40816,1,1000,6,25,15,1.08524,13.05623,-1.63446,-1.63446,1,0,16,0,16.63446,16.63446,1,1,150,0,0,0,127,30,0,0,30,1,-108.5824,
175.1586,2480.364,42.32772,5.404325,0,89.05151,20.01178,14.43961,97.52564,385.4768,239.0421,0,2,4.195949,269.43,300,0.7,0,0,49.5237,49.5237,1,1,0.9892275,1.006782,300,1.071065,0,0,104.4583,1,0,1,1,33.34433,1.893399,0,1,270,200,0,0,0,1.000948,1.010024,0,1,1,2,30,20.68966,1,1000,6,25,15,1.08524,13.05455,-1.486971,-1.486971,1,0,16,0,16.48697,16.48697,1,1,150,0,0,0,127,30,0,0,30,1,-107.6723,
175.2606,2473.615,41.24882,5.439692,0,88.9902,19.98702,14.51195,97.44435,384.2561,245.222,0,2,4.205145,269.07,300,0.7,0,0,47.93164,47.93164,1,1,0.9841638,1.006867,300,1.036029,0,0,104.4583,1,0,1,1,33.3165,1.881342,0,1,270,212,0,0,0,1.00101,1.009974,0,1,1,2,30,20.50114,1,1000,6,25,15,1.112869,13.05791,-1.273365,-1.273365,1,0,16,0,16.27337,16.27337,1,1,150,0,0,0,127,30,0,0,30,1,-108.7512,
175.3631,2483.855,42.12279,5.453838,0,89.11282,20.00035,14.35811,97.44435,384.5273,242.4945,0,2,4.201855,269.33,300,0.7,0,0,49.27836,49.27836,1,1,0.9949321,1.006821,300,1.087552,0,0,104.4583,1,0,1,1,33.44415,1.910472,0,1,270,232,0,0,0,1.000887,1.010001,0,1,1,2,20,20.68966,1,1000,6,25,15,1.112869,13.05623,-1.05829,-1.05829,1,0,16,0,16.05829,16.05829,1,1,150,0,0,0,127,30,0,0,30,1,-107.8772,
175.4635,2492.315,41.38745,5.404325,0,89.09238,19.96192,14.50645,97.49516,377.8134,237.8977,0,2,4.340783,268.71,300,0.7,0,0,48.35455,48.35455,1,1,0.9845484,1.006953,300,1.067446,0,0,104.4583,1,0,1,1,33.63773,1.882258,0,1,270,232,0,0,0,1.000908,1.009924,0,1,1,2,30,20.88167,1,1000,6,25,15,1.132855,13.05211,-1.096037,-1.096037,1,0,16,0,16.09604,16.09604,1,1,150,0,0,0,127,30,0,0,30,1,-108.6125,
175.5686,2495.633,41.8154,5.39961,0,89.18094,19.98112,14.15346,97.60693,381.9164,242.9904,0,2,4.242575,269.89,300,0.7,0,0,48.99022,48.99022,1,1,1.009258,1.006887,300,1.092534,0,0,104.4583,1,0,1,1,33.68022,1.961634,0,1,270,220,0,0,0,1.000819,1.009962,0,1,1,2,10,20.73733,1,1000,6,25,15,1.132855,13.05592,-0.8978682,-0.8978682,1,0,16,0,15.89787,15.89787,1,1,150,0,0,0,127,30,0,0,30,1,-108.1846,
175.6709,2521.008,40.9595,5.423188,0,89.03789,19.96192,14.49363,97.56629,384.1204,243.6961,0,2,4.306723,268.75,300,0.7,0,0,48.11572,48.11572,1,1,0.9854457,1.006953,300,1.064146,0,0,104.4583,1,0,1,1,34.06609,1.884394,0,1,270,196,0,0,0,1.000962,1.009924,0,1,1,2,20,20.97902,1,1000,6,25,15,1.146755,13.05516,-0.6831865,-0.6831865,1,0,16,0,15.68319,15.68319,1,1,150,0,0,0,127,30,0,0,30,1,-109.0405,
175.7721,2511.301,41.52005,5.401968,0,89.08557,19.92796,14.32286,97.74919,376.7113,240.8923,0,2,4.331994,268.71,300,0.7,0,0,48.76984,48.76984,1,1,0.9973997,1.00707,300,1.093375,0,0,104.4583,1,0,1,1,33.91854,1.919285,0,1,270,228,0,0,0,1.000914,1.009856,0,1,1,2,20,20.93023,1,1000,6,25,15,1.146755,13.05821,-0.5192251,-0.5192251,1,0,16,0,15.51923,15.51923,1,1,150,0,0,0,127,30,0,0,30,1,-108.4799,
175.8738,2529.724,41.01375,5.503351,0,89.02426,19.77291,14.5179,97.48499,387.1722,244.2302,0,2,4.300531,269.86,300,0.7,0,0,48.29864,48.29864,1,1,0.9837472,1.007603,300,1.069911,0,0,104.4583,1,0,1,1,34.18022,1.88035,0,1,270,220,0,0,0,1.000976,1.009546,0,1,1,2,20,21.07728,1,1000,6,25,15,1.146755,13.05455,-0.4401932,-0.4401932,1,0,16,0,15.44019,15.44019,1,1,150,0,0,0,127,30,0,0,30,1,-108.9863,
175.9741,2537.427,41.45978,5.439692,0,88.99702,19.89842,14.43915,97.63742,386.9857,242.0176,0,2,4.377062,268.74,300,0.7,0,0,49.00476,49.00476,1,1,0.9892595,1.007171,300,1.104656,0,0,104.4583,1,0,1,1,34.27023,1.893475,0,1,270,236,0,0,0,1.001003,1.009797,0,1,1,2,20,21.22641,1,1000,6,25,15,1.154558,13.05638,-0.3470631,-0.3470631,1,0,16,0,15.34706,15.34706,1,1,150,0,0,0,127,30,0,0,30,1,-108.5402,
176.0758,2540.005,41.4417,5.489204,0,89.03107,20.02811,14.3018,97.57645,380.3226,245.5463,0,2,4.339175,268.16,300,0.7,0,0,49.01144,49.01144,1,1,0.998874,1.006726,300,1.104083,0,0,104.4583,1,0,1,1,34.30522,1.92455,0,1,270,204,0,0,0,1.000969,1.010056,0,1,1,2,20,21.22641,1,1000,6,25,15,1.154558,13.05715,-0.3371201,-0.3371201,1,0,16,0,15.33712,15.33712,1,1,150,0,0,0,127,30,0,0,30,1,-108.5583,
176.177,2550.803,33.16004,0.6110117,0,88.99702,19.98702,14.15575,97.54597,377.2878,228.9712,0,2,3.634895,273.97,300,0.7,0,0,37.86614,37.86614,1,1,1.009097,1.006867,300,0.6862048,0,0,104.4583,1,0,1,1,34.65532,1.961062,0,1,270,240,0,0,0,1.001003,1.009974,0,1,1,2,40,21.5311,1,1000,6,25,15,1.160637,13.05455,-0.3205481,-0.3205481,1,0,16,0,15.32055,15.32055,1,1,150,0,0,0,127,30,0,0,30,1,-116.84,
176.2811,2500.417,24.73373,0.04986627,0,89.03107,19.94715,14.24457,97.48499,384.6799,223.1537,0,2,3.042174,277.67,300,0.7,0,0,35.25474,35.25474,1,1,1.00288,1.007004,300,0.476546,0,0,104.4583,1,0,1,1,34.25428,1.938857,0,1,270,236,0,0,0,1.000969,1.009894,0,1,1,2,10,21.02804,1,1000,6,25,15,1.160637,13.05699,-0.4732218,-0.4732218,1,0,16,0,15.47322,15.47322,1,1,150,0,0,0,127,30,0,0,30,1,-125.2663,
176.3813,2454.389,21.36441,0.0003534328,0,89.15369,19.91615,14.50828,97.54597,377.7625,218.08,0,2,2.781641,280,300,0.7,0,0,32.14624,32.14624,1,1,0.9844202,1.007111,300,0.3778501,0,0,104.4583,1,0,1,1,33.56227,1.881953,0,1,270,220,0,0,0,1.000846,1.009832,0,1,1,2,30,21.02804,1,1000,6,25,15,1.168507,13.05455,-0.4188738,-0.4188738,1,0,16,0,15.41887,15.41887,1,1,150,0,0,0,127,30,0,0,30,1,-128.6356,
176.4861,2539.575,19.87564,0,0,89.16731,19.94568,14.0358,97.57645,380.6448,219.1672,0,2,2.835859,279.2,300,0.7,0,0,31.25382,31.25382,1,1,1.017494,1.007009,300,0.341742,0,0,104.4583,1,0,1,1,34.64257,1.99105,0,1,270,224,0,0,0,1.000833,1.009891,0,1,1,2,30,21.07728,1,1000,6,25,15,1.168507,13.05516,0.506278,0.506278,1,0,16,0,14.49372,14.49372,1,1,150,0,0,0,127,30,0,0,30,1,-130.1244,
176.5872,2495.633,19.46577,0,0,89.08557,19.90433,14.20428,97.56629,386.901,219.873,0,2,2.765993,280.08,300,0.7,0,0,30.53779,30.53779,1,1,1.0057,1.007151,300,0.3270729,0,0,104.4583,1,0,1,1,34.18592,1.948929,0,1,270,212,0,0,0,1.000914,1.009809,0,1,1,2,30,20.97902,1,1000,6,25,15,1.168507,13.05577,1.184561,1.184561,1,0,16,0,13.81544,13.81544,1,1,150,0,0,0,127,30,0,0,30,1,-130.5342,
176.6918,2447.98,19.74303,0.04986627,0,88.96295,19.8807,14.37322,97.3529,374.9481,216.783,0,2,2.611179,280.88,300,0.7,0,0,30.48523,30.48523,1,1,0.9938744,1.007232,300,0.2834493,0,0,104.4583,1,0,1,1,33.48372,1.906694,0,1,270,220,0,0,0,1.001037,1.009761,0,1,1,2,20,20.54795,1,1000,6,25,15,1,13.05455,1.649249,1.649249,1,0,6,0,13.35075,13.35075,1,1,150,0,0,0,127,30,0,0,30,1,-130.257,
176.7919,2471.984,19.68276,0.04515076,0,89.03107,19.88661,14.43915,97.44435,378.0508,217.6032,0,2,2.636783,280.54,300,0.7,0,0,30.59143,30.59143,1,1,0.9892595,1.007212,300,0.2835467,0,0,104.4583,1,0,1,1,33.83767,1.893475,0,1,270,212,0,0,0,1.000969,1.009773,0,1,1,2,30,20.45455,1,1000,6,25,15,1,13.05577,1.721171,1.721171,1,0,6,0,13.27883,13.27883,1,1,150,0,0,0,127,30,0,0,30,1,-130.3172,
176.8938,2427.97,20.08057,0.04515076,0,89.07195,19.88956,14.12737,97.5358,380.3226,219.9111,0,2,2.610068,281.59,300,0.7,0,0,30.68197,30.68197,1,1,1.011084,1.007202,300,0.2824688,0,0,104.4583,1,0,1,1,33.18374,1.968159,0,1,270,216,0,0,0,1.000928,1.009779,0,1,1,2,70,20.50114,1,1000,6,25,15,0.9736257,13.05684,0.9774714,0.9774714,1,0,16,0,14.02253,14.02253,1,1,150,0,0,0,127,30,0,0,30,1,-129.9194,
176.9983,2400.384,20.80989,0.02864648,0,89.08557,19.9634,14.42129,97.60693,379.9327,218.2517,0,2,2.540406,281.43,300,0.7,0,0,31.21202,31.21202,1,1,0.9905094,1.006948,300,0.2977495,0,0,104.4583,1,0,1,1,32.75982,1.896451,0,1,270,228,0,0,0,1.000914,1.009927,0,1,1,2,30,20.08929,1,1000,6,25,15,0.9736257,13.05715,-1.191994,-1.191994,1,0,16,0,16.19199,16.19199,1,1,150,0,0,0,128,30,0,0,30,1,-129.1901,
177.1002,2374.169,20.55673,0.03336199,0,89.02426,19.89252,14.07609,97.45451,371.2859,222.0665,0,2,2.552232,281.77,300,0.7,0,0,30.77695,30.77695,1,1,1.014674,1.007192,300,0.2900747,0,0,104.4583,1,0,1,1,32.37449,1.980978,0,1,270,224,0,0,0,1.000976,1.009785,0,1,1,2,20,19.78022,1,1000,6,25,15,0.9736257,13.05516,-5.092026,-5.092026,1,0,16,0,20.09203,20.09203,1,1,150,0,0,0,127,30,0,0,30,1,-129.4433,
177.2028,2315.53,20.80386,0,0,89.14688,19.95158,14.08708,97.77968,372.1167,222.0283,0,2,2.547083,281.52,300,0.7,0,0,30.60695,30.60695,1,1,1.013905,1.006989,300,0.3256066,0,0,104.4583,1,0,1,1,31.4907,1.978231,0,1,270,224,0,0,0,1.000853,1.009903,0,1,1,2,40,19.48052,1,1000,6,25,15,1.086128,13.05455,-9.623405,-9.623405,1,0,16,0,24.62341,24.62341,1,1,150,0,0,0,127,30,0,0,30,1,-129.1961,
177.307,2276.694,20.74358,0.01449996,0,89.00382,19.89252,14.40939,97.41386,371.5402,222.1046,0,2,2.466419,282.69,300,0.7,0,0,30.27395,30.27395,1,1,0.9913426,1.007192,300,0.3212039,0,0,104.4583,1,0,1,1,30.91269,1.898435,0,1,270,224,0,0,0,1.000996,1.009785,0,1,1,2,10,18.90756,1,1000,6,25,15,1.086128,13.05699,-17.06734,-17.06734,1,0,16,0,32.06734,32.06734,1,1,150,0,0,0,128,30,0,0,30,1,-129.2564,
177.409,2191.701,20.24331,0,0,89.0992,19.93977,14.33248,97.54597,372.0997,216.0964,0,2,2.465663,282.13,300,0.7,0,0,30.77244,30.77244,1,1,0.9967267,1.007029,300,0.3519662,0,0,104.4583,1,0,1,1,29.6755,1.916881,0,1,270,224,0,0,0,1.000901,1.00988,0,1,1,2,20,18.51852,1,1000,6,25,15,1.2,13.0547,-23.00688,-23.00688,1,0,16,0,38.00688,38.00688,1,1,150,0,0,0,127,30,0,0,30,1,-129.7567,
177.5134,2188.982,20.36988,0.01685771,0,89.0992,19.88956,14.25373,97.6171,369.3531,219.7585,0,2,2.462605,282.41,300,0.7,0,0,30.95411,30.95411,1,1,1.002239,1.007202,300,0.3562834,0,0,104.4583,1,0,1,1,29.62673,1.936568,0,1,270,208,0,0,0,1.000901,1.009779,0,1,1,2,30,18.14516,1,1000,6,25,15,1.2,13.05516,-25.42823,-25.42823,1,0,16,0,40.42823,40.42823,1,1,150,0,0,0,127,30,0,0,30,1,-129.6301,
177.6151,2075.981,20.00221,0.05693953,0,89.0447,19.89695,14.16399,97.36306,357.7732,216.3253,0,2,2.370078,283.33,300,0.7,0,0,32.84585,32.84585,1,1,1.008521,1.007177,300,0.3712499,0,0,104.4583,1,0,1,1,27.98037,1.959002,0,1,270,216,0,0,0,1.000955,1.009794,0,1,1,2,40,17.57813,1,1000,6,25,15,1.2,13.05745,-31.83354,-31.83354,1,0,16,0,46.83354,46.83354,1,1,150,0,0,0,127,30,0,0,30,1,-129.9978,
177.7166,2064.552,20.2192,0.0380775,0,88.98339,19.89252,14.2606,97.41386,354.4332,218.4806,0,2,2.374234,282.82,300,0.7,0,0,33.30565,33.30565,1,1,1.001758,1.007192,300,0.3805564,0,0,104.4583,1,0,1,1,27.79113,1.934851,0,1,270,200,0,0,0,1.001017,1.009785,0,1,1,2,30,17.11027,1,1000,6,25,15,1.2,13.05669,-29.93306,-29.93306,1,0,16,0,44.93306,44.93306,1,1,150,0,0,0,127,30,0,0,30,1,-129.7808,
177.8197,2025.522,20.09262,0.06165504,0,88.98339,19.84379,14.4332,97.36306,346.312,218.3852,0,2,2.31247,283.72,300,0.7,0,0,33.95335,33.95335,1,1,0.9896762,1.007359,300,0.3855552,0,0,104.4583,1,0,1,1,27.22508,1.894467,0,1,270,208,0,0,0,1.001017,1.009688,0,1,1,2,30,17.11027,1,1000,6,25,15,1.2,13.05638,-29.70078,-29.70078,1,0,16,0,44.70078,44.70078,1,1,150,0,0,0,128,30,0,0,30,1,-129.9074,
177.9203,1952.744,20.82194,0.05693953,0,89.0447,19.86889,14.4451,97.51548,352.8903,220.4452,0,2,2.278201,283.75,300,0.7,0,0,36.23034,36.23034,1,1,0.9888429,1.007273,300,0.4269759,0,0,104.4583,1,0,1,1,26.22383,1.892483,0,1,270,204,0,0,0,1.000955,1.009738,0,1,1,2,20,16.21622,1,1000,6,25,14.97637,1.2,13.05516,-25.81787,-25.81787,1,0,16,0,40.79425,40.79425,1,1,150,0,0,0,127,30,0,0,30,1,-129.1781,
178.021,1934.61,20.91838,0.03571974,0,88.94252,19.92648,14.27387,97.52564,341.0052,217.9274,0,2,2.30541,283.31,300,0.7,0,0,36.70955,36.70955,1,1,1.000829,1.007075,300,0.4348991,0,0,104.4583,1,0,1,1,26.00562,1.931532,0,1,270,204,0,0,0,1.001058,1.009853,0,1,1,2,20,16.24549,1,1000,6,25,14.96731,1.2,13.05455,-18.99992,-18.99992,1,0,16,0,33.96722,33.96722,1,1,150,0,0,0,127,30,0,0,30,1,-129.0816,
178.1215,1932.492,20.91838,0.05458177,0,89.00382,19.90285,14.47898,97.44435,346.2781,220.9411,0,2,2.270678,283.95,300,0.7,0,0,36.7529,36.7529,1,1,0.9864713,1.007156,300,0.4354315,0,0,104.4583,1,0,1,1,25.98122,1.886836,0,1,270,204,0,0,0,1.000996,1.009806,0,1,1,2,10,16.01423,1,1000,6,25,14.96625,1.2,13.05623,-13.52637,-13.52637,1,0,16,0,28.49261,28.49261,1,1,150,0,0,0,127,30,0,0,30,1,-129.0816,
178.222,1892.625,21.08112,0,0,89.08557,19.83936,14.17452,97.55613,342.6668,219.892,0,2,2.286922,283.65,300,0.7,0,0,37.75608,37.75608,1,1,1.007783,1.007375,300,0.4514021,0,0,104.4583,1,0,1,1,25.50836,1.956369,0,1,270,208,0,0,0,1.000914,1.009679,0,1,1,2,30,15.84507,1,1000,6,25,14.94631,1.2,13.05455,-10.638,-10.638,1,0,16,0,25.58431,25.58431,1,1,150,0,0,0,127,30,0,0,30,1,-128.9189,
178.3222,1909.369,20.67126,0.03571974,0,89.07876,19.89842,14.11271,97.49516,343.3619,215.1045,0,2,2.291242,283.43,300,0.7,0,0,36.9436,36.9436,1,1,1.01211,1.007171,300,0.4328247,0,0,104.4583,1,0,1,1,25.73658,1.971821,0,1,270,200,0,0,0,1.000921,1.009797,0,1,1,2,20,15.87302,1,1000,6,25,14.95468,1.2,13.05486,-8.995019,-8.995019,1,0,16,0,23.9497,23.9497,1,1,150,0,0,0,127,30,0,0,30,1,-129.3288,
178.4225,1874.766,21.0329,0.02393097,0,89.01745,19.83936,14.10585,97.51548,344.6674,221.1891,0,2,2.265342,283.98,300,0.7,0,0,38.06705,38.06705,1,1,1.012591,1.007375,300,0.4543813,0,0,104.4583,1,0,1,1,25.30716,1.973538,0,1,270,208,0,0,0,1.000983,1.009679,0,1,1,2,20,15.65217,1,1000,6,25,14.93738,1.2,13.05699,-6.765113,-6.765113,1,0,16,0,21.7025,21.7025,1,1,150,0,0,0,127,30,0,0,30,1,-128.9671,
178.5255,1849.682,21.68386,0,0,89.07876,19.90433,14.15667,97.48499,337.0887,223.4016,0,2,2.281275,283.65,300,0.7,0,0,39.34237,39.34237,1,1,1.009033,1.007151,300,0.48447,0,0,104.4583,1,0,1,1,24.97011,1.960833,0,1,270,204,0,0,0,1.000921,1.009809,0,1,1,2,20,15.54404,1,1000,6,25,14.92484,1.2,13.05547,-5.170495,-5.170495,1,0,16,0,20.09534,20.09534,1,1,150,0,0,0,127,30,0,0,30,1,-128.3161,
178.6255,1880.524,20.98468,0.02628873,0,88.96295,19.87775,14.12004,97.4037,332.6636,215.1808,0,2,2.303642,283.97,300,0.7,0,0,37.89307,37.89307,1,1,1.011597,1.007242,300,0.4511804,0,0,104.4583,1,0,1,1,25.37728,1.96999,0,1,270,212,0,0,0,1.001037,1.009755,0,1,1,2,20,15.54404,1,1000,6,25,14.94026,1.2,13.05653,-4.223003,-4.223003,1,0,16,0,19.16327,19.16327,1,1,150,0,0,0,127,30,0,0,30,1,-129.0153,
178.7255,1809.627,21.48495,0.07580156,0,89.0447,19.84526,14.09303,97.49516,332.0702,216.1154,0,2,2.246954,283.55,300,0.7,0,0,39.57806,39.57806,1,1,1.013488,1.007354,300,0.4836081,0,0,104.4583,1,0,1,1,24.52854,1.976743,0,1,270,208,0,0,0,1.000955,1.009691,0,1,1,2,20,15.41096,1,1000,6,25,14.90481,1.2,13.05699,-3.054871,-3.054871,1,0,16,0,17.95968,17.95968,1,1,150,0,0,0,127,30,0,0,30,1,-128.515,
178.8255,1826.818,21.55126,0.009784449,0,89.0447,19.84822,14.43274,97.51548,335.6646,216.4016,0,2,2.237852,284.02,300,0.7,0,0,39.45378,39.45378,1,1,0.9897082,1.007344,300,0.4832965,0,0,104.4583,1,0,1,1,24.7198,1.894543,0,1,270,200,0,0,0,1.000955,1.009696,0,1,1,2,40,15.15152,1,1000,6,25,14.91341,1.2,13.05638,-2.403831,-2.403831,1,0,16,0,17.31724,17.31724,1,1,150,0,0,0,127,30,0,0,30,1,-128.4487,
178.9277,1814.772,22.00934,0,0,89.0447,19.87037,14.34346,97.54597,335.8172,222.9438,0,2,2.238219,283.99,300,0.7,0,0,40.12343,40.12343,1,1,0.9959576,1.007268,300,0.5021334,0,0,104.4583,1,0,1,1,24.5518,1.914134,0,1,270,204,0,0,0,1.000955,1.009741,0,1,1,2,20,15.2027,1,1000,6,25,14.90739,1.2,13.05699,-1.940954,-1.940954,1,0,16,0,16.84834,16.84834,1,1,150,0,0,0,127,30,0,0,30,1,-127.9907,
179.0298,1797.161,22.29865,0.03571974,0,88.98339,19.86889,14.2812,97.52564,330.9682,223.249,0,2,2.261427,283.97,300,0.7,0,0,40.65646,40.65646,1,1,1.000316,1.007273,300,0.5158297,0,0,104.4583,1,0,1,1,24.33465,1.9297,0,1,270,200,0,0,0,1.001017,1.009738,0,1,1,2,40,15.17707,1,1000,6,25,14.89858,1.2,13.05699,-1.80559,-1.80559,1,0,16,0,16.70417,16.70417,1,1,150,0,0,0,128,30,0,0,30,1,-127.7013,
179.1321,1787.31,22.73866,0.01449996,0,88.97658,19.87332,14.45701,97.48499,331.8498,222.9248,0,2,2.249032,283.45,300,0.7,0,0,41.26973,41.26973,1,1,0.9880096,1.007258,300,0.5341194,0,0,104.4583,1,0,1,1,24.19702,1.890499,0,1,270,212,0,0,0,1.001023,1.009747,0,1,1,2,20,14.82702,1,1000,6,25,14.89365,1.2,13.05837,-1.345382,-1.345382,1,0,16,0,16.23904,16.23904,1,1,150,0,0,0,127,30,0,0,30,1,-127.2613,
179.237,1789.763,22.7266,0.05458177,0,88.9902,19.82164,14.32881,97.44435,328.5946,222.7913,0,2,2.267033,283.68,300,0.7,0,0,41.22881,41.22881,1,1,0.9969831,1.007435,300,0.5332953,0,0,104.4583,1,0,1,1,24.22506,1.917797,0,1,270,204,0,0,0,1.00101,1.009643,0,1,1,2,10,14.90066,1,1000,6,25,14.89488,1.2,13.0576,-1.019502,-1.019502,1,0,16,0,15.91438,15.91438,1,1,150,0,0,0,127,30,0,0,30,1,-127.2734,
179.3412,1737.62,22.89537,0.005068941,0,89.15369,19.91615,14.24274,97.6171,324.5933,222.9438,0,2,2.229945,283.79,300,0.7,0,0,41.99467,41.99467,1,1,1.003008,1.007111,300,0.5480313,0,0,104.4583,1,0,1,1,23.63611,1.939315,0,1,270,208,0,0,0,1.000846,1.009832,0,1,1,2,10,14.61039,1,1000,6,25,14.86881,1.2,13.05608,-0.5855389,-0.5855389,1,0,16,0,15.45435,15.45435,1,1,150,0,0,0,127,30,0,0,30,1,-127.1046,
179.4426,1712.231,23.19071,0.007426695,0,89.03789,19.80687,14.35949,97.57645,323.7795,224.7749,0,2,2.211632,284.07,300,0.7,0,0,42.59943,42.59943,1,1,0.9948359,1.007486,300,0.5637291,0,0,104.4583,1,0,1,1,23.34103,1.910128,0,1,270,196,0,0,0,1.000962,1.009614,0,1,1,2,30,14.377,1,1000,6,25,14.85612,1.2,13.05821,-0.2324314,-0.2324314,1,0,16,0,15.08855,15.08855,1,1,150,0,0,0,127,30,0,0,30,1,-126.8093,
179.5444,1729.406,23.26304,0.02864648,0,89.01745,19.83345,14.35811,97.50532,326.0853,224.0311,0,2,2.233816,284.06,300,0.7,0,0,42.49363,42.49363,1,1,0.9949321,1.007395,300,0.5637471,0,0,104.4583,1,0,1,1,23.52692,1.910472,0,1,270,208,0,0,0,1.000983,1.009667,0,1,1,2,10,14.35407,1,1000,6,25,14.8647,1.2,13.05745,0.2361631,0.2361631,1,0,16,0,14.62854,14.62854,1,1,150,0,0,0,127,30,0,0,30,1,-126.737,
179.6457,1699.813,22.79893,0.04986627,0,88.98339,19.82902,14.30317,97.54597,322.7622,220.9602,0,2,2.181427,284.49,300,0.7,0,0,42.30446,42.30446,1,1,0.9987778,1.00741,300,0.5464572,0,0,104.4583,1,0,1,1,23.22082,1.924206,0,1,270,192,0,0,0,1.001017,1.009658,0,1,1,2,20,14.21801,1,1000,5,25.1,14.84991,1.190948,13.05577,0.617959,0.617959,1,0,16,0,14.23195,14.23195,1,1,150,0,0,0,127,30,0,0,30,1,-127.2011,
179.7475,1687.289,23.26304,0.3092192,0,89.03107,19.8748,14.18231,97.43419,314.9123,218.8621,0,2,2.235658,283.65,300,0.7,0,0,42.94867,42.94867,1,1,1.007239,1.007253,300,0.5662467,0,0,104.4583,1,0,1,1,23.063,1.954424,0,1,270,212,0,0,0,1.000969,1.00975,0,1,1,2,20,14.10658,1,1000,5,25.1,14.84365,1.190948,13.05577,0.9522028,0.9522028,1,0,16,0,13.89144,13.89144,1,1,150,0,0,0,127,30,0,0,30,1,-126.737,
179.8521,1701.741,27.05428,1.7781,0,89.01745,19.80982,14.43503,97.48499,320.3377,227.5406,0,2,2.878779,279.72,300,0.7,0,0,45.10348,68.81391,1,1,0.9895479,1.007476,300,1.054719,23.71043,0.5411834,201.2907,1,0,1,1,23.0583,1.894162,0,1,270,212,0,0,0,1.000983,1.00962,0,1,1,2,20,14.08451,1,1000,6,25,14.85087,1.190948,13.05791,1.151731,1.151731,1,0,16,0,13.69914,13.69914,1,1,150,0,0,0,127,30,0,0,30,1,-122.9457,
179.9542,1691.094,30.27894,1.837044,0,89.12644,19.89104,14.3691,97.59677,322.491,230.3063,0,2,2.508456,282.01,300,0.7,0,0,46.75631,46.75631,1,1,0.9941629,1.007197,300,0.8021641,0,0,201.2907,1,0,1,1,22.74816,1.907724,0,1,270,216,0,0,0,1.000874,1.009782,0,1,1,2,20,14.17323,1,1000,5,25.1,14.84555,1.190948,13.05943,1.349932,1.349932,1,0,16,0,13.49562,13.49562,1,1,150,0,0,0,127,30,0,0,30,1,-119.7211,
180.0542,1708.526,31.18908,1.910134,0,89.12644,19.89252,14.10905,97.46468,325.0002,232.1756,0,2,2.591264,281.54,300,0.7,0,0,47.09852,47.09852,1,1,1.012366,1.007192,300,0.8126285,0,0,201.2907,1,0,1,1,22.85746,1.972737,0,1,270,212,0,0,0,1.000874,1.009785,0,1,1,2,30,14.0625,1,1000,6,25,14.85426,1.163452,13.05516,1.512183,1.512183,1,0,16,0,13.34208,13.34208,1,1,150,0,0,0,127,30,0,0,30,1,-118.8109,
180.1546,1726.221,32.09922,2.035095,0,89.0447,19.89104,14.48676,97.50532,314.268,227.1782,0,2,2.66187,280.85,300,0.7,0,0,47.46035,47.46035,1,1,0.9859264,1.007197,300,0.8423361,0,0,201.2907,1,0,1,1,22.96941,1.885539,0,1,270,220,0,0,0,1.000955,1.009782,0,1,1,2,30,14.24051,1,1000,6,25,14.86311,1.163452,13.05516,1.701287,1.701287,1,0,16,0,13.16202,13.16202,1,1,150,0,0,0,127,30,0,0,30,1,-117.9008,
180.2594,1693.863,33.61812,2.157698,0,89.07195,19.84526,14.2812,97.45451,319.6765,232.7287,0,2,2.681949,280.41,300,0.7,0,0,48.49291,48.49291,1,1,1.000316,1.007354,300,0.9024048,0,0,201.2907,1,0,1,1,22.53733,1.9297,0,1,270,204,0,0,0,1.000928,1.009691,0,1,1,2,20,14.0625,1,1000,6,25,14.84693,1.163452,13.05669,2.030585,2.030585,1,0,16,0,12.81635,12.81635,1,1,150,0,0,0,127,30,0,0,30,1,-116.3819,
180.3614,1679.449,34.79346,2.17656,0,89.07876,19.85708,14.16674,97.5358,323.5082,235.3036,0,2,2.673123,280.26,300,0.7,0,0,49.28916,49.28916,1,1,1.008328,1.007313,300,0.9110136,0,0,201.2907,1,0,1,1,22.30924,1.958315,0,1,270,204,0,0,0,1.000921,1.009714,0,1,1,2,30,13.99689,1,1000,6,25,14.83972,1.116025,13.05577,2.369607,2.369607,1,0,16,0,12.47012,12.47012,1,1,150,0,0,0,128,30,0,0,30,1,-115.2065,
180.4616,1727.116,34.74525,2.263797,0,89.07195,19.7921,14.18185,97.55613,328.2555,236.4481,0,2,2.720207,280.21,300,0.7,0,0,49.32033,49.32033,1,1,1.007271,1.007537,300,0.9089574,0,0,201.2907,1,0,1,1,22.78935,1.954538,0,1,270,196,0,0,0,1.000928,1.009584,0,1,1,2,30,14.377,1,1000,6,25,14.86356,1.116025,13.05638,1.972942,1.972942,1,0,16,0,12.89062,12.89062,1,1,150,0,0,0,127,30,0,0,30,1,-115.2548,
180.5619,1716.738,35.41429,2.912179,0,89.14007,19.79801,14.41305,97.54597,314.9632,233.7777,0,2,3.218884,276.63,300,0.7,0,0,49.82285,66.61124,1,1,0.9910862,1.007517,300,1.251603,16.78838,0.3378019,112.6006,1,0,1,1,22.63779,1.897824,0,1,270,204,0,0,0,1.00086,1.009596,0,1,1,2,20,14.24051,1,1000,6,25,14.85837,1.116025,13.05837,1.485175,1.485175,1,0,16,0,13.37319,13.37319,1,1,150,0,0,0,127,30,0,0,30,1,-114.5857,
180.6645,1687.574,37.77703,2.975839,0,89.15369,19.82164,14.03534,97.5358,321.9654,238.6606,0,2,3.361084,275.94,300,0.7,0,0,51.31383,68.10222,1,1,1.017526,1.007435,300,1.366267,16.78838,0.3378019,112.6006,1,0,1,1,22.17738,1.991165,0,1,270,204,0,0,0,1.000846,1.009643,0,1,1,2,20,14.01869,1,1000,6,25,14.84379,1.116025,13.05272,1.155359,1.155359,1,0,16,0,13.68843,13.68843,1,1,150,0,0,0,127,30,0,0,30,1,-112.223,
180.7697,1711.645,39.74799,3.831704,0,89.03789,19.87332,14.14202,97.42403,325.2206,240.568,0,2,3.252125,276.67,300,0.7,0,0,53.07465,61.98749,1,1,1.010059,1.007258,300,1.280899,8.912842,0.170584,56.86134,1,0,1,1,22.27731,1.964496,0,1,270,216,0,0,0,1.000962,1.009747,0,1,1,2,40,14.21801,1,1000,6,25,14.85582,1.093345,13.05699,0.883296,0.883296,1,0,16,0,13.97253,13.97253,1,1,150,0,0,0,127,30,0,0,30,1,-110.252,
180.8698,1722.752,42.38197,3.996747,0,89.03107,19.83197,14.39108,97.48499,328.052,244.3065,0,2,3.172735,277.14,300,0.7,0,0,55.35804,55.35804,1,1,0.9926245,1.0074,300,1.218435,0,0,56.86134,1,0,1,1,22.22418,1.90223,0,1,270,220,0,0,0,1.000969,1.009664,0,1,1,2,30,14.28571,1,1000,6,25,14.87238,1.093345,13.05638,0.7755976,0.7755976,1,0,16,0,14.09606,14.09606,1,1,150,0,0,0,127,30,0,0,30,1,-107.618,
180.9701,1716.051,43.70197,4.046259,0,88.93571,19.78472,14.37551,97.4037,328.425,247.3964,0,2,3.188994,276.97,300,0.7,0,0,56.15471,56.15471,1,1,0.9937142,1.007562,300,1.274401,0,0,56.86134,1,0,1,1,22.15,1.906122,0,1,270,200,0,0,0,1.001064,1.009569,0,1,1,2,20,14.35407,1,1000,6,25,14.87555,1.093345,13.0576,1.393414,1.393414,1,0,16,0,13.47725,13.47725,1,1,150,0,0,0,127,30,0,0,30,1,-106.298,
181.0705,1748.456,42.88827,3.812841,0,88.99702,19.84231,14.18551,97.36306,322.3723,242.7806,0,2,3.249213,276.63,300,0.7,0,0,56.48705,56.48705,1,1,1.007014,1.007364,300,1.221659,0,0,56.86134,1,0,1,1,22.468,1.953622,0,1,270,204,0,0,0,1.001003,1.009685,0,1,1,2,30,14.4,1,1000,6,25,14.88634,1.06262,13.05776,1.417287,1.417287,1,0,16,0,13.47011,13.47011,1,1,150,0,0,0,127,30,0,0,30,1,-107.1117,
181.1712,1733.302,42.50252,3.610075,0,89.02426,19.79801,14.39108,97.36306,314.3019,238.5462,0,2,3.235636,276.81,300,0.7,0,0,55.73889,55.73889,1,1,0.9926245,1.007517,300,1.195367,0,0,56.86134,1,0,1,1,22.32659,1.90223,0,1,270,196,0,0,0,1.000976,1.009596,0,1,1,2,20,14.49275,1,1000,6,25,14.87778,1.06262,13.05577,0.9776106,0.9776106,1,0,16,0,13.90777,13.90777,1,1,150,0,0,0,127,30,0,0,30,1,-107.4975,
181.2717,1734.104,42.50854,2.619818,0,89.09238,19.80982,14.22992,97.44435,329.0354,244.0204,0,2,3.150289,276.83,300,0.7,0,0,55.76558,55.76558,1,1,1.003906,1.007476,300,1.195976,0,0,56.86134,1,0,1,1,22.33437,1.94252,0,1,270,216,0,0,0,1.000908,1.00962,0,1,1,2,30,14.46945,1,1000,6,25,14.87817,1.06262,13.05943,0.5527601,0.5527601,1,0,16,0,14.32421,14.32421,1,1,150,0,0,0,127,30,0,0,30,1,-107.4915,
181.3747,1758.19,38.78963,2.35575,0,89.05151,19.80392,14.32469,97.44435,325.814,241.5789,0,2,2.974272,278.43,300,0.7,0,0,53.03729,53.03729,1,1,0.9972716,1.007496,300,1.033742,0,0,56.86134,1,0,1,1,22.81121,1.918827,0,1,270,204,0,0,0,1.000948,1.009608,0,1,1,2,20,14.53958,1,1000,6,25,14.8791,1.058325,13.05882,0.2306824,0.2306824,1,0,16,0,14.64841,14.64841,1,1,150,0,0,0,127,30,0,0,30,1,-111.2104,
181.4777,1754.078,36.90908,2.249651,0,89.06513,19.77438,14.3398,97.44435,328.0859,237.3636,0,2,2.850377,279.26,300,0.7,0,0,51.29299,51.29299,1,1,0.996214,1.007598,300,0.9514347,0,0,56.86134,1,0,1,1,22.90442,1.91505,0,1,270,216,0,0,0,1.000935,1.009549,0,1,1,2,20,14.72995,1,1000,6,25,14.87704,1.058325,13.05699,0.1012316,0.1012316,1,0,16,0,14.77581,14.77581,1,1,150,0,0,0,127,30,0,0,30,1,-113.0909,
181.5812,1767.826,34.66689,2.162414,0,89.11963,19.83788,14.05091,97.44435,320.1173,230.1347,0,2,2.784325,279.66,300,0.7,0,0,49.2999,49.2999,1,1,1.016436,1.00738,300,0.8583905,0,0,56.86134,1,0,1,1,23.20205,1.987273,0,1,270,224,0,0,0,1.00088,1.009676,0,1,1,2,10,14.65798,1,1000,6,25,14.88391,1.058325,13.05791,0.1471729,0.1471729,1,0,16,0,14.73674,14.73674,1,1,150,0,0,0,127,30,0,0,30,1,-115.3331,
181.6815,1772.945,34.61867,2.152983,0,89.106,19.75814,14.17086,97.43419,329.4593,235.4562,0,2,2.73329,280.32,300,0.7,0,0,49.25908,49.25908,1,1,1.00804,1.007654,300,0.8564488,0,0,56.86134,1,0,1,1,23.25669,1.957285,0,1,270,212,0,0,0,1.000894,1.009516,0,1,1,2,10,14.82702,1,1000,6,25,14.88647,1.058325,13.05806,0.2601414,0.2601414,1,0,16,0,14.62633,14.62633,1,1,150,0,0,0,127,30,0,0,30,1,-115.3813,
181.7844,1774.728,33.85922,2.122332,0,89.17413,19.84674,14.04953,97.44435,328.2555,233.6252,0,2,2.70646,280.44,300,0.7,0,0,48.52865,48.52865,1,1,1.016533,1.007349,300,0.8200856,0,0,56.86134,1,0,1,1,23.32876,1.987617,0,1,270,208,0,0,0,1.000826,1.009694,0,1,1,2,20,14.7541,1,1000,6,25,14.88736,1.051984,13.05516,0.3977594,0.3977594,1,0,16,0,14.4896,14.4896,1,1,150,0,0,0,127,30,0,0,30,1,-116.1408,
181.8847,1779.887,33.5699,1.870052,0,89.18094,19.82311,14.0303,97.55613,331.8329,232.4044,0,2,2.669831,280.46,300,0.7,0,0,48.23641,48.23641,1,1,1.017879,1.00743,300,0.8080636,0,0,56.86134,1,0,1,1,23.40102,1.992424,0,1,270,192,0,0,0,1.000819,1.009646,0,1,1,2,20,14.77833,1,1000,6,25,14.88994,1.051984,13.05455,0.3605337,0.3605337,1,0,16,0,14.52941,14.52941,1,1,150,0,0,0,127,30,0,0,30,1,-116.4301,
181.9852,1779.254,32.17155,1.422079,0,89.215,19.79801,14.32698,97.5358,328.4589,234.5407,0,2,2.609572,281,300,0.7,0,0,47.2303,47.2303,1,1,0.9971114,1.007517,300,0.7582689,0,0,56.86134,1,0,1,1,23.49457,1.918255,0,1,270,216,0,0,0,1.000785,1.009596,0,1,1,2,30,14.90066,1,1000,6,25,14.88963,1.051984,13.05699,0.2007313,0.2007313,1,0,16,0,14.6889,14.6889,1,1,150,0,0,0,127,30,0,0,30,1,-117.8285,
182.0881,1775.989,30.63456,1.29476,0,89.24225,19.83197,14.2171,97.59677,329.4762,230.7069,0,2,2.515984,281.72,300,0.7,0,0,46.41541,46.41541,1,1,1.004803,1.0074,300,0.7083518,0,0,56.86134,1,0,1,1,23.5717,1.945725,0,1,270,196,0,0,0,1.000758,1.009664,0,1,1,2,10,14.7541,1,1000,6,25,14.88799,1.05012,13.05394,-0.04367447,-0.04367447,1,0,16,0,14.93167,14.93167,1,1,150,0,0,0,127,30,0,0,30,1,-119.3654,
182.1883,1770.747,29.90524,1.141506,0,89.16731,19.86003,14.33293,97.47484,328.052,230.4971,0,2,2.479046,282.09,300,0.7,0,0,46.05515,46.05515,1,1,0.9966947,1.007303,300,0.6862657,0,0,56.86134,1,0,1,1,23.57138,1.916767,0,1,270,204,0,0,0,1.000833,1.00972,0,1,1,2,30,14.90066,1,1000,6,25,14.88537,1.05012,13.05715,-0.1479349,-0.1479349,1,0,16,0,15.03331,15.03331,1,1,150,0,0,0,127,30,0,0,30,1,-120.0948,
182.2907,1764.187,27.86195,0.2620641,0,89.12644,19.80244,14.38925,97.45451,327.1704,227.9793,0,2,2.366951,282.71,300,0.7,0,0,45.00875,45.00875,1,1,0.9927527,1.007501,300,0.6250641,0,0,56.86134,1,0,1,1,23.64968,1.902688,0,1,270,200,0,0,0,1.000874,1.009605,0,1,1,2,20,14.70588,1,1000,6,25,14.88209,1.05012,13.05699,-0.2263393,-0.2263393,1,0,16,0,15.10843,15.10843,1,1,150,0,0,0,127,30,0,0,30,1,-122.138,
182.395,1747.437,25.63181,0.07580156,0,89.09238,19.82755,14.12004,97.39355,325.814,225.6142,0,2,2.28623,283.63,300,0.7,0,0,43.97655,43.97655,1,1,1.011597,1.007415,300,0.5645038,0,0,56.86134,1,0,1,1,23.59994,1.96999,0,1,270,200,0,0,0,1.000908,1.009655,0,1,1,2,50,14.70588,1,1000,6,25,14.87372,1.054498,13.0573,-0.1993599,-0.1993599,1,0,16,0,15.07308,15.07308,1,1,150,0,0,0,127,30,0,0,30,1,-124.3682,
182.4972,1740.24,24.63729,0.06165504,0,89.106,19.75076,14.16949,97.26144,328.8149,225.9194,0,2,2.218806,283.52,300,0.7,0,0,43.52943,43.52943,1,1,1.008136,1.007679,300,0.5372658,0,0,56.86134,1,0,1,1,23.57551,1.957628,0,1,270,216,0,0,0,1.000894,1.009501,0,1,1,2,20,14.7541,1,1000,6,25,14.87012,1.054498,13.05821,-0.2372074,-0.2372074,1,0,16,0,15.10733,15.10733,1,1,150,0,0,0,127,30,0,0,30,1,-125.3627,
182.5996,1778.305,23.73318,0.05458177,0,89.11963,19.85708,14.09074,97.43419,328.3741,224.0501,0,2,2.2377,283.69,300,0.7,0,0,42.49957,42.49957,1,1,1.013648,1.007313,300,0.5045756,0,0,56.86134,1,0,1,1,24.03751,1.977315,0,1,270,212,0,0,0,1.00088,1.009714,0,1,1,2,20,14.70588,1,1000,6,25,14.88915,1.054498,13.0576,-0.1463642,-0.1463642,1,0,16,0,15.03552,15.03552,1,1,150,0,0,0,127,30,0,0,30,1,-126.2668,
182.7037,1720.381,23.70304,0.02157322,0,89.23544,19.83788,14.38009,97.56629,324.2033,223.0964,0,2,2.136139,284.49,300,0.7,0,0,43.07821,43.07821,1,1,0.9933937,1.00738,300,0.5117463,0,0,56.86134,1,0,1,1,23.40673,1.904977,0,1,270,208,0,0,0,1.000765,1.009676,0,1,1,2,30,14.44623,1,1000,6,25,14.86019,1.054498,13.05699,-0.1554403,-0.1554403,1,0,16,0,15.01563,15.01563,1,1,150,0,0,0,127,30,0,0,30,1,-126.297,
182.8085,1733.202,23.34742,0.0380775,0,89.11963,19.84526,14.34713,97.32241,319.3035,219.7395,0,2,2.180946,283.91,300,0.7,0,0,42.54657,42.54657,1,1,0.9957012,1.007354,300,0.4983577,0,0,56.86134,1,0,1,1,23.56452,1.913218,0,1,270,212,0,0,0,1.00088,1.009691,0,1,1,2,40,14.33121,1,1000,6,25,14.8666,1.055923,13.05699,-0.01203823,-0.01203823,1,0,16,0,14.87864,14.87864,1,1,150,0,0,0,127,30,0,0,30,1,-126.6526,
182.913,1730.403,23.48002,0.0687283,0,89.20138,19.70203,14.34346,97.5358,321.2702,217.4888,0,2,2.163004,284.32,300,0.7,0,0,42.72416,42.72416,1,1,0.9959576,1.007847,300,0.5033897,0,0,56.86134,1,0,1,1,23.52719,1.914134,0,1,270,208,0,0,0,1.000799,1.009404,0,1,1,2,30,14.49275,1,1000,6,25,14.8652,1.055923,13.05577,0.1358232,0.1358232,1,0,16,0,14.72938,14.72938,1,1,150,0,0,0,127,30,0,0,30,1,-126.52,
183.0174,1691.952,23.40167,0.007426695,0,89.27631,19.81425,14.41305,97.52564,313.0473,224.3362,0,2,2.11494,284.59,300,0.7,0,0,43.04975,43.04975,1,1,0.9910862,1.007461,300,0.5060688,0,0,56.86134,1,0,1,1,23.10866,1.897824,0,1,270,212,0,0,0,1.000724,1.009629,0,1,1,2,30,14.24051,1,1000,5,25.1,14.84598,1.055923,13.05455,0.2218533,0.2218533,1,0,16,0,14.62412,14.62412,1,1,150,0,0,0,127,30,0,0,30,1,-126.5983,
183.1185,1706.193,23.53427,0.0640128,0,89.18094,19.76257,14.36681,97.3529,320.3208,224.8322,0,2,2.132742,284.6,300,0.7,0,0,43.04271,43.04271,1,1,0.9943231,1.007639,300,0.5056676,0,0,56.86134,1,0,1,1,23.25925,1.908297,0,1,270,216,0,0,0,1.000819,1.009525,0,1,1,2,10,14.17323,1,1000,6,25,14.8531,1.049638,13.05928,0.3332949,0.3332949,1,0,16,0,14.5198,14.5198,1,1,150,0,0,0,127,30,0,0,30,1,-126.4657,
183.2208,1670.379,23.1666,0.0640128,0,89.11282,19.73304,14.22443,97.26144,319.117,220.8457,0,2,2.087973,284.51,300,0.7,0,0,43.02707,43.02707,1,1,1.00429,1.00774,300,0.4982423,0,0,56.86134,1,0,1,1,22.88025,1.943893,0,1,270,216,0,0,0,1.000887,1.009466,0,1,1,2,30,13.95349,1,1000,5,25.1,14.83519,1.049638,13.05806,0.3140154,0.3140154,1,0,16,0,14.52117,14.52117,1,1,150,0,0,0,127,30,0,0,30,1,-126.8334,
183.3225,1670.286,23.44989,0.03571974,0,89.17413,19.76848,14.24182,97.46468,315.4379,220.7694,0,2,2.087857,285.01,300,0.7,0,0,43.33446,43.33446,1,1,1.003072,1.007618,300,0.5078827,0,0,56.86134,1,0,1,1,22.86889,1.939544,0,1,270,204,0,0,0,1.000826,1.009537,0,1,1,2,20,13.86749,1,1000,5,25.1,14.83514,1.049638,13.05669,0.2750568,0.2750568,1,0,16,0,14.56009,14.56009,1,1,150,0,0,0,128,30,0,0,30,1,-126.5501,
183.4236,1659.567,23.78742,0.07108605,0,89.0992,19.8364,14.33705,97.41386,320.3886,226.6251,0,2,2.088289,285.03,300,0.7,0,0,43.81246,43.81246,1,1,0.9964063,1.007385,300,0.5210524,0,0,56.86134,1,0,1,1,22.73971,1.915737,0,1,270,204,0,0,0,1.000901,1.009673,0,1,1,2,0,13.88889,1,1000,5,25.1,14.82978,1.049638,13.05638,0.2284794,0.2284794,1,0,16,0,14.60131,14.60131,1,1,150,0,0,0,127,30,0,0,30,1,-126.2126,
183.5258,1646.904,23.2992,0.02628873,0,89.16731,19.80835,14.20978,97.37322,308.1983,219.3771,0,2,2.05863,285.22,300,0.7,0,0,43.42369,43.42369,1,1,1.005316,1.007481,300,0.503189,0,0,56.86134,1,0,1,1,22.61702,1.947556,0,1,270,224,0,0,0,1.000833,1.009617,0,1,1,2,10,13.88889,1,1000,5,25.1,14.82345,1.043742,13.05699,0.2725229,0.2725229,1,0,16,0,14.5542,14.5542,1,1,150,0,0,0,127,30,0,0,30,1,-126.7008,
183.627,1629.107,23.96824,0.0640128,0,89.20819,19.73156,14.37734,97.38338,316.9977,224.3172,0,2,2.063535,285.1,300,0.7,0,0,44.32523,44.32523,1,1,0.993586,1.007745,300,0.5287392,0,0,56.86134,1,0,1,1,22.40261,1.905664,0,1,270,212,0,0,0,1.000792,1.009463,0,1,1,2,30,13.51351,1,1000,5,25.1,14.81455,1.043742,13.05547,0.2823992,0.2823992,1,0,16,0,14.53216,14.53216,1,1,150,0,0,0,127,30,0,0,30,1,-126.0318,
183.7284,1641.767,23.15455,0.0380775,0,89.26949,19.80392,14.29997,97.37322,308.8257,218.5378,0,2,2.052208,285.19,300,0.7,0,0,43.32474,43.32474,1,1,0.9990022,1.007496,300,0.4989641,0,0,56.86134,1,0,1,1,22.56486,1.925008,0,1,270,224,0,0,0,1.000731,1.009608,0,1,1,2,20,13.74046,1,1000,5,25.1,14.82088,1.043742,13.05684,0.2832384,0.2832384,1,0,16,0,14.53765,14.53765,1,1,150,0,0,0,127,30,0,0,30,1,-126.8455,
183.8293,1590.246,23.93811,0.007426695,0,89.23544,19.79801,14.42038,97.39355,305.706,224.7749,0,2,2.00106,285.59,300,0.7,0,0,44.69981,44.69981,1,1,0.9905734,1.007517,300,0.5301848,0,0,56.86134,1,0,1,1,21.98102,1.896603,0,1,270,208,0,0,0,1.000765,1.009596,0,1,1,2,20,13.33333,1,1000,5,25.1,14.79512,1.037896,13.05715,0.2622824,0.2622824,1,0,16,0,14.53284,14.53284,1,1,150,0,0,0,127,30,0,0,30,1,-126.0619,
183.9309,1597.104,23.90797,0.04515076,0,89.0992,19.70203,14.17086,97.34274,313.4203,221.3798,0,2,2.036307,284.82,300,0.7,0,0,44.59659,44.59659,1,1,1.00804,1.007847,300,0.5283168,0,0,56.86134,1,0,1,1,22.05618,1.957285,0,1,270,220,0,0,0,1.000901,1.009404,0,1,1,2,10,13.21586,1,1000,5,25.1,14.79855,1.037896,13.05882,0.2814951,0.2814951,1,0,16,0,14.51706,14.51706,1,1,150,0,0,0,128,30,0,0,30,1,-126.092,
184.0317,1612.643,23.7392,0.0380775,0,89.24225,19.76257,14.14202,97.4037,312.3861,224.5842,0,2,2.042681,285.7,300,0.7,0,0,44.25621,44.25621,1,1,1.010059,1.007639,300,0.5201908,0,0,56.86134,1,0,1,1,22.22928,1.964496,0,1,270,216,0,0,0,1.000758,1.009525,0,1,1,2,40,13.57466,1,1000,5,25.1,14.80632,1.037896,13.05699,0.2796564,0.2796564,1,0,16,0,14.52667,14.52667,1,1,150,0,0,0,127,30,0,0,30,1,-126.2608,
184.1333,1566.825,24.08277,0,0,89.29675,19.78029,14.39108,97.45451,307.588,223.1155,0,2,1.984645,285.69,300,0.7,0,0,45.04184,45.04184,1,1,0.9926245,1.007578,300,0.5378766,0,0,56.86134,1,0,1,1,21.72434,1.90223,0,1,270,216,0,0,0,1.000703,1.009561,0,1,1,2,10,13.19648,1,1000,5,25.1,14.78341,1.037896,13.05699,0.2979259,0.2979259,1,0,16,0,14.48549,14.48549,1,1,150,0,0,0,127,30,0,0,30,1,-125.9172,
184.2348,1562.581,23.74523,0.0640128,0,89.11963,19.7035,14.24182,97.27161,311.7418,220.8267,0,2,1.97927,285.4,300,0.7,0,0,44.79117,44.79117,1,1,1.003072,1.007842,300,0.524516,0,0,56.86134,1,0,1,1,21.68287,1.939544,0,1,270,216,0,0,0,1.00088,1.009407,0,1,1,2,20,13.0814,1,1000,5,25.1,14.78129,1.031803,13.05943,0.3417854,0.3417854,1,0,16,0,14.43951,14.43951,1,1,150,0,0,0,127,30,0,0,30,1,-126.2548,
184.3356,1563.966,23.26304,0.03571974,0,89.33762,19.82164,14.35811,97.54597,306.825,223.4207,0,2,1.954958,285.95,300,0.7,0,0,44.28107,44.28107,1,1,0.9949321,1.007435,300,0.5077922,0,0,56.86134,1,0,1,1,21.70459,1.910472,0,1,270,212,0,0,0,1.000662,1.009643,0,1,1,2,20,13.04348,1,1000,5,25.1,14.78198,1.031803,13.05745,0.3191442,0.3191442,1,0,16,0,14.46284,14.46284,1,1,150,0,0,0,127,30,0,0,30,1,-126.737,
184.4361,1518.603,24.10688,0.03571974,0,89.26269,19.77438,14.38375,97.44435,305.8247,225.0801,0,2,1.898254,286.49,300,0.7,0,0,44.76555,44.76555,1,1,0.9931373,1.007598,300,0.5328625,0,0,56.86134,1,0,1,1,21.20155,1.904062,0,1,270,208,0,0,0,1.000737,1.009549,0,1,1,2,20,12.67606,1,1000,5,25.1,14.7593,1.031803,13.05821,0.1896467,0.1896467,1,0,16,0,14.56966,14.56966,1,1,150,0,0,0,128,30,0,0,30,1,-125.8931,
184.5364,1524.235,24.20934,0.02628873,0,89.27631,19.76257,14.29448,97.54597,310.4872,225.2518,0,2,1.9434,285.94,300,0.7,0,0,44.89014,44.89014,1,1,0.9993867,1.007639,300,0.5365161,0,0,56.86134,1,0,1,1,21.26204,1.926381,0,1,270,212,0,0,0,1.000724,1.009525,0,1,1,2,30,12.71186,1,1000,5,25.1,14.76212,1.031803,13.0573,0.1490364,0.1490364,1,0,16,0,14.61308,14.61308,1,1,150,0,0,0,127,30,0,0,30,1,-125.7907,
184.6372,1501.802,24.38414,0.07580156,0,89.24906,19.72713,14.50142,97.49516,306.1638,224.5079,0,2,1.889768,286.64,300,0.7,0,0,44.63735,44.63735,1,1,0.984901,1.00776,300,0.5359986,0,0,56.86134,1,0,1,1,21.01942,1.883097,0,1,270,232,0,0,0,1.000751,1.009454,0,1,1,2,40,12.44813,1,1000,5,25.1,14.7509,1.028352,13.05837,0.14886,0.14886,1,0,16,0,14.60204,14.60204,1,1,150,0,0,0,128,30,0,0,30,1,-125.6159,
184.7394,1478.415,24.51071,0.01921546,0,89.3853,19.79801,14.1585,97.5358,302.5016,224.4888,0,2,1.884979,286.74,300,0.7,0,0,44.35515,44.35515,1,1,1.008905,1.007517,300,0.5356721,0,0,56.86134,1,0,1,1,20.82732,1.960375,0,1,270,228,0,0,0,1.000615,1.009596,0,1,1,2,20,12.41379,1,1000,5,25.1,14.73921,1.028352,13.05821,0.2619562,0.2619562,1,0,16,0,14.47725,14.47725,1,1,150,0,0,0,128,30,0,0,30,1,-125.4893,
184.8404,1484.414,24.58907,0.03336199,0,89.30356,19.72713,14.30684,97.55613,304.2649,225.1183,0,2,1.904998,286.68,300,0.7,0,0,44.47572,44.47572,1,1,0.9985214,1.00776,300,0.5388344,0,0,56.86134,1,0,1,1,20.87531,1.923291,0,1,270,240,0,0,0,1.000696,1.009454,0,1,1,2,30,12.37964,1,1000,5,25.1,14.74221,1.028352,13.05577,0.2423077,0.2423077,1,0,16,0,14.4999,14.4999,1,1,150,0,0,0,127,30,0,0,30,1,-125.4109,
184.9427,1471.454,24.70359,0.007426695,0,89.3853,19.76257,14.41717,97.59677,300.891,223.4207,0,2,1.863841,286.86,300,0.7,0,0,44.34145,44.34145,1,1,0.9907978,1.007639,300,0.5398754,0,0,56.86134,1,0,1,1,20.77163,1.897138,0,1,270,232,0,0,0,1.000615,1.009525,0,1,1,2,30,12.26158,1,1000,5,25.1,14.73573,1.028352,13.05516,0.2145529,0.2145529,1,0,16,0,14.52117,14.52117,1,1,150,0,0,0,128,30,0,0,30,1,-125.2964,
185.0432,1439.194,25.0351,0.04043525,0,89.31718,19.72122,14.24823,97.48499,301.7217,226.8349,0,2,1.822979,286.98,300,0.7,0,0,44.03829,44.03829,1,1,1.002624,1.007781,300,0.5414223,0,0,56.86134,1,0,1,1,20.51355,1.937941,0,1,270,220,0,0,0,1.000683,1.009442,0,1,1,2,30,12.04819,1,1000,5,25.1,14.7196,1.023396,13.05882,0.1654005,0.1654005,1,0,16,0,14.5542,14.5542,1,1,150,0,0,0,127,30,0,0,30,1,-124.9649,
185.1452,1440.645,24.83016,0.07344381,0,89.31037,19.79801,14.23908,97.48499,297.89,226.2627,0,2,1.824817,286.95,300,0.7,0,0,43.96236,43.96236,1,1,1.003265,1.007517,300,0.5359827,0,0,56.86134,1,0,1,1,20.52516,1.940231,0,1,270,236,0,0,0,1.00069,1.009596,0,1,1,2,30,12.09677,1,1000,5,25.1,14.72032,1.023396,13.05852,0.1661263,0.1661263,1,0,16,0,14.5542,14.5542,1,1,150,0,0,0,128,30,0,0,30,1,-125.1698,
185.246,1416.631,24.78194,0.03571974,0,89.26269,19.69464,14.22488,97.50532,283.1227,222.982,0,2,1.829618,286.83,300,0.7,0,0,43.59923,43.59923,1,1,1.004258,1.007872,300,0.5310604,0,0,56.86134,1,0,1,1,20.33305,1.943779,0,1,270,232,0,0,0,1.000737,1.009389,0,1,1,2,30,11.85771,1,1000,5,25.1,14.70832,1.023396,13.05867,0.1507874,0.1507874,1,0,16,0,14.56671,14.56671,1,1,150,0,0,0,128,30,0,0,30,1,-125.2181,
185.3513,1393.34,25.64386,0.06165504,0,89.17413,19.74928,14.18597,97.36306,292.9223,222.8103,0,2,1.799731,286.61,300,0.7,0,0,43.70291,43.70291,1,1,1.006982,1.007684,300,0.5511547,0,0,56.86134,1,0,1,1,20.14672,1.953508,0,1,270,228,0,0,0,1.000826,1.009499,0,1,1,2,20,11.67315,1,1000,5,25.1,14.7,1.023396,13.06279,0.04643536,0.04643536,1,0,16,0,14.65357,14.65357,1,1,150,0,0,0,127,30,0,0,30,1,-124.3561,
185.453,1391.659,26.32496,0.05929728,0,89.19456,19.71532,14.31508,97.37322,298.8395,223.7831,0,2,1.832352,286.68,300,0.7,0,0,44.02381,44.02381,1,1,0.9979447,1.007801,300,0.5697792,0,0,56.86134,1,0,1,1,20.13327,1.921231,0,1,270,236,0,0,0,1.000805,1.009431,0,1,1,2,40,11.67315,1,1000,5,25.1,14.7,1.023064,13.05852,-0.1180811,-0.1180811,1,0,16,0,14.81808,14.81808,1,1,150,0,0,0,127,30,0,0,30,1,-123.675,
185.5546,1378.867,26.3551,0.05929728,0,89.24225,19.67249,14.31782,97.48499,294.5669,227.8458,0,2,1.792527,287.35,300,0.7,0,0,43.87201,43.87201,1,1,0.9977523,1.007949,300,0.5684723,0,0,56.86134,1,0,1,1,20.03093,1.920544,0,1,270,216,0,0,0,1.000758,1.009345,0,1,1,2,20,11.50895,1,1000,5,25.1,14.7,1.023064,13.05577,-0.2228298,-0.2228298,1,0,16,0,14.92283,14.92283,1,1,150,0,0,0,127,30,0,0,30,1,-123.6449,
185.657,1346.257,26.24058,0.0640128,0,89.36487,19.76257,14.25922,97.54597,280.4608,224.9275,0,2,1.750135,287.23,300,0.7,0,0,43.3848,43.3848,1,1,1.001854,1.007639,300,0.5595757,0,0,56.86134,1,0,1,1,19.77006,1.935194,0,1,270,224,0,0,0,1.000635,1.009525,0,1,1,2,30,11.29235,1,1000,5,25.1,14.7,1.023064,13.05837,-0.3642406,-0.3642406,1,0,16,0,15.06424,15.06424,1,1,150,0,0,0,127,30,0,0,30,1,-123.7594,
185.7573,1368.8,27.7414,0.2832839,0,89.32399,19.7862,14.3984,97.52564,287.9886,224.7749,0,2,1.813661,287.12,300,0.7,0,0,44.46279,44.46279,1,1,0.9921118,1.007557,300,0.606284,0,0,56.86134,1,0,1,1,19.9504,1.900399,0,1,270,216,0,0,0,1.000676,1.009572,0,1,1,2,30,11.33501,1,1000,5,25.1,14.7,1.023064,13.05577,-0.3288889,-0.3288889,1,0,16,0,15.02889,15.02889,1,1,150,0,0,0,127,30,0,0,30,1,-122.2586,
185.8586,1333.511,28.25373,0.5214171,0,89.32399,19.78325,14.32194,97.46468,276.3239,229.0284,0,2,1.858527,286.69,300,0.7,0,0,44.31683,44.31683,1,1,0.9974639,1.007568,300,0.6189381,0,0,56.86134,1,0,1,1,19.656,1.919514,0,1,270,224,0,0,0,1.000676,1.009566,0,1,1,2,30,11.16625,1,1000,5,25.1,14.7,1.028852,13.05715,-0.3288889,-0.3288889,1,0,16,0,15.02889,15.02889,1,1,150,0,0,0,127,30,0,0,30,1,-121.7463,
185.9593,1322.518,30.61045,0.6133695,0,89.31718,19.74485,14.14156,97.44435,288.4803,229.3717,0,2,1.851525,286.65,300,0.7,0,0,45.49383,45.49383,1,1,1.010091,1.007699,300,0.688491,0,0,56.86134,1,0,1,1,19.45987,1.96461,0,1,270,208,0,0,0,1.000683,1.00949,0,1,1,2,30,11.07011,1,1000,5,25.1,14.69842,1.028852,13.05821,-0.2626543,-0.2626543,1,0,16,0,14.9615,14.9615,1,1,150,0,0,0,127,30,0,0,30,1,-119.3896,
186.0623,1313.313,31.76771,1.233459,0,89.36487,19.70941,14.20062,97.51548,275.4084,231.7941,0,2,2.221687,283.51,300,0.7,0,0,46.05035,64.49711,1,1,1.005957,1.007821,300,1.01323,18.44676,0.4046763,134.8921,1,0,1,1,19.33786,1.949845,0,1,270,240,0,0,0,1.000635,1.009419,0,1,1,2,10,11.00244,1,1000,5,25.1,14.69489,1.028852,13.05699,-0.244338,-0.244338,1,0,16,0,14.93719,14.93719,1,1,150,0,0,0,127,30,0,0,30,1,-118.2323,
186.1636,1346.741,34.52223,1.252321,0,89.46024,19.73895,14.18139,97.59677,294.4482,232.1183,0,2,2.020111,285,300,0.7,0,0,47.22432,47.22432,1,1,1.007303,1.00772,300,0.8062559,0,0,134.8921,1,0,1,1,19.45085,1.954652,0,1,270,220,0,0,0,1.00054,1.009478,0,1,1,2,20,11.07011,1,1000,5,25.1,14.69197,1.028852,13.05699,-0.2879744,-0.2879744,1,0,16,0,14.98028,14.98028,1,1,150,0,0,0,127,30,0,0,30,1,-115.4778,
186.2652,1354.952,34.34744,1.308907,0,89.35806,19.73009,14.30134,97.49516,283.6483,237.211,0,2,2.021137,285.67,300,0.7,0,0,47.27349,47.27349,1,1,0.998906,1.00775,300,0.8030193,0,0,134.8921,1,0,1,1,19.51776,1.924664,0,1,270,220,0,0,0,1.000642,1.00946,0,1,1,2,20,11.19403,1,1000,5,25.1,14.69347,1.028852,13.05943,-0.220068,-0.220068,1,0,16,0,14.91399,14.91399,1,1,150,0,0,0,128,30,0,0,30,1,-115.6526,
186.3654,1267.159,36.49319,1.285329,0,89.43298,19.73304,14.3398,97.5358,282.3597,234.9413,0,2,1.932418,286.37,300,0.7,0,0,46.71534,46.71534,1,1,0.996214,1.00774,300,0.8481296,0,0,134.8921,1,0,1,1,18.81313,1.91505,0,1,270,224,0,0,0,1.000567,1.009466,0,1,1,2,30,10.86957,1,1000,5,25.1,14.67125,1.033491,13.05776,-0.3306179,-0.3306179,1,0,16,0,15.00237,15.00237,1,1,150,0,0,0,127,30,0,0,30,1,-113.5068,
186.4705,1296.008,36.90908,1.933712,0,89.43298,19.73599,14.35811,97.60693,285.0046,232.9003,0,2,2.343615,282.69,300,0.7,0,0,47.04375,64.03015,1,1,0.9949321,1.00773,300,1.175343,16.98639,0.3639262,121.3087,1,0,1,1,18.99133,1.910472,0,1,270,224,0,0,0,1.000567,1.009472,0,1,1,2,40,10.68884,1,1000,5,25.1,14.67605,1.033491,13.05547,-0.4423685,-0.4423685,1,0,16,0,15.11727,15.11727,1,1,150,0,0,0,127,30,0,0,30,1,-113.0909,
186.5721,1344.809,39.59128,2.065746,0,89.29675,19.67545,14.47166,97.41386,278.901,238.3745,0,2,2.162901,283.34,300,0.7,0,0,47.88705,47.88705,1,1,0.986984,1.007938,300,0.9427028,0,0,121.3087,1,0,1,1,19.1875,1.888057,0,1,270,220,0,0,0,1.000703,1.009351,0,1,1,2,20,10.90909,1,1000,6,25,14.68236,1.033491,13.05959,0.1790924,0.1790924,1,0,16,0,14.50333,14.50333,1,1,150,0,0,0,128,30,0,0,30,1,-110.4087,
186.6738,1382.043,39.61539,2.10347,0,89.28993,19.69169,14.24686,97.36306,293.1428,242.1893,0,2,2.234302,284.3,300,0.7,0,0,48.30036,48.30036,1,1,1.00272,1.007882,300,0.9506326,0,0,121.3087,1,0,1,1,19.4224,1.938285,0,1,270,228,0,0,0,1.00071,1.009383,0,1,1,2,40,11.65803,1,1000,6,25,14.69425,1.033491,13.06004,0.4792061,0.4792061,1,0,16,0,14.21548,14.21548,1,1,150,0,0,0,128,30,0,0,30,1,-110.3846,
186.7744,1296.737,40.97758,2.072819,0,89.26269,19.67988,14.42587,97.34274,286.6492,236.162,0,2,2.107197,284.61,300,0.7,0,0,47.51681,47.51681,1,1,0.9901888,1.007923,300,0.9649006,0,0,121.3087,1,0,1,1,18.82376,1.895688,0,1,270,228,0,0,0,1.000737,1.00936,0,1,1,2,20,11.02941,1,1000,6,25,14.66863,1.029011,13.05943,-0.04414749,-0.04414749,1,0,16,0,14.71319,14.71319,1,1,150,0,0,0,127,30,0,0,30,1,-109.0224,
186.8752,1362.522,40.74252,2.341603,0,89.19456,19.70203,14.42038,97.29193,297.6866,245.5463,0,2,2.202743,283.71,300,0.7,0,0,48.24472,48.24472,1,1,0.9905734,1.007847,300,0.9724762,0,0,121.3087,1,0,1,1,19.24025,1.896603,0,1,270,224,0,0,0,1.000805,1.009404,0,1,1,2,30,11.07011,1,1000,6,25,14.69308,1.029011,13.0576,-0.2390556,-0.2390556,1,0,16,0,14.92725,14.92725,1,1,150,0,0,0,127,30,0,0,30,1,-109.2575,
186.9754,1421.329,41.03786,2.402905,0,89.43298,19.77438,13.9772,97.52564,295.1264,236.9059,0,2,2.380727,282.81,300,0.7,0,0,48.96835,48.96835,1,1,1.02228,1.007598,300,0.9920145,0,0,121.3087,1,0,1,1,19.58589,2.005701,0,1,270,216,0,0,0,1.000567,1.009549,0,1,1,2,20,11.50895,1,1000,6,25,14.72068,1.029011,13.05943,0.3394566,0.3394566,1,0,16,0,14.38529,14.38529,1,1,150,0,0,0,127,30,0,0,30,1,-108.9621,
187.0759,1367.927,42.91841,2.542012,0,89.28312,19.70646,14.41351,97.38338,294.1939,242.1702,0,2,2.302676,283.43,300,0.7,0,0,48.61918,48.61918,1,1,0.9910542,1.007832,300,1.03092,0,0,121.3087,1,0,1,1,19.25954,1.897748,0,1,270,228,0,0,0,1.000717,1.009413,0,1,1,2,30,11.58301,1,1000,6,25,14.71225,1.029011,13.05821,0.1235781,0.1235781,1,0,16,0,14.58953,14.58953,1,1,150,0,0,0,127,30,0,0,30,1,-107.0816,
187.1775,1403.771,43.23786,2.945188,0,89.27631,19.74928,14.26655,97.27161,298.263,246.6526,0,2,2.386411,282.06,300,0.7,0,0,49.42936,49.42936,1,1,1.001342,1.007684,300,1.065818,0,0,121.3087,1,0,1,1,19.49952,1.933363,0,1,270,236,0,0,0,1.000724,1.009499,0,1,1,2,20,11.53846,1,1000,6,25,14.73406,1.040272,13.05821,-0.5644054,-0.5644054,1,0,16,0,15.29403,15.29403,1,1,150,0,0,0,128,30,0,0,30,1,-106.7621,
187.279,1453.629,43.82252,3.353079,0,89.28312,19.67988,14.20382,97.27161,299.9246,248.5981,0,2,2.495397,281.77,300,0.7,0,0,50.82597,50.82597,1,1,1.005732,1.007923,300,1.10878,0,0,121.3087,1,0,1,1,19.84897,1.949044,0,1,270,220,0,0,0,1.000717,1.00936,0,1,1,2,0,11.88904,1,1000,6,25,14.76162,1.040272,13.05943,-1.120338,-1.120338,1,0,16,0,15.87428,15.87428,1,1,150,0,0,0,127,30,0,0,30,1,-106.1775,
187.3811,1423.623,45.51019,3.859997,0,89.39211,19.73747,14.37276,97.36306,292.1933,249.9523,0,2,2.823518,279.38,300,0.7,0,0,52.94667,61.8336,1,1,0.9939065,1.007725,300,1.400298,8.886925,0.1711059,57.03529,1,0,1,1,19.77051,1.906809,0,1,270,220,0,0,0,1.000608,1.009475,0,1,1,2,20,11.96809,1,1000,6,25,14.76474,1.040272,13.05959,-1.465109,-1.465109,1,0,16,0,16.22759,16.22759,1,1,150,0,0,0,128,30,0,0,30,1,-104.4898,
187.4817,1512.097,49.10253,5.564653,0,89.31718,19.65625,14.39108,97.34274,294.7704,249.7616,0,2,3.666835,274.22,300,0.7,0,0,58.02243,78.99271,1,1,0.9926245,1.008004,300,1.921959,20.97029,0.3684384,122.8128,1,0,1,1,20.63427,1.90223,0,1,270,220,0,0,0,1.000683,1.009313,0,1,1,2,30,12.09677,1,1000,6,25,14.83007,1.040272,13.06096,-1.637667,-1.637667,1,0,16,0,16.45646,16.45646,1,1,150,0,0,0,127,30,0,0,30,1,-100.8975,
187.5838,1500.225,54.51514,5.788639,0,89.47386,19.75814,14.12004,97.45451,300.128,258.6499,0,2,3.350503,275.71,300,0.7,0,0,63.72073,63.72073,1,1,1.011597,1.007654,300,1.658818,0,0,122.8128,1,0,1,1,20.96387,1.96999,0,1,270,232,0,0,0,1.000526,1.009516,0,1,1,2,30,12.53482,1,1000,6,25,14.78826,1,13.05898,-1.855085,-1.855085,1,0,8,0,16.65027,16.65027,1,1,150,0,0,0,127,30,0,0,30,1,-95.48486,
187.6849,1515.917,57.96281,5.996122,0,89.45342,19.69169,14.20657,97.3529,307.9271,263.1514,0,2,3.486609,274.68,300,0.7,0,0,65.17354,65.17354,1,1,1.00554,1.007882,300,1.807721,0,0,122.8128,1,0,1,1,21.3576,1.948357,0,1,270,208,0,0,0,1.000547,1.009383,0,1,1,2,20,12.5523,1,1000,6,25,14.75901,1,13.05638,-1.339659,-1.339659,1,0,8,0,16.10783,16.10783,1,1,150,0,0,0,128,30,0,0,30,1,-92.03719,
187.7858,1558.28,60.93432,6.679998,0,89.56242,19.78472,14.33339,97.49516,314.4206,264.8871,0,2,4.220341,269.89,300,0.7,0,0,66.11035,78.1555,1,1,0.9966627,1.007562,300,2.281558,12.04515,0.1856424,61.8808,1,0,1,1,21.92006,1.916652,0,1,270,216,0,0,0,1.000438,1.009569,0,1,1,2,30,12.71186,1,1000,6,25,14.73849,1,13.05928,0.1453781,0.1453781,1,0,8,0,14.60131,14.60131,1,1,150,0,0,0,127,30,0,0,30,1,-89.06567,
187.8889,1586.546,62.86912,7.048994,0,89.40574,19.75076,14.24457,97.45451,316.3195,263.7808,0,2,4.508436,267.53,300,0.7,0,0,66.99223,79.03738,1,1,1.00288,1.007679,300,2.384748,12.04515,0.1856424,61.8808,1,0,1,1,22.32991,1.938857,0,1,270,228,0,0,0,1.000594,1.009501,0,1,1,2,30,13.10044,1,1000,6,25,14.71565,1,13.0573,0.2673416,0.2673416,1,0,8,0,14.44156,14.44156,1,1,150,0,0,0,128,30,0,0,30,1,-87.13087,
187.9897,1629.638,64.89433,7.587012,0,89.50792,19.73895,14.20611,97.46468,320.9311,270.4757,0,2,4.196317,269.66,300,0.7,0,0,67.78456,67.78456,1,1,1.005572,1.00772,300,2.142903,0,0,61.8808,1,0,1,1,22.89809,1.948472,0,1,270,232,0,0,0,1.000492,1.009478,0,1,1,2,30,13.51351,1,1000,6,25,14.69014,1.013388,13.0634,-0.9125719,-0.9125719,1,0,16,0,15.62421,15.62421,1,1,150,0,0,0,127,30,0,0,30,1,-85.10567,
188.091,1629.372,70.49379,9.215351,0,89.40574,19.75223,14.28807,97.32241,321.2024,271.8871,0,2,5.526287,258.42,300,0.7,0,0,69.56621,88.24171,1,1,0.9998354,1.007674,300,3.051993,18.6755,0.2772176,92.40585,1,0,1,1,23.20692,1.927983,0,1,270,236,0,0,0,1.000594,1.009504,0,1,1,2,30,13.51351,1,1000,6,25,14.58708,1.013388,13.0605,-0.6850185,-0.6850185,1,0,16,0,15.262,15.262,1,1,150,0,0,0,127,30,0,0,30,1,-79.50621,
188.1949,1737.116,72.90475,9.591488,0,89.56923,19.73895,14.31416,97.54597,321.4398,277.5521,0,2,5.095541,263.18,300,0.7,0,0,70.33333,70.33333,1,1,0.9980087,1.00772,300,2.525458,0,0,92.40585,1,0,1,1,23.79675,1.921459,0,1,270,240,0,0,0,1.000431,1.009478,0,1,1,2,30,14.56311,1,1000,6,25,14.52918,1.013388,13.05837,-0.7689695,-0.7689695,1,0,16,0,15.29403,15.29403,1,1,150,0,0,0,127,30,0,0,30,1,-77.09525,
188.2958,1700.873,75.81599,10.04856,0,89.39893,19.70203,14.41076,97.32241,327.0517,281.3477,0,2,5.17349,262.39,300,0.7,0,0,71.238,71.238,1,1,0.9912465,1.007847,300,2.674392,0,0,92.40585,1,0,1,1,23.05917,1.898206,0,1,270,244,0,0,0,1.000601,1.009404,0,1,1,2,30,14.26307,1,1000,6,25,14.45469,1.013388,13.0605,0.04495716,0.04495716,1,0,16,0,14.41892,14.41892,1,1,150,0,0,0,128,30,0,0,30,1,-74.18401,
188.4008,1798.777,76.28613,10.60563,0,89.43298,19.7611,14.16765,97.36306,331.7142,281.672,0,2,5.546229,258.48,300,0.7,0,0,71.37512,71.37512,1,1,1.008264,1.007644,300,2.691762,0,0,92.40585,1,0,1,1,23.79498,1.958086,0,1,270,244,0,0,0,1.000567,1.009522,0,1,1,2,30,14.87603,1,1000,6,25,14.4532,1.011753,13.05943,-0.09913921,-0.09913921,1,0,16,0,14.55346,14.55346,1,1,150,0,0,0,127,30,0,0,30,1,-73.71387,
188.5008,1831.502,75.5327,10.99367,0,89.31037,19.65625,14.43961,97.28177,322.83,270.8381,0,2,5.677655,259.19,300,0.7,0,0,71.15537,71.15537,1,1,0.9892275,1.008004,300,2.653912,0,0,92.40585,1,0,1,1,24.1849,1.893399,0,1,270,236,0,0,0,1.00069,1.009313,0,1,1,2,30,15.22843,1,1000,6,25,14.47381,1.011753,13.0631,-0.6749439,-0.6749439,1,0,16,0,15.11727,15.11727,1,1,150,0,0,0,127,30,0,0,30,1,-74.4673,
188.6032,1871.724,75.73763,11.53645,0,89.45342,19.6149,14.1791,97.34274,341.2765,278.9826,0,2,5.70876,258.11,300,0.7,0,0,71.10986,71.10986,1,1,1.007463,1.008147,300,2.65934,0,0,92.40585,1,0,1,1,24.48497,1.955225,0,1,270,264,0,0,0,1.000547,1.00923,0,1,1,2,20,15.10067,1,1000,6,25,14.47298,1.011753,13.05821,-0.8397961,-0.8397961,1,0,16,0,15.31171,15.31171,1,1,150,0,0,0,127,30,0,0,30,1,-74.26237,
188.7034,1945.651,77.91956,12.37918,0,89.41255,19.67102,14.35445,97.3529,352.9412,286.6693,0,2,6.16123,254.73,300,0.7,0,0,71.43146,71.43146,1,1,0.9951884,1.007954,300,2.803916,0,0,92.40585,1,0,1,1,24.72003,1.911387,0,1,270,240,0,0,0,1.000587,1.009342,0,1,1,2,20,16.01423,1,1000,6,25,14.43444,1.029509,13.06172,-0.6986208,-0.6986208,1,0,16,0,15.13495,15.13495,1,1,150,0,0,0,127,30,0,0,30,1,-72.08044,
188.8045,1957.713,76.84064,12.5982,0,89.44661,19.67988,14.46525,97.29193,351.4662,278.1624,0,2,6.085226,255.48,300,0.7,0,0,71.0396,71.0396,1,1,0.9874327,1.007923,300,2.745242,0,0,92.40585,1,0,1,1,25.00483,1.889125,0,1,270,240,0,0,0,1.000553,1.00936,0,1,1,2,30,16.18705,1,1000,6,25,14.45837,1.029509,13.05913,-0.5259571,-0.5259571,1,0,16,0,14.9847,14.9847,1,1,150,0,0,0,127,30,0,0,30,1,-73.15936,
188.9055,2016.942,78.4138,12.98148,0,89.31718,19.63262,14.27387,97.27161,350.0928,276.6747,0,2,6.437407,252.8,300,0.7,0,0,71.27971,71.27971,1,1,1.000829,1.008086,300,2.816571,0,0,92.40585,1,0,1,1,25.14783,1.931532,0,1,270,244,0,0,0,1.000683,1.009265,0,1,1,2,30,16.79105,1,1000,6,25,14.43217,1.029509,13.06004,-0.5240192,-0.5240192,1,0,16,0,14.94935,14.94935,1,1,150,0,0,0,127,30,0,0,30,1,-71.5862,
189.0068,2072.252,79.55901,13.49807,0,89.45342,19.70793,14.32881,97.4037,359.8755,287.1843,0,2,6.73482,251.61,300,0.7,0,0,71.42954,71.42954,1,1,0.9969831,1.007826,300,2.904699,0,0,92.40585,1,0,1,1,25.18899,1.917797,0,1,270,224,0,0,0,1.000547,1.009416,0,1,1,2,10,17.14286,1,1000,6,25,14.40935,1.042846,13.06065,-0.5763693,-0.5763693,1,0,16,0,14.9847,14.9847,1,1,150,0,0,0,127,30,0,0,30,1,-70.44099,
189.1084,2125.85,79.14914,14.0599,0,89.50111,19.72713,14.38009,97.30209,355.8743,277.8191,0,2,7.033022,249.59,300,0.7,0,0,71.06937,71.06937,1,1,0.9933937,1.00776,300,2.873063,0,0,92.40585,1,0,1,1,25.51029,1.904977,0,1,270,276,0,0,0,1.000499,1.009454,0,1,1,2,30,17.54386,1,1000,6,25,14.4188,1.042846,13.05699,-0.744175,-0.744175,1,0,16,0,15.10843,15.10843,1,1,150,0,0,0,127,30,0,0,30,1,-70.85086,
189.2102,2178.017,80.71627,14.51459,0,89.63054,19.71532,14.19329,97.45451,375.7619,283.9608,0,2,7.060404,248.39,300,0.7,0,0,71.41779,71.41779,1,1,1.006469,1.007801,300,2.95665,0,0,92.40585,1,0,1,1,25.42795,1.951676,0,1,270,256,0,0,0,1.000369,1.009431,0,1,1,2,20,18,1,1000,6,25,14.35702,1.042846,13.0573,-0.6005411,-0.6005411,1,0,16,0,15.00679,15.00679,1,1,150,0,0,0,127,30,0,0,30,1,-69.28373,
189.3121,2219.099,82.9223,14.6122,0,89.47386,19.7035,14.38055,97.31226,377.2369,291.7048,0,2,7.56343,244.67,300,0.7,0,0,72.07436,72.07436,1,1,0.9933617,1.007842,300,3.132847,0,0,92.40585,1,0,1,1,25.1427,1.904863,0,1,270,252,0,0,0,1.000526,1.009407,0,1,1,2,20,18.44262,1,1000,6,25,14.22466,1.055789,13.0573,-0.4124212,-0.4124212,1,0,16,0,14.6624,14.6624,1,1,150,0,0,0,127,30,0,0,30,1,-67.0777,
189.4138,2284.844,86.38806,17.15231,0,89.67141,19.68283,14.42038,97.60693,381.1195,291.2661,0,2,9.729627,229.4,300,0.7,0,0,73.55884,93.30975,1,1,0.9905734,1.007913,300,4.287364,19.75091,0.2761445,96.83898,1,0,1,1,24.72386,1.896603,0,1,270,256,0,0,0,1.000329,1.009366,0,1,1,2,20,18.6722,1,1000,6,25,14.01672,1.055789,13.06065,-0.3471556,-0.3471556,1,0,16,0,14.48068,14.48068,1,1,150,0,0,0,127,30,0,0,30,1,-63.61194,
189.5161,2349.072,87.94916,17.89268,0,89.61691,19.72418,14.3952,97.64758,383.3745,292.5059,0,2,8.574113,237.91,300,0.7,0,0,74.58949,74.58949,1,1,0.9923362,1.007771,300,3.521546,0,0,96.83898,1,0,1,1,24.67413,1.9012,0,1,270,232,0,0,0,1.000383,1.009448,0,1,1,2,30,19.48052,1,1000,6,25,13.92305,1.058477,13.0602,0.2369337,0.2369337,1,0,16,0,13.79606,13.79606,1,1,150,0,0,0,127,30,0,0,30,1,-62.05084,
189.618,2392.917,88.96176,17.6451,0,89.61691,19.67988,14.49363,97.52564,386.6297,293.6122,0,2,8.893675,235.34,300,0.7,0,0,75.23373,75.23373,1,1,0.9854457,1.007923,300,3.608834,0,0,96.83898,1,0,1,1,24.65061,1.884394,0,1,270,244,0,0,0,1.000383,1.00936,0,1,1,2,30,20,1,1000,6,25,13.86229,1.058477,13.05943,1.653316,1.653316,1,0,16,0,12.32615,12.32615,1,1,150,0,0,0,127,30,0,0,30,1,-61.03824,
189.7218,2449.979,89.32943,17.7927,0,89.52155,19.68874,14.23587,97.5358,383.5779,293.4405,0,2,9.452838,231.69,300,0.7,0,0,75.7878,75.7878,1,1,1.003489,1.007893,300,3.656557,0,0,96.83898,1,0,1,1,24.80664,1.941032,0,1,270,236,0,0,0,1.000479,1.009377,0,1,1,2,10,20.27027,1,1000,6,25,13.84023,1.058477,13.06035,1.053741,1.053741,1,0,16,0,12.80855,12.80855,1,1,150,0,0,0,127,30,0,0,30,1,-60.67057,
189.8223,2493.351,87.24998,17.43799,0,89.54198,19.67249,14.28486,97.36306,379.797,295.9392,0,2,9.350067,230.74,300,0.7,0,0,75.55946,75.55946,1,1,1.00006,1.007949,300,3.46022,0,0,96.83898,1,0,1,1,25.38859,1.928785,0,1,270,228,0,0,0,1.000458,1.009345,0,1,1,2,10,20.78522,1,1000,6,25,13.965,1.037884,13.05928,1.15093,1.15093,1,0,16,0,12.77646,12.77646,1,1,150,0,0,0,127,30,0,0,30,1,-62.75002,
189.9233,2562.569,88.70258,17.13089,0,89.60329,19.68431,14.47898,97.5358,387.5114,294.1844,0,2,9.396088,230.48,300,0.7,0,0,76.50683,76.50683,1,1,0.9864713,1.007908,300,3.584026,0,0,96.83898,1,0,1,1,25.4427,1.886836,0,1,270,236,0,0,0,1.000397,1.009369,0,1,1,2,30,21.2766,1,1000,6,25,13.87784,1.037884,13.06218,1.44132,1.44132,1,0,16,0,12.58299,12.58299,1,1,150,0,0,0,127,30,0,0,30,1,-61.29742,
190.0277,2625.361,87.8045,16.9452,0,89.51473,19.63262,14.50142,97.50532,391.2413,293.8792,0,2,9.429422,231.37,300,0.7,0,0,76.77644,76.77644,1,1,0.984901,1.008086,300,3.443899,0,0,96.83898,1,0,1,1,25.93307,1.883097,0,1,270,248,0,0,0,1.000485,1.009265,0,1,1,2,20,21.79177,1,1000,6,25,13.93173,1.007703,13.06432,1.491158,1.491158,1,0,16,0,12.54906,12.54906,1,1,150,0,0,0,127,30,0,0,30,1,-62.1955,
190.1286,2669.039,81.81326,13.84088,0,89.53516,19.67692,14.50828,97.52564,389.2238,287.7756,0,2,8.852313,234.23,300,0.7,0,0,75.31278,75.31278,1,1,0.9844202,1.007933,300,3.0683,0,0,96.83898,1,0,1,1,27.42054,1.881953,0,1,270,236,0,0,0,1.000465,1.009354,0,1,1,2,30,22.33251,1,1000,6,25,14.29121,1.007703,13.06126,1.662944,1.662944,1,0,16,0,12.69119,12.69119,1,1,150,0,0,0,127,30,0,0,30,1,-68.18674,
190.2312,2678.811,54.85267,0.8750802,0,89.65778,19.67545,14.43915,97.5358,381.0686,252.47,0,2,6.027324,256.01,300,0.7,0,0,64.18848,64.18848,1,1,0.9892595,1.007938,300,1.606738,0,0,96.83898,1,0,1,1,33.51549,1.893475,0,1,270,260,0,0,0,1.000342,1.009351,0,1,1,2,20,22.33251,1,1000,6,25,14.95147,0.9662396,13.05928,2.209961,2.209961,1,0,16,0,12.71686,12.71686,1,1,150,0,0,0,127,30,0,0,30,1,-95.14733,
190.3328,2620.774,34.24497,0.493124,0,89.65778,19.71975,14.19879,97.60693,391.716,233.7968,0,2,3.516205,274.04,300,0.7,0,0,40.4613,40.4613,1,1,1.006085,1.007786,300,0.6302198,0,0,96.83898,1,0,1,1,35.45671,1.950303,0,1,270,236,0,0,0,1.000342,1.009439,0,1,1,2,30,22.00489,1,1000,6,25,15,0.9662396,13.05699,2.709841,2.709841,1,0,16,0,12.29016,12.29016,1,1,150,0,0,0,127,30,0,0,30,1,-115.755,
190.435,2688.172,25.19181,0.4271069,0,89.6101,19.63262,14.24091,97.50532,383.4423,221.1318,0,2,3.181004,276.95,300,0.7,0,0,36.96701,36.96701,1,1,1.003136,1.008086,300,0.3892738,0,0,96.83898,1,0,1,1,36.18806,1.939773,0,1,270,216,0,0,0,1.00039,1.009265,0,1,1,2,20,22.67002,1,1000,6,25,15,0.8878427,13.05821,3.919842,3.919842,1,0,16,0,11.08016,11.08016,1,1,150,0,0,0,127,30,0,0,30,1,-124.8082,
190.5355,2698.57,23.02194,2.129405,0,89.62373,19.65625,14.37643,97.56629,386.6297,219.2817,0,2,3.440676,275.61,300,0.7,0,0,35.5879,55.65016,1,1,0.9936501,1.008004,300,0.5355122,20.06227,0.5684369,270.2252,1,0,1,1,36.26438,1.905893,0,1,270,244,0,0,0,1.000376,1.009313,0,1,1,2,20,22.44389,1,1000,6,25,15,0.8878427,13.0576,4.803585,4.803585,1,0,16,0,10.19641,10.19641,1,1,150,0,0,0,127,30,0,0,30,1,-126.9781,
190.6362,2685.765,25.5414,2.518435,0,89.61691,19.66659,14.18597,97.56629,385.0529,220.8267,0,2,3.290063,276.31,300,0.7,0,0,37.07809,43.36876,1,1,1.006982,1.007969,300,0.462998,6.290678,0.1716468,66.30287,1,0,1,1,36.16792,1.953508,0,1,270,232,0,0,0,1.000383,1.009333,0,1,1,2,20,22.44389,1,1000,6,25,15,0.8878427,13.06081,4.814397,4.814397,1,0,16,0,10.1856,10.1856,1,1,150,0,0,0,127,30,0,0,30,1,-124.4586,
190.7372,2705.872,27.45811,2.959335,0,89.67141,19.62672,14.10905,97.43419,388.9355,225.4044,0,2,3.540182,274.55,300,0.7,0,0,38.02203,43.70556,1,1,1.012366,1.008106,300,0.564976,5.68353,0.1523595,58.87237,1,0,1,1,36.40369,1.972737,0,1,270,216,0,0,0,1.000329,1.009253,0,1,1,2,20,22.33251,1,1000,6,25,15,1,13.05943,3.959977,3.959977,1,0,8,0,11.04002,11.04002,1,1,150,0,0,0,127,30,0,0,30,1,-122.5419,
190.8389,2706.848,24.8603,0.04750851,0,89.61691,19.65773,14.0944,97.57645,385.5446,223.8594,0,2,3.270775,276.79,300,0.7,0,0,36.99652,36.99652,1,1,1.013392,1.007999,300,0.4330064,0,0,58.87237,1,0,1,1,36.37552,1.9764,0,1,270,216,0,0,0,1.000383,1.009315,0,1,1,2,30,22.55639,1,1000,6,25,15,1,13.06172,1.988351,1.988351,1,0,8,0,13.01165,13.01165,1,1,150,0,0,0,127,30,0,0,30,1,-125.1397,
190.9395,2610.057,20.66523,0.01921546,0,89.64416,19.64444,14.46433,97.55613,387.5961,217.6223,0,2,2.827562,279.69,300,0.7,0,0,32.54561,32.54561,1,1,0.9874969,1.008045,300,0.3082399,0,0,58.87237,1,0,1,1,35.34794,1.889278,0,1,270,244,0,0,0,1.000356,1.009289,0,1,1,2,30,22.16749,1,1000,6,25,15,0.9734931,13.05974,0.362627,0.362627,1,0,16,0,14.63737,14.63737,1,1,150,0,0,0,127,30,0,0,30,1,-129.3348,
191.0395,2582.422,20.53865,0.007426695,0,89.73272,19.67545,14.29585,97.57645,390.2919,221.7231,0,2,2.776104,279.64,300,0.7,0,0,32.22281,32.22281,1,1,0.9992906,1.007938,300,0.3032731,0,0,58.87237,1,0,1,1,35.07151,1.926038,0,1,270,208,0,0,0,1.000267,1.009351,0,1,1,2,30,21.42857,1,1000,6,25,15,0.9734931,13.05943,-1.828131,-1.828131,1,0,16,0,16.82813,16.82813,1,1,150,0,0,0,127,30,0,0,30,1,-129.4613,
191.1417,2706.116,19.56221,0,0,89.65097,19.60752,14.11088,97.64758,387.3757,220.2354,0,2,2.909074,279.03,300,0.7,0,0,32.08913,32.08913,1,1,1.012238,1.008172,300,0.2955422,0,0,58.87237,1,0,1,1,36.28999,1.972279,0,1,270,212,0,0,0,1.000349,1.009215,0,1,1,2,30,22.5,1,1000,6,25,15,1,13.05638,-2.282207,-2.282207,1,0,6,0,17.28221,17.28221,1,1,150,0,0,0,127,30,0,0,30,1,-130.4378,
191.2432,2573.34,19.35728,0,0,89.79402,19.62376,14.19879,97.58661,384.9851,219.625,0,2,2.723451,280.69,300,0.7,0,0,30.96423,30.96423,1,1,1.006085,1.008116,300,0.2821473,0,0,58.87237,1,0,1,1,34.9748,1.950303,0,1,270,212,0,0,0,1.000206,1.009248,0,1,1,2,20,21.79177,1,1000,6,25,15,1,13.05791,-2.257954,-2.257954,1,0,6,0,17.25795,17.25795,1,1,150,0,0,0,127,30,0,0,30,1,-130.6427,
191.3433,2551.888,19.51399,0.0640128,0,89.75315,19.63262,14.24091,97.55613,386.4262,217.7749,0,2,2.74328,280.08,300,0.7,0,0,30.97458,30.97458,1,1,1.003136,1.008086,300,0.2845345,0,0,58.87237,1,0,1,1,34.76338,1.939773,0,1,270,216,0,0,0,1.000247,1.009265,0,1,1,2,20,21.2766,1,1000,6,25,15,1,13.06142,-3.282516,-3.282516,1,0,6,0,18.28252,18.28252,1,1,150,0,0,0,127,30,0,0,30,1,-130.486,
191.4444,2599.203,19.47783,0.03571974,0,89.67141,19.61638,14.43549,97.48499,380.8991,216.7067,0,2,2.750823,279.89,300,0.7,0,0,31.26463,31.26463,1,1,0.9895158,1.008142,300,0.2866968,0,0,58.87237,1,0,1,1,35.23124,1.894085,0,1,270,220,0,0,0,1.000329,1.009233,0,1,1,2,20,21.58273,1,1000,6,25,15,1,13.06081,-5.909864,-5.909864,1,0,6,0,20.90986,20.90986,1,1,150,0,0,0,127,30,0,0,30,1,-130.5222,
191.5495,2508.361,19.6466,0.02393097,0,89.69184,19.64296,14.37826,97.5358,378.4407,220.8076,0,2,2.654682,281.08,300,0.7,0,0,30.80708,30.80708,1,1,0.993522,1.00805,300,0.2849321,0,0,58.87237,1,0,1,1,34.3328,1.905435,0,1,270,212,0,0,0,1.000308,1.009286,0,1,1,2,20,21.17647,1,1000,6,25,15,1,13.05898,-10.87761,-10.87761,1,0,6,0,25.87761,25.87761,1,1,150,0,0,0,127,30,0,0,30,1,-130.3534,
191.6499,2520.373,19.85153,0.04515076,0,89.69865,19.60752,14.15667,97.48499,384.8665,218.5378,0,2,2.730404,280.46,300,0.7,0,0,31.09616,31.09616,1,1,1.009033,1.008172,300,0.2906187,0,0,58.87237,1,0,1,1,34.45206,1.960833,0,1,270,212,0,0,0,1.000301,1.009215,0,1,1,2,40,21.07728,1,1000,6,25,15,1,13.05882,-16.81917,-16.81917,1,0,6,0,31.81917,31.81917,1,1,150,0,0,0,127,30,0,0,30,1,-130.1485,
191.7534,2516.567,20.15892,0.02628873,0,89.71228,19.59719,14.39932,97.45451,381.4247,220.5978,0,2,2.663367,280.73,300,0.7,0,0,31.37851,31.37851,1,1,0.9920476,1.008208,300,0.2977988,0,0,58.87237,1,0,1,1,34.41468,1.90017,0,1,270,212,0,0,0,1.000288,1.009194,0,1,1,2,20,20.83333,1,1000,6,25,15,1,13.06188,-21.90883,-21.90883,1,0,6,0,36.90883,36.90883,1,1,150,0,0,0,127,30,0,0,30,1,-129.8411,
191.8555,2445.985,19.93591,0.01921546,0,89.93027,19.58537,14.31233,97.6171,383.917,220.6741,0,2,2.731349,280.55,300,0.7,0,0,30.66351,30.66351,1,1,0.9981369,1.008249,300,0.3452829,0,0,58.87237,1,0,1,1,33.45209,1.921917,0,1,270,236,0,0,0,1.00007,1.009171,0,1,1,2,30,20.31603,1,1000,6,25,15,1.2,13.05943,-28.5253,-28.5253,1,0,16,0,43.5253,43.5253,1,1,150,0,0,0,127,30,0,0,30,1,-130.0641,
191.9557,2429.74,19.73098,0,0,89.8894,19.66511,14.23313,97.69839,384.0526,219.8539,0,2,2.692962,281.35,300,0.7,0,0,30.34679,30.34679,1,1,1.003681,1.007974,300,0.3381791,0,0,58.87237,1,0,1,1,33.21521,1.941718,0,1,270,216,0,0,0,1.000111,1.00933,0,1,1,2,20,20.36199,1,1000,6,25,15,1.2,13.05943,-34.34639,-34.34639,1,0,16,0,49.34639,49.34639,1,1,150,0,0,0,127,30,0,0,30,1,-130.269,
192.0558,2313.565,19.66468,0,0,89.84171,19.6149,14.17132,97.49516,377.3895,214.2653,0,2,2.564202,281.71,300,0.7,0,0,29.47653,29.47653,1,1,1.008008,1.008147,300,0.3274165,0,0,58.87237,1,0,1,1,31.50682,1.95717,0,1,270,228,0,0,0,1.000158,1.00923,0,1,1,2,40,19.60784,1,1000,6,25,15,1.2,13.05943,-44.39689,-44.39689,1,0,16,0,59.39689,59.39689,1,1,150,0,0,0,127,30,0,0,30,1,-130.3353,
192.157,2278.423,20.32769,0,0,89.88258,19.64887,14.2519,97.59677,369.1666,219.4534,0,2,2.563226,281.16,300,0.7,0,0,29.88027,29.88027,1,1,1.002367,1.00803,300,0.3430607,0,0,58.87237,1,0,1,1,30.95827,1.937026,0,1,270,212,0,0,0,1.000117,1.009298,0,1,1,2,30,19.10828,1,1000,6,25,15,1.2,13.05699,-47.33859,-47.33859,1,0,16,0,62.33859,62.33859,1,1,150,0,0,0,127,30,0,0,30,1,-129.6723,
192.2589,2191.541,20.57482,0.0003534328,0,89.85533,19.60309,14.22031,97.55613,368.9462,220.6931,0,2,2.465483,282.68,300,0.7,0,0,31.10775,31.10775,1,1,1.004579,1.008188,300,0.3615291,0,0,58.87237,1,0,1,1,29.65121,1.944924,0,1,270,216,0,0,0,1.000145,1.009206,0,1,1,2,30,18.44262,1,1000,6,25,15,1.2,13.0631,-42.93351,-42.93351,1,0,16,0,57.93351,57.93351,1,1,150,0,0,0,128,30,0,0,30,1,-129.4252,
192.3593,2092.196,20.49043,0,0,89.95751,19.64444,14.32149,97.5358,366.1487,218.5569,0,2,2.371156,283.55,300,0.7,0,0,33.03484,33.03484,1,1,0.9974959,1.008045,300,0.3822891,0,0,58.87237,1,0,1,1,28.17747,1.919628,0,1,270,212,0,0,0,1.000042,1.009289,0,1,1,2,20,17.68173,1,1000,6,25,15,1.2,13.05913,-39.69316,-39.69316,1,0,16,0,54.69316,54.69316,1,1,150,0,0,0,127,30,0,0,30,1,-129.5096,
192.4608,2002.938,20.27947,0.01921546,0,89.86214,19.61343,14.31782,97.6679,349.1434,217.2408,0,2,2.303378,283.82,300,0.7,0,0,34.61098,34.61098,1,1,0.9977523,1.008152,300,0.3964605,0,0,58.87237,1,0,1,1,26.87081,1.920544,0,1,270,212,0,0,0,1.000138,1.009227,0,1,1,2,20,16.88555,1,1000,6,25,15,1.2,13.05943,-25.19595,-25.19595,1,0,16,0,40.19595,40.19595,1,1,150,0,0,0,128,30,0,0,30,1,-129.7205,
192.5617,1953.252,20.47838,0.01685771,0,89.80765,19.63262,14.20474,97.51548,345.2778,221.1128,0,2,2.295071,283.55,300,0.7,0,0,35.8348,35.8348,1,1,1.005668,1.008086,300,0.4151632,0,0,58.87237,1,0,1,1,26.26306,1.948815,0,1,270,192,0,0,0,1.000192,1.009265,0,1,1,2,30,16.30435,1,1000,6,25,14.97663,1.2,13.05974,-20.00043,-20.00043,1,0,16,0,34.97706,34.97706,1,1,150,0,0,0,127,30,0,0,30,1,-129.5216,
192.6637,1811.047,21.00879,0.03336199,0,89.86214,19.54403,14.40573,97.52564,332.3245,216.7067,0,2,2.203441,284.3,300,0.7,0,0,39.01241,39.01241,1,1,0.991599,1.008391,300,0.4659297,0,0,58.87237,1,0,1,1,24.57646,1.899045,0,1,270,196,0,0,0,1.000138,1.009088,0,1,1,2,30,15.22843,1,1000,6,25,14.90552,1.2,13.05943,-17.40572,-17.40572,1,0,16,0,32.31125,32.31125,1,1,150,0,0,0,128,30,0,0,30,1,-128.9912,
192.7656,1739.635,21.81646,0,0,89.84852,19.609,14.40207,97.52564,324.3729,218.0228,0,2,2.174543,284.38,300,0.7,0,0,40.76767,40.76767,1,1,0.9918554,1.008167,300,0.5067852,0,0,58.87237,1,0,1,1,23.71387,1.899656,0,1,270,212,0,0,0,1.000152,1.009218,0,1,1,2,30,14.85149,1,1000,6,25,14.86982,1.2,13.05943,-14.93822,-14.93822,1,0,16,0,29.80803,29.80803,1,1,150,0,0,0,127,30,0,0,30,1,-128.1835,
192.8674,1690.808,22.88934,0.02393097,0,89.9507,19.6149,14.11271,97.56629,320.0495,222.8866,0,2,2.19805,284.37,300,0.7,0,0,42.5026,42.5026,1,1,1.01211,1.008147,300,0.5551853,0,0,58.87237,1,0,1,1,23.11704,1.971821,0,1,270,212,0,0,0,1.000049,1.00923,0,1,1,2,30,14.10658,1,1000,5,25.1,14.8454,1.2,13.05943,-12.98034,-12.98034,1,0,16,0,27.82574,27.82574,1,1,150,0,0,0,127,30,0,0,30,1,-127.1107,
192.968,1596.849,23.19071,0,0,89.84171,19.56174,14.13744,97.50532,314.3019,224.6223,0,2,2.089211,284.88,300,0.7,0,0,43.85028,43.85028,1,1,1.010379,1.00833,300,0.5822809,0,0,58.87237,1,0,1,1,22.0683,1.96564,0,1,270,212,0,0,0,1.000158,1.009123,0,1,1,2,20,13.63636,1,1000,5,25.1,14.79842,1.2,13.05867,-10.79515,-10.79515,1,0,16,0,25.59357,25.59357,1,1,150,0,0,0,127,30,0,0,30,1,-126.8093,
193.0683,1516.914,24.08277,0.01921546,0,89.82127,19.5263,14.41305,97.44435,307.6388,225.0992,0,2,2.022551,285.38,300,0.7,0,0,44.73078,44.73078,1,1,0.9910862,1.008452,300,0.6185355,0,0,58.87237,1,0,1,1,21.18333,1.897824,0,1,270,212,0,0,0,1.000179,1.009053,0,1,1,2,20,12.85714,1,1000,5,25.1,14.75846,1.2,13.06188,-8.808252,-8.808252,1,0,16,0,23.56671,23.56671,1,1,150,0,0,0,127,30,0,0,30,1,-125.9172,
193.1684,1492.537,24.96879,0,0,89.95751,19.609,14.09623,97.56629,307.3676,225.6905,0,2,2.039801,285.02,300,0.7,0,0,44.75628,44.75628,1,1,1.013264,1.008167,300,0.6420239,0,0,58.87237,1,0,1,1,20.9403,1.975942,0,1,270,204,0,0,0,1.000042,1.009218,0,1,1,2,40,12.65823,1,1000,5,25.1,14.74627,1.2,13.05943,-6.522474,-6.522474,1,0,16,0,21.26874,21.26874,1,1,150,0,0,0,128,30,0,0,30,1,-125.0312,
193.2688,1508.523,25.24003,0.03571974,0,89.94389,19.56174,14.37643,97.57645,309.1139,226.5488,0,2,2.049077,285.19,300,0.7,0,0,45.09504,45.09504,1,1,0.9936501,1.00833,300,0.6536095,0,0,58.87237,1,0,1,1,21.09027,1.905893,0,1,270,204,0,0,0,1.000056,1.009123,0,1,1,2,20,12.46537,1,1000,5,25.1,14.75426,1.2,13.06035,-4.41397,-4.41397,1,0,16,0,19.16823,19.16823,1,1,150,0,0,0,127,30,0,0,30,1,-124.76,
193.3691,1497.155,25.10743,0.007426695,0,90.03933,19.59719,14.19696,97.60693,308.2831,227.6169,0,2,2.058589,285.17,300,0.7,0,0,44.88065,44.88065,1,1,1.006213,1.008208,300,0.6472648,0,0,58.87237,1,0,1,1,20.97724,1.950761,0,1,270,212,0,0,0,1,1.009194,0,1,1,2,50,12.56983,1,1000,5,25.1,14.74858,1.2,13.0631,-2.537671,-2.537671,1,0,16,0,17.28625,17.28625,1,1,150,0,0,0,128,30,0,0,30,1,-124.8926,
193.4693,1472.609,25.17373,0,0,90.00797,19.56174,14.15346,97.56629,302.5695,228.151,0,2,2.012566,285.69,300,0.7,0,0,44.56796,44.56796,1,1,1.009258,1.00833,300,0.6450222,0,0,58.87237,1,0,1,1,20.78088,1.961634,0,1,270,208,0,0,0,1,1.009123,0,1,1,2,40,12.43094,1,1000,5,25.1,14.73631,1.2,13.0602,-1.351475,-1.351475,1,0,16,0,16.08778,16.08778,1,1,150,0,0,0,128,30,0,0,30,1,-124.8263,
193.5702,1469.868,24.99893,0,0,90.04978,19.63262,14.14614,97.6171,302.6203,226.854,0,2,1.99657,285.47,300,0.7,0,0,44.45141,44.45141,1,1,1.00977,1.008086,300,0.6388627,0,0,58.87237,1,0,1,1,20.75894,1.963466,0,1,270,232,0,0,0,1,1.009265,0,1,1,2,40,12.17862,1,1000,5,25.1,14.73493,1.2,13.05699,-0.2486591,-0.2486591,1,0,16,0,14.98359,14.98359,1,1,150,0,0,0,127,30,0,0,30,1,-125.0011,
193.6702,1485.443,24.60112,0.01921546,0,89.9507,19.57356,14.17864,97.47484,301.0096,226.4534,0,2,2.017726,285.55,300,0.7,0,0,44.49572,44.49572,1,1,1.007495,1.008289,300,0.6290752,0,0,58.87237,1,0,1,1,20.88354,1.955339,0,1,270,224,0,0,0,1.000049,1.009147,0,1,1,2,20,12.37964,1,1000,5,25.1,14.74272,1.2,13.05989,0.3423347,0.3423347,1,0,16,0,14.40039,14.40039,1,1,150,0,0,0,128,30,0,0,30,1,-125.3989,
193.7703,1467.351,24.50468,0.02157322,0,89.93708,19.609,14.36727,97.46468,292.6002,227.9412,0,2,1.968696,285.78,300,0.7,0,0,44.19343,44.19343,1,1,0.9942911,1.008167,300,0.6227109,0,0,58.87237,1,0,1,1,20.73881,1.908182,0,1,270,228,0,0,0,1.000063,1.009218,0,1,1,2,40,12.17862,1,1000,5,25.1,14.73368,1.2,13.05974,0.7393837,0.7393837,1,0,16,0,13.99429,13.99429,1,1,150,0,0,0,128,30,0,0,30,1,-125.4953,
193.8705,1454.122,24.84222,0.04043525,0,89.88258,19.49973,14.34575,97.4037,291.3625,222.9629,0,2,1.975183,285.51,300,0.7,0,0,44.15852,44.15852,1,1,0.9957973,1.008544,300,0.6216334,0,0,58.87237,1,0,1,1,20.63298,1.913562,0,1,270,200,0,0,0,1.000117,1.008999,0,1,1,2,20,12.16216,1,1000,5,25.1,14.72706,1.181801,13.06035,1.055977,1.055977,1,0,16,0,13.67109,13.67109,1,1,150,0,0,0,128,30,0,0,30,1,-125.1578,
193.9728,1471.598,24.59509,0.0003534328,0,90.08114,19.57356,14.27387,97.56629,290.9896,221.7994,0,2,2.023448,285.21,300,0.7,0,0,44.29494,44.29494,1,1,1.000829,1.008289,300,0.6168471,0,0,58.87237,1,0,1,1,20.77279,1.931532,0,1,270,220,0,0,0,1,1.009147,0,1,1,2,30,12.27831,1,1000,5,25.1,14.7358,1.181801,13.05928,1.260077,1.260077,1,0,16,0,13.47572,13.47572,1,1,150,0,0,0,128,30,0,0,30,1,-125.4049,
194.075,1443.071,25.27016,0.04750851,0,89.80083,19.55879,14.28852,97.46468,298.0256,220.2545,0,2,1.972197,285.85,300,0.7,0,0,44.20254,44.20254,1,1,0.9998034,1.00834,300,0.6332081,0,0,58.87237,1,0,1,1,20.54457,1.927869,0,1,270,224,0,0,0,1.000199,1.009118,0,1,1,2,30,11.95219,1,1000,5,25.1,14.72154,1.181801,13.06218,1.394758,1.394758,1,0,16,0,13.32678,13.32678,1,1,150,0,0,0,127,30,0,0,30,1,-124.7298,
194.1762,1398.536,25.68606,0.0003534328,0,90.11249,19.61343,14.26655,97.69839,296.8897,222.3526,0,2,1.911333,286.35,300,0.7,0,0,43.79447,43.79447,1,1,1.001342,1.008152,300,0.6384443,0,0,58.87237,1,0,1,1,20.18829,1.933363,0,1,270,204,0,0,0,1,1.009227,0,1,1,2,20,11.67315,1,1000,5,25.1,14.7,1.181801,13.05821,1.470126,1.470126,1,0,16,0,13.22987,13.22987,1,1,150,0,0,0,128,30,0,0,30,1,-124.3139,
194.2773,1353.974,25.6077,0.02628873,0,90.06023,19.5204,14.25831,97.56629,286.4288,228.5706,0,2,1.816581,286.96,300,0.7,0,0,43.14977,43.14977,1,1,1.001919,1.008472,300,0.6109698,0,0,58.87237,1,0,1,1,19.83179,1.935423,0,1,270,200,0,0,0,1,1.009041,0,1,1,2,40,11.43583,1,1000,5,25.1,14.7,1.151199,13.06004,1.499468,1.499468,1,0,16,0,13.20053,13.20053,1,1,150,0,0,0,127,30,0,0,30,1,-124.3923,
194.3788,1302.536,27.17483,0,0,90.1961,19.61786,14.29585,97.68822,286.8696,225.4044,0,2,1.790987,286.97,300,0.7,0,0,43.34134,43.34134,1,1,0.9992906,1.008137,300,0.6511469,0,0,58.87237,1,0,1,1,19.42028,1.926038,0,1,270,220,0,0,0,1,1.009236,0,1,1,2,20,11.09741,1,1000,5,25.1,14.7,1.151199,13.05974,1.589325,1.589325,1,0,16,0,13.11068,13.11068,1,1,150,0,0,0,127,30,0,0,30,1,-122.8252,
194.4806,1343.484,26.75893,0,0,90.08114,19.50858,14.24457,97.59677,280.8338,228.6088,0,2,1.777354,286.48,300,0.7,0,0,43.62777,43.62777,1,1,1.00288,1.008513,300,0.6455202,0,0,58.87237,1,0,1,1,19.74787,1.938857,0,1,270,204,0,0,0,1,1.009017,0,1,1,2,10,11.11111,1,1000,5,25.1,14.7,1.151199,13.06188,1.624168,1.624168,1,0,16,0,13.07583,13.07583,1,1,150,0,0,0,127,30,0,0,30,1,-123.2411,
194.5806,1416.431,26.74688,0.002711187,0,89.97114,19.59423,14.20794,97.52564,298.2969,222.1618,0,2,1.971199,285.88,300,0.7,0,0,44.55318,44.55318,1,1,1.005444,1.008218,300,0.6584857,0,0,58.87237,1,0,1,1,20.33144,1.948014,0,1,270,224,0,0,0,1.000029,1.009188,0,1,1,2,30,11.64295,1,1000,5,25.1,14.70822,1.151199,13.0631,1.648888,1.648888,1,0,16,0,13.05933,13.05933,1,1,150,0,0,0,127,30,0,0,30,1,-123.2531,
194.6823,1398.145,26.83126,0,0,90.09159,19.56174,14.02298,97.58661,294.8721,224.3172,0,2,1.910798,286.61,300,0.7,0,0,44.36177,44.36177,1,1,1.018391,1.00833,300,0.6395836,0,0,58.87237,1,0,1,1,20.18516,1.994255,0,1,270,228,0,0,0,1,1.009123,0,1,1,2,40,11.65803,1,1000,5,25.1,14.7,1.118802,13.05791,1.56732,1.56732,1,0,16,0,13.13268,13.13268,1,1,150,0,0,0,127,30,0,0,30,1,-123.1687,
194.7843,1308.958,27.13263,0.005068941,0,90.00797,19.60161,14.34758,97.52564,280.9355,224.6033,0,2,1.767093,287.56,300,0.7,0,0,43.39763,43.39763,1,1,0.9956691,1.008193,300,0.6326748,0,0,58.87237,1,0,1,1,19.47166,1.913104,0,1,270,204,0,0,0,1,1.009203,0,1,1,2,20,11.20797,1,1000,5,25.1,14.7,1.118802,13.06004,1.589784,1.589784,1,0,16,0,13.11022,13.11022,1,1,150,0,0,0,127,30,0,0,30,1,-122.8674,
194.8859,1282.106,27.12058,0.09466359,0,90.08114,19.5263,14.15667,97.55613,280.7491,229.8104,0,2,1.730843,287.3,300,0.7,0,0,43.05497,43.05497,1,1,1.009033,1.008452,300,0.6274682,0,0,58.87237,1,0,1,1,19.25685,1.960833,0,1,270,208,0,0,0,1,1.009053,0,1,1,2,40,10.92233,1,1000,5,25.1,14.7,1.118802,13.06142,1.596661,1.596661,1,0,16,0,13.10334,13.10334,1,1,150,0,0,0,127,30,0,0,30,1,-122.8794,
194.9899,1412.496,53.96062,14.62172,0,90.08114,19.51449,14.24778,97.5358,287.1917,248.4264,0,2,4.931965,263.6,300,0.7,0,0,64.37173,117.0663,1,1,1.002656,1.008493,300,3.379734,52.69459,1.204626,886.5643,1,0,1,1,20.23401,1.938056,0,1,270,208,0,0,0,1,1.009029,0,1,1,2,20,11.36364,1,1000,6,25,14.76456,1.118802,13.0631,1.711814,1.711814,1,0,16,0,13.07354,13.07354,1,1,150,0,0,0,127,30,0,0,30,1,-96.03938,
195.0901,1619.958,75.20119,12.69819,0,89.99839,19.50268,14.47715,97.50532,306.4181,277.7047,0,2,5.251364,262.88,300,0.7,0,0,71.05869,71.05869,1,1,0.9865994,1.008533,300,2.918669,0,0,886.5643,1,0,1,1,22.47477,1.887141,0,1,270,268,0,0,0,1.000002,1.009005,0,1,1,2,30,11.8421,1,1000,6,25,14.46303,1.118802,13.05959,1.326948,1.326948,1,0,16,0,13.14323,13.14323,1,1,150,0,0,0,127,30,0,0,30,1,-74.79881,
195.1909,1430.683,69.662,1.415006,0,89.97795,19.57208,14.16765,97.45451,275.1032,275.3204,0,2,4.375507,271.62,300,0.7,0,0,71.50073,71.50073,1,1,1.008264,1.008294,300,2.632777,0,0,886.5643,1,0,1,1,21.68695,1.958086,0,1,270,316,0,0,0,1.000022,1.009144,0,1,1,2,50,12.43094,1,1000,5,25.1,14.60373,1.093343,13.06218,1.143839,1.143839,1,0,16,0,13.44818,13.44818,1,1,150,0,0,0,128,30,0,0,30,1,-80.338,
195.2959,1372.244,58.95734,8.427368,0,89.98476,19.51301,14.25556,97.47484,304.1123,256.5327,0,2,6.358064,249.64,300,0.7,0,0,67.46678,145.7522,1,1,1.002111,1.008498,300,4.515521,78.28542,1.177418,818.5443,1,0,1,1,20.3674,1.93611,0,1,270,268,0,0,0,1.000015,1.009026,0,1,1,2,30,11.45038,1,1000,6,25,14.69096,1.093343,13.06172,1.200678,1.200678,1,0,16,0,13.48694,13.48694,1,1,150,0,0,0,128,30,0,0,30,1,-91.04266,
195.3969,1611.344,75.21928,11.38647,0,90.18565,19.609,14.20474,97.44435,315.4379,285.2579,0,2,9.130948,235,300,0.7,0,0,71.06396,149.3494,1,1,1.005668,1.008167,300,5.99582,78.28542,1.177418,818.5443,1,0,1,1,22.40049,1.948815,0,1,270,256,0,0,0,1,1.009218,0,1,1,2,20,13.17716,1,1000,6,25,14.46181,1.093343,13.06035,0.7062025,0.7062025,1,0,16,0,13.80524,13.80524,1,1,150,0,0,0,127,30,0,0,30,1,-74.78072,
195.4973,1422.677,83.37435,12.14826,0,90.03933,19.5204,14.34438,97.44435,293.8718,296.2444,0,2,6.034523,256.12,300,0.7,0,0,76.20117,92.60088,1,1,0.9958934,1.008472,300,4.226508,16.39971,0.2292709,76.42365,1,0,1,1,20.04799,1.913905,0,1,270,252,0,0,0,1,1.009041,0,1,1,2,20,12.62272,1,1000,6,25,14.10132,1.093343,13.05943,2.500618,2.500618,1,0,16,0,11.69509,11.69509,1,1,150,0,0,0,128,30,0,0,30,1,-66.62565,
195.5983,1600.854,84.67025,12.01971,0,90.25881,19.60161,14.46433,97.59677,325.1359,294.0891,0,2,5.402882,257.95,300,0.7,0,0,73.82049,73.82049,1,1,0.9874969,1.008193,300,3.139911,0,0,76.42365,1,0,1,1,21.09499,1.889278,0,1,270,364,0,0,0,1,1.009203,0,1,1,2,20,13.53383,1,1000,6,25,14.05326,1,13.06004,4.355233,4.355233,1,0,8,0,9.769634,9.769634,1,1,150,0,0,0,127,30,0,0,30,1,-65.32975,
195.7003,1685.204,82.4823,12.06494,0,90.12294,19.50858,14.40573,97.49516,315.4379,291.5904,0,2,5.519043,262.27,300,0.7,0,0,73.18233,73.18233,1,1,0.991599,1.008513,300,3.001694,0,0,76.42365,1,0,1,1,21.96401,1.899045,0,1,270,364,0,0,0,1,1.009017,0,1,1,2,20,14.21801,1,1000,6,25,14.1986,1,13.06065,4.485842,4.485842,1,0,8,0,9.771341,9.771341,1,1,150,0,0,0,128,30,0,0,30,1,-67.5177,
195.8015,1616.553,85.30312,12.34348,0,90.30061,19.54403,14.35445,97.55613,326.2379,290.9991,0,2,5.604052,258.05,300,0.7,0,0,74.00508,74.00508,1,1,0.9951884,1.008391,300,3.179553,0,0,76.42365,1,0,1,1,21.14253,1.911387,0,1,270,324,0,0,0,1,1.009088,0,1,1,2,10,13.43284,1,1000,6,25,14.01791,1,13.05928,2.502408,2.502408,1,0,8,0,11.52201,11.52201,1,1,150,0,0,0,127,30,0,0,30,1,-64.69688,
195.9017,1804.837,83.94696,12.01257,0,90.34242,19.53959,14.50828,97.49516,337.36,291.6094,0,2,5.925881,256.62,300,0.7,0,0,73.60953,73.60953,1,1,0.9844202,1.008406,300,2.985986,0,0,76.42365,1,0,1,1,22.64647,1.881953,0,1,270,280,0,0,0,1,1.009079,0,1,1,2,30,14.44623,1,1000,6,25,14.13066,0.9671315,13.05943,1.359706,1.359706,1,0,16,0,12.78975,12.78975,1,1,150,0,0,0,127,30,0,0,30,1,-66.05304,
196.0032,1742.97,78.08832,8.853498,0,90.29016,19.64887,14.17864,97.56629,329.4762,285.4677,0,2,5.214386,262.08,300,0.7,0,0,71.90076,71.90076,1,1,1.007495,1.00803,300,2.661288,0,0,76.42365,1,0,1,1,23.0641,1.955339,0,1,270,292,0,0,0,1,1.009298,0,1,1,2,30,14.72995,1,1000,6,25,14.40359,0.9671315,13.05943,0.6801682,0.6801682,1,0,16,0,13.75474,13.75474,1,1,150,0,0,0,127,30,0,0,30,1,-71.91168,
196.1053,1838.123,73.73653,8.796363,0,90.33197,19.53812,14.27387,97.50532,338.7842,279.4404,0,2,5.284603,261.27,300,0.7,0,0,70.59799,70.59799,1,1,1.000829,1.008411,300,2.448862,0,0,76.42365,1,0,1,1,24.52945,1.931532,0,1,270,324,0,0,0,1,1.009076,0,1,1,2,20,15.10067,1,1000,6,25,14.51519,0.9671315,13.05943,0.4826193,0.4826193,1,0,16,0,14.02723,14.02723,1,1,150,0,0,0,127,30,0,0,30,1,-76.26347,
196.206,1890.24,68.46858,6.493608,0,90.26926,19.56027,14.21161,97.49516,330.0187,266.6228,0,2,5.04064,263.64,300,0.7,0,0,68.66089,68.66089,1,1,1.005188,1.008335,300,2.192541,0,0,76.42365,1,0,1,1,25.65546,1.947098,0,1,270,244,0,0,0,1,1.009121,0,1,1,2,10,15.625,1,1000,6,25,14.64034,0.9671315,13.06188,0.6373911,0.6373911,1,0,16,0,13.99723,13.99723,1,1,150,0,0,0,127,30,0,0,30,1,-81.53142,
196.3079,1863.007,59.75295,6.038561,0,90.31107,19.56174,14.26288,97.51548,334.2234,262.5982,0,2,4.300441,267.94,300,0.7,0,0,65.64619,65.64619,1,1,1.001598,1.00833,300,1.778836,0,0,76.42365,1,0,1,1,23.73236,1.934279,0,1,270,200,0,0,0,1,1.009123,0,1,1,2,30,15.54404,1,1000,6,25,14.85681,0.9542909,13.05913,0.7650003,0.7650003,1,0,16,0,14.09018,14.09018,1,1,150,0,0,0,127,30,0,0,30,1,-90.24705,
196.4106,1950.332,56.31733,6.022057,0,90.35287,19.5263,14.26655,97.41386,342.3616,261.0723,0,2,4.241971,268.98,300,0.7,0,0,63.34182,63.34182,1,1,1.001342,1.008452,300,1.610907,0,0,76.42365,1,0,1,1,23.53877,1.933363,0,1,270,224,0,0,0,1,1.009053,0,1,1,2,20,16.01423,1,1000,6,25,14.92027,0.9542909,13.06188,0.6606312,0.6606312,1,0,16,0,14.25783,14.25783,1,1,150,0,0,0,127,30,0,0,30,1,-93.68267,
196.5127,1961.682,53.64719,6.040919,0,90.1961,19.54698,14.47211,97.4037,345.1421,258.6118,0,2,4.037795,271.18,300,0.7,0,0,62.03298,62.03298,1,1,0.986952,1.008381,300,1.499713,0,0,76.42365,1,0,1,1,23.44456,1.887981,0,1,270,240,0,0,0,1,1.009094,0,1,1,2,20,16.51376,1,1000,6,25,14.95076,0.9542909,13.06172,0.8475113,0.8475113,1,0,16,0,14.10783,14.10783,1,1,150,0,0,0,127,30,0,0,30,1,-96.35281,
196.6149,1971.479,51.12774,6.003195,0,90.10204,19.51449,14.22992,97.36306,355.3826,251.3256,0,2,3.877242,271.43,300,0.7,0,0,60.57121,60.57121,1,1,1.003906,1.008493,300,1.368583,0,0,76.42365,1,0,1,1,23.76172,1.94252,0,1,270,232,0,0,0,1,1.009029,0,1,1,2,10,16.36364,1,1000,6,25,14.97922,0.9375539,13.06126,0.7724247,0.7724247,1,0,16,0,14.20842,14.20842,1,1,150,0,0,0,127,30,0,0,30,1,-98.87227,
196.7153,2025.932,49.54855,5.9136,0,90.14384,19.53812,14.26472,97.36306,347.1258,248.579,0,2,3.917066,271.99,300,0.7,0,0,58.72654,58.72654,1,1,1.00147,1.008411,300,1.284094,0,0,76.42365,1,0,1,1,24.55271,1.933821,0,1,270,220,0,0,0,1,1.009076,0,1,1,2,30,16.94915,1,1000,6,25,15,0.9375539,13.06188,0.4712896,0.4712896,1,0,16,0,14.52461,14.52461,1,1,150,0,0,0,127,30,0,0,30,1,-100.4514,
196.8182,2010.993,49.24718,5.675467,0,90.30061,19.52926,14.07929,97.4037,357.9936,252.8515,0,2,3.837646,272.52,300,0.7,0,0,58.79456,58.79456,1,1,1.014449,1.008442,300,1.277778,0,0,76.42365,1,0,1,1,24.34391,1.980177,0,1,270,240,0,0,0,1,1.009058,0,1,1,2,40,16.79105,1,1000,6,25,15,0.9375539,13.06065,-0.04987907,-0.04987907,1,0,16,0,15.04988,15.04988,1,1,150,0,0,0,127,30,0,0,30,1,-100.7528,
196.921,2039.845,48.1502,5.684898,0,90.1752,19.49086,14.3398,97.37322,362.0288,253.1567,0,2,3.790712,272.2,300,0.7,0,0,57.5198,57.5198,1,1,0.996214,1.008574,300,1.225584,0,0,76.42365,1,0,1,1,24.94995,1.91505,0,1,270,232,0,0,0,1,1.008982,0,1,1,2,10,16.88555,1,1000,6,25,15,0.9400761,13.06126,-0.732728,-0.732728,1,0,16,0,15.73273,15.73273,1,1,150,0,0,0,127,30,0,0,30,1,-101.8498,
197.0237,2051.142,47.38472,5.694329,0,90.16475,19.49086,14.25602,97.28177,361.8932,252.6226,0,2,3.777519,272.25,300,0.7,0,0,56.75136,56.75136,1,1,1.002079,1.008574,300,1.189987,0,0,76.42365,1,0,1,1,25.2313,1.935996,0,1,270,220,0,0,0,1,1.008982,0,1,1,2,30,17.0778,1,1000,6,25,15,0.9400761,13.06096,-1.255568,-1.255568,1,0,16,0,16.25557,16.25557,1,1,150,0,0,0,127,30,0,0,30,1,-102.6153,
197.1243,2072.396,43.86471,2.452417,0,90.20655,19.51301,14.36178,97.36306,355.8573,246.4427,0,2,3.574883,274.34,300,0.7,0,0,53.66639,53.66639,1,1,0.9946756,1.008498,300,1.078724,0,0,76.42365,1,0,1,1,26.031,1.909556,0,1,270,220,0,0,0,1,1.009026,0,1,1,2,20,17.20841,1,1000,6,25,15,0.9735127,13.06218,-1.714949,-1.714949,1,0,16,0,16.71495,16.71495,1,1,150,0,0,0,127,30,0,0,30,1,-106.1353,
197.2269,2067.54,34.43785,1.693221,0,90.36333,19.5012,14.22809,97.45451,360.1299,236.5625,0,2,2.860096,279.76,300,0.7,0,0,41.34355,41.34355,1,1,1.004034,1.008538,300,0.6524445,0,0,76.42365,1,0,1,1,26.68561,1.942978,0,1,270,216,0,0,0,1,1.009002,0,1,1,2,30,17.34104,1,1000,6,25,15,0.9735127,13.05882,-2.055841,-2.055841,1,0,16,0,17.05584,17.05584,1,1,150,0,0,0,127,30,0,0,30,1,-115.5621,
197.3293,2033.623,30.34524,1.605984,0,90.50964,19.56617,14.08662,97.46468,358.0445,234.2164,0,2,2.660656,280.94,300,0.7,0,0,39.84213,39.84213,1,1,1.013937,1.008315,300,0.553978,0,0,76.42365,1,0,1,1,26.39289,1.978345,0,1,270,232,0,0,0,1,1.009132,0,1,1,2,20,17.14286,1,1000,6,25,15,0.9735127,13.06111,-2.133993,-2.133993,1,0,16,0,17.13399,17.13399,1,1,150,0,0,0,127,30,0,0,30,1,-119.6548,
197.4312,1987.545,29.41099,2.209569,0,90.24836,19.48939,14.25968,97.28177,357.7054,231.0883,0,2,2.865377,279.07,300,0.7,0,0,40.99664,52.35003,1,1,1.001822,1.008579,300,0.7346404,11.35339,0.2785437,92.8479,1,0,1,1,25.77466,1.93508,0,1,270,236,0,0,0,1,1.008979,0,1,1,2,20,16.85393,1,1000,6,25,14.99377,1.013217,13.06065,-1.985268,-1.985268,1,0,16,0,16.97904,16.97904,1,1,150,0,0,0,127,30,0,0,30,1,-120.589,
197.5363,2133.258,38.9343,7.325144,0,90.37377,19.47905,14.3984,97.47484,369.2853,240.8923,0,2,4.070967,269.58,300,0.7,0,0,45.4302,71.24228,1,1,0.9921118,1.008615,300,1.322953,25.81207,0.5987383,242.887,1,0,1,1,27.5218,1.900399,0,1,270,224,0,0,0,1,1.008958,0,1,1,2,10,17.47573,1,1000,6,25,15,1.013217,13.05989,-1.486971,-1.486971,1,0,16,0,16.48697,16.48697,1,1,150,0,0,0,127,30,0,0,30,1,-111.0657,
197.6376,2205.558,48.08992,7.577489,0,90.36333,19.49825,14.15667,97.30209,361.2319,248.2738,0,2,4.061903,271.34,300,0.7,0,0,54.15845,54.15845,1,1,1.009033,1.008549,300,1.242175,0,0,242.887,1,0,1,1,27.70199,1.960833,0,1,270,192,0,0,0,1,1.008996,0,1,1,2,30,18.10865,1,1000,6,25,15,1.013217,13.0576,-2.232351,-2.232351,1,0,16,0,17.23235,17.23235,1,1,150,0,0,0,127,30,0,0,30,1,-101.9101,
197.7376,1969.409,52.81541,7.61796,0,90.37377,19.49529,14.49409,97.3529,345.2099,250.4292,0,2,4.316287,268.68,300,0.7,0,0,61.55262,61.55262,1,1,0.9854137,1.008559,300,1.645035,0,0,242.887,1,0,1,1,23.57341,1.884318,0,1,270,228,0,0,0,1,1.008991,0,1,1,2,30,17.0778,1,1000,6,25,14.96165,1.072246,13.06203,-2.953444,-2.953444,1,0,16,0,17.92326,17.92326,1,1,150,0,0,0,127,30,0,0,30,1,-97.18459,
197.8386,2141.175,54.22582,7.61796,0,90.26926,19.49086,14.24457,97.28177,368.658,252.9278,0,2,4.781957,264.01,300,0.7,0,0,60.34743,60.34743,1,1,1.00288,1.008574,300,1.656339,0,0,242.887,1,0,1,1,25.79435,1.938857,0,1,270,232,0,0,0,1,1.008982,0,1,1,2,30,17.27447,1,1000,6,25,14.95774,1.072246,13.06065,-0.9641228,-0.9641228,1,0,16,0,15.91674,15.91674,1,1,150,0,0,0,127,30,0,0,30,1,-95.77419,
197.939,2174.701,55.65432,7.577489,0,90.41558,19.45543,14.32927,97.41386,371.6759,260.9388,0,2,4.802464,265.83,300,0.7,0,0,60.72679,60.72679,1,1,0.9969511,1.008696,300,1.712381,0,0,242.887,1,0,1,1,26.28219,1.917682,0,1,270,216,0,0,0,1,1.008911,0,1,1,2,20,18.5567,1,1000,6,25,14.94346,1.072246,13.06065,-1.348552,-1.348552,1,0,16,0,16.30388,16.30388,1,1,150,0,0,0,127,30,0,0,30,1,-94.34568,
198.0393,2074.689,56.11843,7.603676,0,90.43649,19.4761,14.47166,97.46468,366.9117,258.2303,0,2,4.806362,265.09,300,0.7,0,0,61.98684,61.98684,1,1,0.986984,1.008625,300,1.812295,0,0,242.887,1,0,1,1,24.86063,1.888057,0,1,270,220,0,0,0,1,1.008952,0,1,1,2,20,17.30769,1,1000,6,25,14.93882,1.102237,13.06096,-1.413339,-1.413339,1,0,16,0,16.35601,16.35601,1,1,150,0,0,0,127,30,0,0,30,1,-93.88158,
198.1411,2241.315,55.58199,7.558444,0,90.5828,19.51744,14.11363,97.54597,373.2526,259.3938,0,2,5.136346,262.92,300,0.7,0,0,59.99842,59.99842,1,1,1.012046,1.008482,300,1.736665,0,0,242.887,1,0,1,1,27.28019,1.971592,0,1,270,208,0,0,0,1,1.009035,0,1,1,2,30,18.36735,1,1000,6,25,14.94418,1.102237,13.06142,-1.369018,-1.369018,1,0,16,0,16.31151,16.31151,1,1,150,0,0,0,127,30,0,0,30,1,-94.41801,
198.2418,2179.282,55.35897,7.603676,0,90.33197,19.4761,14.2812,97.42403,363.5886,255.026,0,2,4.903385,264.68,300,0.7,0,0,60.52542,60.52542,1,1,1.000316,1.008625,300,1.744733,0,0,242.887,1,0,1,1,26.31854,1.9297,0,1,270,208,0,0,0,1,1.008952,0,1,1,2,30,18.44262,1,1000,6,25,14.94641,1.102237,13.06188,-1.072447,-1.072447,1,0,16,0,16.0288,16.0288,1,1,150,0,0,0,127,30,0,0,30,1,-94.64102,
198.3452,2197.319,55.57596,7.567967,0,90.45738,19.46724,14.28211,97.44435,370.4382,261.4156,0,2,5.14539,262.94,300,0.7,0,0,60.45146,60.45146,1,1,1.000252,1.008656,300,1.785074,0,0,242.887,1,0,1,1,26.61504,1.929472,0,1,270,224,0,0,0,1,1.008934,0,1,1,2,40,18.25558,1,1000,6,25,14.94424,1.124516,13.06065,-0.8309355,-0.8309355,1,0,16,0,15.77047,15.77047,1,1,150,0,0,0,127,30,0,0,30,1,-94.42404,
198.4455,2269.804,55.33487,7.475123,0,90.5201,19.5012,14.40939,97.4037,378.4237,257.4292,0,2,5.088144,264.11,300,0.7,0,0,59.9896,59.9896,1,1,0.9913426,1.008538,300,1.76338,0,0,242.887,1,0,1,1,27.69839,1.898435,0,1,270,212,0,0,0,1,1.009002,0,1,1,2,20,18.78914,1,1000,6,25,14.94665,1.124516,13.0631,-0.5240126,-0.5240126,1,0,16,0,15.48266,15.48266,1,1,150,0,0,0,127,30,0,0,30,1,-94.66513,
198.5468,2250.563,54.05706,7.444175,0,90.541,19.44656,14.30775,97.39355,366.2674,252.47,0,2,5.138785,263.4,300,0.7,0,0,59.08271,59.08271,1,1,0.9984573,1.008727,300,1.702258,0,0,242.887,1,0,1,1,27.52887,1.923062,0,1,270,216,0,0,0,1,1.008893,0,1,1,2,20,18.82845,1,1000,6,25,14.95943,1.129131,13.06188,-0.2598028,-0.2598028,1,0,16,0,15.21007,15.21007,1,1,150,0,0,0,127,30,0,0,30,1,-95.94295,
198.6484,2312.317,54.51514,7.453698,0,90.49919,19.44952,14.21893,97.44435,381.679,257.3529,0,2,5.183444,263,300,0.7,0,0,60.00626,60.00626,1,1,1.004675,1.008717,300,1.744044,0,0,242.887,1,0,1,1,28.42015,1.945267,0,1,270,208,0,0,0,1,1.008899,0,1,1,2,10,19.14894,1,1000,6,25,14.95485,1.129131,13.06157,0.2257128,0.2257128,1,0,16,0,14.73968,14.73968,1,1,150,0,0,0,127,30,0,0,30,1,-95.48486,
198.7488,2303.44,54.22582,7.406085,0,90.60371,19.49529,14.25556,97.54597,381.2043,256.5137,0,2,5.105958,263.22,300,0.7,0,0,59.75161,59.75161,1,1,1.002111,1.008559,300,1.726979,0,0,242.887,1,0,1,1,28.32878,1.93611,0,1,270,204,0,0,0,1,1.008991,0,1,1,2,10,19.3133,1,1000,6,25,14.95774,1.129131,13.06188,0.1348047,0.1348047,1,0,16,0,14.83499,14.83499,1,1,150,0,0,0,127,30,0,0,30,1,-95.77419,
198.8493,2331.727,52.62253,7.453698,0,90.5619,19.41998,14.42999,97.4037,381.4247,251.0205,0,2,5.168662,262.86,300,0.7,0,0,58.99078,58.99078,1,1,0.9899005,1.008819,300,1.646403,0,0,242.887,1,0,1,1,29.03743,1.895001,0,1,270,200,0,0,0,1,1.00884,0,1,1,2,10,19.10828,1,1000,6,25,14.97377,1.124635,13.06142,0.4125948,0.4125948,1,0,16,0,14.55714,14.55714,1,1,150,0,0,0,127,30,0,0,30,1,-97.37747,
198.9519,2363.321,52.47787,7.401324,0,90.60371,19.49825,14.19696,97.46468,382.6454,253.6526,0,2,5.199306,262.54,300,0.7,0,0,59.18262,59.18262,1,1,1.006213,1.008549,300,1.646872,0,0,242.887,1,0,1,1,29.56347,1.950761,0,1,270,208,0,0,0,1,1.008996,0,1,1,2,30,19.78022,1,1000,6,25,14.97522,1.124635,13.0602,0.5852737,0.5852737,1,0,16,0,14.38941,14.38941,1,1,150,0,0,0,127,30,0,0,30,1,-97.52213,
199.0529,2364.439,52.25486,7.101367,0,90.68732,19.47757,14.18597,97.49516,381.6112,253.7671,0,2,5.201765,262.16,300,0.7,0,0,58.95838,58.95838,1,1,1.006982,1.00862,300,1.617117,0,0,242.887,1,0,1,1,29.61946,1.953508,0,1,270,240,0,0,0,1,1.008955,0,1,1,2,20,19.60784,1,1000,6,25,14.97745,1.113379,13.0631,0.5629358,0.5629358,1,0,16,0,14.41,14.41,1,1,150,0,0,0,127,30,0,0,30,1,-97.74514,
199.1554,2398.849,46.73978,3.506334,0,90.82318,19.42589,14.42816,97.52564,382.2893,247.5299,0,2,4.537822,267.49,300,0.7,0,0,53.49632,53.49632,1,1,0.9900286,1.008798,300,1.310566,0,0,242.887,1,0,1,1,31.14211,1.895306,0,1,270,204,0,0,0,1,1.008852,0,1,1,2,20,20,1,1000,6,25,15,1.113379,13.06004,0.7149124,0.7149124,1,0,16,0,14.28509,14.28509,1,1,150,0,0,0,127,30,0,0,30,1,-103.2602,
199.2595,2382.654,38.16278,2.518435,0,90.66641,19.4761,14.25922,97.60693,382.1029,238.2029,0,2,3.613692,274.2,300,0.7,0,0,42.33846,42.33846,1,1,1.001854,1.008625,300,0.8468215,0,0,242.887,1,0,1,1,31.86566,1.935194,0,1,270,212,0,0,0,1,1.008952,0,1,1,2,30,20,1,1000,6,25,15,1.113379,13.05943,0.7951126,0.7951126,1,0,16,0,14.20489,14.20489,1,1,150,0,0,0,127,30,0,0,30,1,-111.8372,
199.3617,2399.616,30.53812,1.29476,0,90.61416,19.41998,14.36361,97.4037,371.7607,230.23,0,2,3.119501,277.78,300,0.7,0,0,34.92392,34.92392,1,1,0.9945475,1.008819,300,0.5506091,0,0,242.887,1,0,1,1,32.48482,1.909098,0,1,270,216,0,0,0,1,1.00884,0,1,1,2,30,20.04454,1,1000,6,25,15,1.096653,13.06188,1.019826,1.019826,1,0,16,0,13.98017,13.98017,1,1,150,0,0,0,127,30,0,0,30,1,-119.4619,
199.4636,2376.991,26.65044,1.132075,0,90.65596,19.48939,14.12737,97.38338,369.76,226.4534,0,2,2.95143,278.69,300,0.7,0,0,34.36272,34.36272,1,1,1.011084,1.008579,300,0.4727449,0,0,242.887,1,0,1,1,32.25592,1.968159,0,1,270,232,0,0,0,1,1.008979,0,1,1,2,40,19.86755,1,1000,6,25,15,1.096653,13.05821,1.59671,1.59671,1,0,16,0,13.40329,13.40329,1,1,150,0,0,0,127,30,0,0,30,1,-123.3496,
199.5658,2336.448,24.93263,0.8538603,0,90.79183,19.47167,14.39108,97.56629,370.0991,222.9057,0,2,2.764797,280.23,300,0.7,0,0,33.91549,33.91549,1,1,0.9926245,1.00864,300,0.4220637,0,0,242.887,1,0,1,1,31.6589,1.90223,0,1,270,208,0,0,0,1,1.008943,0,1,1,2,20,19.78022,1,1000,6,25,15,1.060316,13.0631,1.826515,1.826515,1,0,16,0,13.17348,13.17348,1,1,150,0,0,0,127,30,0,0,30,1,-125.0674,
199.6678,2421.698,23.05811,0.3327967,0,90.83363,19.46724,14.42038,97.5358,381.3399,222.4098,0,2,2.784953,280,300,0.7,0,0,33.59528,33.59528,1,1,0.9905734,1.008656,300,0.3866486,0,0,242.887,1,0,1,1,33.04094,1.896603,0,1,270,200,0,0,0,1,1.008934,0,1,1,2,30,20.22472,1,1000,6,25,15,1.060316,13.05882,1.537539,1.537539,1,0,16,0,13.46246,13.46246,1,1,150,0,0,0,127,30,0,0,30,1,-126.9419,
199.7688,2405.581,21.44879,0.1724695,0,90.9277,19.47757,14.3398,97.60693,375.9484,222.5815,0,2,2.686232,280.72,300,0.7,0,0,31.88199,31.88199,1,1,0.996214,1.00862,300,0.3413158,0,0,242.887,1,0,1,1,32.82463,1.91505,0,1,270,216,0,0,0,1,1.008955,0,1,1,2,20,20.13423,1,1000,6,25,15,1.060316,13.05974,1.120799,1.120799,1,0,16,0,13.8792,13.8792,1,1,150,0,0,0,127,30,0,0,30,1,-128.5512,
199.8688,2315.887,21.0992,0.08287482,0,90.95905,19.46724,14.32515,97.50532,371.5911,217.7749,0,2,2.566775,281.12,300,0.7,0,0,30.89903,30.89903,1,1,0.9972395,1.008656,300,0.3192908,0,0,242.887,1,0,1,1,31.48439,1.918712,0,1,270,224,0,0,0,1,1.008934,0,1,1,2,40,19.69365,1,1000,6,25,15,1.04039,13.06432,0.3427544,0.3427544,1,0,16,0,14.65725,14.65725,1,1,150,0,0,0,128,30,0,0,30,1,-128.9008,
199.9688,2376.614,21.09317,0.07344381,0,90.84409,19.49086,14.21527,97.54597,374.6259,221.952,0,2,2.59447,281.54,300,0.7,0,0,31.32399,31.32399,1,1,1.004931,1.008574,300,0.3235785,0,0,242.887,1,0,1,1,32.39675,1.946183,0,1,270,216,0,0,0,1,1.008982,0,1,1,2,20,19.78022,1,1000,6,25,15,1.04039,13.05821,-0.8412495,-0.8412495,1,0,16,0,15.84125,15.84125,1,1,150,0,0,0,127,30,0,0,30,1,-128.9068,
200.0709,2358.305,20.82797,0.05693953,0,90.87544,19.39636,14.32378,97.6171,371.0486,219.5296,0,2,2.633441,281.24,300,0.7,0,0,30.93272,30.93272,1,1,0.9973357,1.0089,300,0.3282457,0,0,242.887,1,0,1,1,32.1298,1.919056,0,1,270,236,0,0,0,1,1.008793,0,1,1,2,20,19.65066,1,1000,6,25,15,1.082207,13.05882,-2.484545,-2.484545,1,0,16,0,17.48454,17.48454,1,1,150,0,0,0,127,30,0,0,30,1,-129.172,
200.1727,2305.564,20.94851,0.06637054,0,90.83363,19.44361,14.27341,97.46468,378.5594,222.5242,0,2,2.516908,281.85,300,0.7,0,0,30.67824,30.67824,1,1,1.000861,1.008737,300,0.3274072,0,0,242.887,1,0,1,1,31.33561,1.931646,0,1,270,228,0,0,0,1,1.008887,0,1,1,2,10,19.35484,1,1000,6,25,15,1.082207,13.05821,-3.560648,-3.560648,1,0,16,0,18.56065,18.56065,1,1,150,0,0,0,128,30,0,0,30,1,-129.0515,
200.2761,2316.96,20.81591,0.2101935,0,90.90679,19.43475,14.31782,97.6171,378.5594,220.4261,0,2,2.529348,282.19,300,0.7,0,0,30.62887,30.62887,1,1,0.9977523,1.008767,300,0.3248153,0,0,242.887,1,0,1,1,31.51162,1.920544,0,1,270,248,0,0,0,1,1.00887,0,1,1,2,20,19.27195,1,1000,6,25,15,1.082207,13.05974,-5.520811,-5.520811,1,0,16,0,20.52081,20.52081,1,1,150,0,0,0,127,30,0,0,30,1,-129.1841,
200.3808,2287.283,23.00989,2.15534,0,90.81274,19.44361,14.53392,97.48499,377.3895,222.7913,0,2,2.973468,278.83,300,0.7,0,0,32.56277,46.70727,1,1,0.9826255,1.008737,300,0.6071197,14.1445,0.4483165,164.6141,1,0,1,1,30.96762,1.87768,0,1,270,240,0,0,0,1,1.008887,0,1,1,2,40,19.18976,1,1000,6,25,15,1.2,13.05943,-9.678778,-9.678778,1,0,16,0,24.67878,24.67878,1,1,150,0,0,0,127,30,0,0,30,1,-126.9901,
200.4848,2304.324,31.03237,5.387821,0,90.79183,19.40817,14.39108,97.48499,378.8985,232.1374,0,2,3.5525,274.88,300,0.7,0,0,33.5727,50.66611,1,1,0.9926245,1.008859,300,0.888239,17.09341,0.508696,201.195,1,0,1,1,30.87067,1.90223,0,1,270,224,0,0,0,1,1.008816,0,1,1,2,20,19.14894,1,1000,6,25,15,1.2,13.05882,-13.65316,-13.65316,1,0,16,0,28.65316,28.65316,1,1,150,0,0,0,128,30,0,0,30,1,-118.9676,
200.5888,2323.78,39.59128,5.967829,0,91.00085,19.50711,13.98818,97.67806,380.4583,242.3419,0,2,3.892332,271.99,300,0.7,0,0,43.63495,55.53278,1,1,1.021182,1.008518,300,1.034912,11.89783,0.3398901,120.7169,1,0,1,1,30.78249,2.002954,0,1,270,200,0,0,0,1,1.009014,0,1,1,2,20,19.35484,1,1000,6,25,15,1,13.06203,-16.99888,-16.99888,1,0,8,0,31.99888,31.99888,1,1,150,0,0,0,127,30,0,0,30,1,-110.4087,
200.6928,2284.496,44.00937,6.156449,0,90.79183,19.36092,14.52293,97.48499,373.5578,245.47,0,2,3.769418,273.16,300,0.7,0,0,49.31078,49.31078,1,1,0.9833946,1.009022,300,1.021722,0,0,120.7169,1,0,1,1,29.65888,1.879511,0,1,270,220,0,0,0,1,1.008722,0,1,1,2,50,19.18976,1,1000,6,25,15,1,13.06188,-7.895315,-7.895315,1,0,8,0,22.89532,22.89532,1,1,150,0,0,0,127,30,0,0,30,1,-105.9906,
200.7934,2256.487,46.03458,7.108509,0,90.87544,19.41998,14.47166,97.44435,379.5088,246.3092,0,2,3.873636,271.86,300,0.7,0,0,51.15094,51.15094,1,1,0.986984,1.008819,300,1.108528,0,0,120.7169,1,0,1,1,28.8638,1.888057,0,1,270,204,0,0,0,1,1.00884,0,1,1,2,20,18.82845,1,1000,6,25,15,1,13.0631,-2.232351,-2.232351,1,0,8,0,17.23235,17.23235,1,1,150,0,0,0,127,30,0,0,30,1,-103.9654,
200.8936,2368.733,52.00774,8.703519,0,90.81274,19.38454,14.23908,97.38338,377.8134,252.5654,0,2,4.836163,264.88,300,0.7,0,0,58.74341,58.74341,1,1,1.003265,1.008941,300,1.440256,0,0,118.0269,1,0,1,1,29.73036,1.940231,0,1,270,204,0,0,0,1,1.008769,0,1,1,2,30,19.02748,1,1000,6,25,14.97992,1,13.0631,-2.829294,-2.829294,1,0,7,0,17.80572,17.80572,1,1,150,0,0,0,127,30,0,0,30,1,-97.99226,
200.9942,2314.993,56.02199,8.993954,0,90.84409,19.43327,14.14064,97.4037,368.1833,255.293,0,2,5.131569,263.18,300,0.7,0,0,60.85738,60.85738,1,1,1.010155,1.008773,300,1.611459,0,0,118.0269,1,0,1,1,28.4012,1.964839,0,1,270,220,0,0,0,1,1.008867,0,1,1,2,30,19.52278,1,1000,6,25,14.93978,1,13.06432,-3.373267,-3.373267,1,0,7,0,18.30569,18.30569,1,1,150,0,0,0,127,30,0,0,30,1,-93.97801,
201.0974,2279.462,59.63843,9.005857,0,90.80228,19.40079,14.33568,97.50532,375.2024,263.056,0,2,5.299749,260.85,300,0.7,0,0,62.44237,62.44237,1,1,0.9965024,1.008885,300,1.829594,0,0,118.0269,1,0,1,1,28.02883,1.91608,0,1,270,220,0,0,0,1,1.008802,0,1,1,2,10,19.10828,1,1000,6,25,14.90362,1.03688,13.06188,-1.730143,-1.730143,1,0,16,0,16.63955,16.63955,1,1,150,0,0,0,127,30,0,0,30,1,-90.36157,
201.1978,2421.698,61.28994,9.739085,0,90.87544,19.41998,14.46433,97.55613,379.9157,262.9797,0,2,5.872619,257.26,300,0.7,0,0,64.89486,64.89486,1,1,0.9874969,1.008819,300,1.958423,0,0,118.0269,1,0,1,1,29.69661,1.889278,0,1,270,220,0,0,0,1,1.00884,0,1,1,2,20,19.9115,1,1000,6,25,14.87037,1.03688,13.06203,-1.963573,-1.963573,1,0,16,0,16.84834,16.84834,1,1,150,0,0,0,127,30,0,0,30,1,-88.71005,
201.2986,2378.498,61.88665,9.891444,0,90.87544,19.37864,14.35033,97.45451,369.9126,263.5328,0,2,6.021694,258.29,300,0.7,0,0,64.74907,64.74907,1,1,0.9954769,1.008961,300,1.975166,0,0,118.0269,1,0,1,1,29.19666,1.912417,0,1,270,216,0,0,0,1,1.008757,0,1,1,2,10,20.31603,1,1000,6,25,14.8553,1.03688,13.05943,-2.047417,-2.047417,1,0,16,0,16.88338,16.88338,1,1,150,0,0,0,127,30,0,0,30,1,-88.11334,
201.4005,2428.953,62.36884,9.920012,0,90.9486,19.43623,14.53758,97.54597,377.203,264.2195,0,2,6.335519,254.89,300,0.7,0,0,65.56249,65.56249,1,1,0.9823691,1.008762,300,2.087064,0,0,118.0269,1,0,1,1,29.71451,1.877069,0,1,270,232,0,0,0,1,1.008872,0,1,1,2,40,20,1,1000,6,25,14.84587,1.073071,13.06111,-1.164195,-1.164195,1,0,16,0,15.98044,15.98044,1,1,150,0,0,0,127,30,0,0,30,1,-87.63116,
201.5025,2473.411,63.27898,9.862877,0,91.17853,19.33138,14.42038,97.71871,385.2903,264.3148,0,2,6.327809,254.9,300,0.7,0,0,66.54393,66.54393,1,1,0.9905734,1.009124,300,2.152205,0,0,118.0269,1,0,1,1,30.10021,1.896603,0,1,270,224,0,0,0,1,1.008663,0,1,1,2,30,20.59496,1,1000,6,25,14.8275,1.073071,13.05821,-0.5652103,-0.5652103,1,0,16,0,15.41777,15.41777,1,1,150,0,0,0,127,30,0,0,30,1,-86.72102,
201.604,2471.373,62.29049,9.234396,0,90.85454,19.37864,14.39108,97.50532,384.8665,262.4265,0,2,6.281407,254.59,300,0.7,0,0,65.98252,65.98252,1,1,0.9926245,1.008961,300,2.101231,0,0,118.0269,1,0,1,1,30.16678,1.90223,0,1,270,232,0,0,0,1,1.008757,0,1,1,2,20,20.59496,1,1000,6,25,14.84928,1.074986,13.06126,0.1822205,0.1822205,1,0,16,0,14.68374,14.68374,1,1,150,0,0,0,127,30,0,0,30,1,-87.70951,
201.7056,2532.287,58.8187,9.153455,0,91.14718,19.42146,14.08662,97.70855,389.2916,265.8598,0,2,6.246307,254.36,300,0.7,0,0,64.75333,64.75333,1,1,1.013937,1.008813,300,1.938871,0,0,118.0269,1,0,1,1,31.196,1.978345,0,1,270,228,0,0,0,1,1.008843,0,1,1,2,20,21.12676,1,1000,6,25,14.91181,1.074986,13.06004,0.8201017,0.8201017,1,0,16,0,14.08665,14.08665,1,1,150,0,0,0,127,30,0,0,30,1,-91.1813,
201.806,2557.545,59.61432,9.084417,0,91.04266,19.41998,14.32515,97.54597,384.7478,263.5138,0,2,6.223359,254.88,300,0.7,0,0,65.46284,65.46284,1,1,0.9972395,1.008819,300,1.987694,0,0,118.0269,1,0,1,1,31.3706,1.918712,0,1,270,248,0,0,0,1,1.00884,0,1,1,2,20,21.32701,1,1000,6,25,14.90386,1.074986,13.06172,1.156156,1.156156,1,0,16,0,13.75831,13.75831,1,1,150,0,0,0,127,30,0,0,30,1,-90.38568,
201.9068,2568.273,57.66144,9.003476,0,91.08447,19.41998,14.25922,97.63742,386.2228,260.0233,0,2,6.056845,256.33,300,0.7,0,0,64.51468,64.51468,1,1,1.001854,1.008819,300,1.849282,0,0,118.0269,1,0,1,1,31.74688,1.935194,0,1,270,220,0,0,0,1,1.00884,0,1,1,2,20,21.17647,1,1000,6,25,14.92339,1.050574,13.05959,1.382109,1.382109,1,0,16,0,13.54254,13.54254,1,1,150,0,0,0,127,30,0,0,30,1,-92.33856,
202.0082,2606.882,56.70309,9.020141,0,91.13673,19.37273,14.39108,97.64758,383.4423,258.6499,0,2,6.169621,255.77,300,0.7,0,0,64.41312,64.41312,1,1,0.9926245,1.008981,300,1.814642,0,0,118.0269,1,0,1,1,32.33204,1.90223,0,1,270,208,0,0,0,1,1.008745,0,1,1,2,30,21.84466,1,1000,6,25,14.93297,1.050574,13.05943,1.367654,1.367654,1,0,16,0,13.55887,13.55887,1,1,150,0,0,0,127,30,0,0,30,1,-93.29691,
202.1101,2634.121,56.21487,9.022521,0,91.05312,19.41998,14.22992,97.65774,383.5779,253.7671,0,2,6.124331,256.24,300,0.7,0,0,64.44397,64.44397,1,1,1.003906,1.008819,300,1.753904,0,0,118.0269,1,0,1,1,32.73233,1.94252,0,1,270,216,0,0,0,1,1.00884,0,1,1,2,30,21.68675,1,1000,6,25,14.93785,1.024143,13.06172,1.206624,1.206624,1,0,16,0,13.72158,13.72158,1,1,150,0,0,0,127,30,0,0,30,1,-93.78513,
202.2106,2668.09,55.35295,8.853498,0,91.25169,19.3432,14.38375,97.59677,380.1361,252.4128,0,2,6.069904,255.84,300,0.7,0,0,64.3444,64.3444,1,1,0.9931373,1.009083,300,1.723539,0,0,118.0269,1,0,1,1,33.29,1.904062,0,1,270,224,0,0,0,1,1.008686,0,1,1,2,30,22.11302,1,1000,6,25,14.94647,1.024143,13.06233,0.9948702,0.9948702,1,0,16,0,13.94551,13.94551,1,1,150,0,0,0,127,30,0,0,30,1,-94.64705,
202.3115,2676.898,54.76829,8.834453,0,91.25169,19.37273,14.29035,97.65774,381.9503,254.1485,0,2,6.026248,256.2,300,0.7,0,0,64.1216,64.1216,1,1,0.9996752,1.008981,300,1.670612,0,0,118.0269,1,0,1,1,33.50894,1.927411,0,1,270,256,0,0,0,1,1.008745,0,1,1,2,20,22.5,1,1000,6,25,14.95232,1.007213,13.06142,0.6914768,0.6914768,1,0,16,0,14.25313,14.25313,1,1,150,0,0,0,127,30,0,0,30,1,-95.23171,
202.4124,2703.19,54.28007,8.791602,0,91.15763,19.36683,14.52293,97.60693,382.4928,252.9278,0,2,5.969544,254.54,300,0.7,0,0,64.14211,64.14211,1,1,0.9833946,1.009002,300,1.655723,0,0,118.0269,1,0,1,1,33.93957,1.879511,0,1,270,244,0,0,0,1,1.008734,0,1,1,2,30,22.44389,1,1000,6,25,14.9572,1.007213,13.06416,0.5996609,0.5996609,1,0,16,0,14.3544,14.3544,1,1,150,0,0,0,127,30,0,0,30,1,-95.71993,
202.5148,2741.98,48.67458,3.28942,0,91.12627,19.41998,14.13881,97.56629,395.3782,251.4973,0,2,5.46111,261.64,300,0.7,0,0,59.35639,59.35639,1,1,1.010283,1.008819,300,1.359293,0,0,118.0269,1,0,1,1,35.60891,1.965297,0,1,270,244,0,0,0,1,1.00884,0,1,1,2,20,22.78481,1,1000,6,25,15,0.9993894,13.06432,0.4178314,0.4178314,1,0,16,0,14.58217,14.58217,1,1,150,0,0,0,127,30,0,0,30,1,-101.3254,
202.6181,2693.724,29.20606,0.007426695,0,91.03221,19.3491,14.50462,97.58661,390.224,231.4889,0,2,3.389602,275.57,300,0.7,0,0,38.56254,38.56254,1,1,0.9846766,1.009063,300,0.5299395,0,0,118.0269,1,0,1,1,36.29109,1.882563,0,1,270,232,0,0,0,1,1.008698,0,1,1,2,20,22.67002,1,1000,6,25,15,0.9993894,13.06065,0.3802929,0.3802929,1,0,16,0,14.61971,14.61971,1,1,150,0,0,0,127,30,0,0,30,1,-120.7939,
202.7211,2654.397,22.154,0.04043525,0,91.06357,19.37273,14.46433,97.50532,385.4429,222.4861,0,2,2.941957,278.9,300,0.7,0,0,34.37804,34.37804,1,1,0.9874969,1.008981,300,0.358349,0,0,118.0269,1,0,1,1,35.8067,1.889278,0,1,270,268,0,0,0,1,1.008745,0,1,1,2,30,22.33251,1,1000,6,25,15,0.9993894,13.06126,0.7368727,0.7368727,1,0,16,0,14.26313,14.26313,1,1,150,0,0,0,127,30,0,0,30,1,-127.846,
202.823,2654.867,20.00221,0.02393097,0,91.04266,19.31366,14.28852,97.46468,390.3597,222.2,0,2,2.853982,279.07,300,0.7,0,0,32.18423,32.18423,1,1,0.9998034,1.009185,300,0.2983945,0,0,118.0269,1,0,1,1,35.78764,1.927869,0,1,270,268,0,0,0,1,1.008627,0,1,1,2,20,22.38806,1,1000,6,25,15,0.9844519,13.06188,1.71607,1.71607,1,0,16,0,13.28393,13.28393,1,1,150,0,0,0,127,30,0,0,30,1,-129.9978,
202.9247,2748.511,18.94742,0,0,91.22034,19.36535,14.17132,97.57645,388.7999,214.4942,0,2,2.931745,278.58,300,0.7,0,0,31.74746,31.74746,1,1,1.008008,1.009007,300,0.2788023,0,0,118.0269,1,0,1,1,36.69868,1.95717,0,1,270,216,0,0,0,1,1.008731,0,1,1,2,30,22.84264,1,1000,6,25,15,0.9844519,13.06188,2.313397,2.313397,1,0,16,0,12.6866,12.6866,1,1,150,0,0,0,127,30,0,0,30,1,-131.0526,
203.0251,2630.425,18.98358,0,0,91.2935,19.32548,14.31508,97.55613,383.2558,214.3988,0,2,2.805787,279.63,300,0.7,0,0,30.97687,30.97687,1,1,0.9979447,1.009144,300,0.2768747,0,0,118.0269,1,0,1,1,35.53547,1.921231,0,1,270,240,0,0,0,1,1.008651,0,1,1,2,40,22.33251,1,1000,6,25,15,1,13.06126,2.617291,2.617291,1,0,6,0,12.38271,12.38271,1,1,150,0,0,0,127,30,0,0,30,1,-131.0164,
203.1269,2635.972,19.12824,0,0,91.27259,19.34763,14.38284,97.59677,385.1377,215.4288,0,2,2.789737,279.34,300,0.7,0,0,31.1622,31.1622,1,1,0.9932014,1.009068,300,0.2806448,0,0,118.0269,1,0,1,1,35.59154,1.904291,0,1,270,232,0,0,0,1,1.008695,0,1,1,2,30,21.95122,1,1000,6,25,15,1,13.05882,2.364286,2.364286,1,0,6,0,12.63571,12.63571,1,1,150,0,0,0,127,30,0,0,30,1,-130.8718,
203.2278,2657.69,18.88714,0.01685771,0,91.13673,19.3491,14.30317,97.47484,380.7974,219.8158,0,2,2.790574,279.94,300,0.7,0,0,31.0649,31.0649,1,1,0.9987778,1.009063,300,0.2762417,0,0,118.0269,1,0,1,1,35.8031,1.924206,0,1,270,248,0,0,0,1,1.008698,0,1,1,2,20,22.05882,1,1000,6,25,15,1,13.06065,0.06833076,0.06833076,1,0,6,0,14.93167,14.93167,1,1,150,0,0,0,127,30,0,0,30,1,-131.1129,
203.3315,2579.314,19.09207,0.005068941,0,91.3562,19.37568,14.15667,97.68822,388.8507,218.843,0,2,2.70828,280.98,300,0.7,0,0,30.73697,30.73697,1,1,1.009033,1.008971,300,0.2762807,0,0,118.0269,1,0,1,1,35.03233,1.960833,0,1,270,228,0,0,0,1,1.008751,0,1,1,2,30,21.79177,1,1000,6,25,15,1,13.06432,-4.952961,-4.952961,1,0,6,0,19.95296,19.95296,1,1,150,0,0,0,127,30,0,0,30,1,-130.9079,
203.4329,2587.769,19.4055,0,0,91.3144,19.30776,14.22351,97.56629,385.2055,223.3253,0,2,2.760286,279.88,300,0.7,0,0,31.11245,31.11245,1,1,1.004354,1.009206,300,0.2842743,0,0,118.0269,1,0,1,1,35.11769,1.944122,0,1,270,240,0,0,0,1,1.008615,0,1,1,2,10,21.63462,1,1000,6,25,15,1,13.06188,-10.54418,-10.54418,1,0,6,0,25.54418,25.54418,1,1,150,0,0,0,127,30,0,0,30,1,-130.5945,
203.5351,2556.237,19.30906,0.04043525,0,91.20988,19.29594,14.26838,97.42403,388.4438,217.6413,0,2,2.726653,280.54,300,0.7,0,0,30.79778,30.79778,1,1,1.001214,1.009246,300,0.2800057,0,0,118.0269,1,0,1,1,34.80558,1.932905,0,1,270,220,0,0,0,1,1.008592,0,1,1,2,20,21.42857,1,1000,6,25,15,1,13.06371,-18.36816,-18.36816,1,0,6,0,33.36816,33.36816,1,1,150,0,0,0,127,30,0,0,30,1,-130.6909,
203.6385,2490.247,19.85153,0.04750851,0,91.26215,19.33729,14.32881,97.57645,384.7308,216.9356,0,2,2.677015,280.53,300,0.7,0,0,30.88691,30.88691,1,1,0.9969831,1.009104,300,0.288688,0,0,118.0269,1,0,1,1,34.1061,1.917797,0,1,270,220,0,0,0,1,1.008675,0,1,1,2,40,21.02804,1,1000,6,25,15,1,13.06294,-24.3513,-24.3513,1,0,6,0,39.3513,39.3513,1,1,150,0,0,0,127,30,0,0,30,1,-130.1485,
203.7401,2440.81,19.94194,0.05458177,0,91.17853,19.33582,14.37139,97.4037,379.2375,221.3607,0,2,2.603531,281.27,300,0.7,0,0,30.63351,30.63351,1,1,0.9940027,1.009109,300,0.2876242,0,0,118.0269,1,0,1,1,33.37558,1.907152,0,1,270,224,0,0,0,1,1.008672,0,1,1,2,30,20.36199,1,1000,6,25,15,1,13.06188,-30.29908,-30.29908,1,0,6,0,45.29908,45.29908,1,1,150,0,0,0,127,30,0,0,30,1,-130.0581,
203.8406,2341.738,20.22523,0.04043525,0,91.09492,19.29594,14.37093,97.42403,372.6084,219.358,0,2,2.517368,282.04,300,0.7,0,0,30.22289,30.22289,1,1,0.9940346,1.009246,300,0.2878165,0,0,118.0269,1,0,1,1,31.90234,1.907266,0,1,270,236,0,0,0,1,1.008592,0,1,1,2,10,19.86755,1,1000,6,25,15,1,13.06157,-34.31824,-34.31824,1,0,6,0,49.31824,49.31824,1,1,150,0,0,0,127,30,0,0,30,1,-129.7748,
203.9427,2228.992,20.77975,0,0,91.32485,19.32548,14.25281,97.59677,374.5751,222.2,0,2,2.526191,282.22,300,0.7,0,0,30.54928,30.54928,1,1,1.002303,1.009144,300,0.358666,0,0,118.0269,1,0,1,1,30.19767,1.936797,0,1,270,208,0,0,0,1,1.008651,0,1,1,2,30,18.98734,1,1000,6,25,15,1.2,13.06401,-34.9095,-34.9095,1,0,16,0,49.9095,49.9095,1,1,150,0,0,0,128,30,0,0,30,1,-129.2202,
204.0444,2145.156,20.27947,0,0,91.37711,19.34763,14.19696,97.6171,367.3355,215.8103,0,2,2.431176,282.43,300,0.7,0,0,31.74624,31.74624,1,1,1.006213,1.009068,300,0.3637342,0,0,118.0269,1,0,1,1,28.98212,1.950761,0,1,270,228,0,0,0,1,1.008695,0,1,1,2,50,18.25558,1,1000,6,25,15,1.2,13.05974,-43.35162,-43.35162,1,0,16,0,58.35162,58.35162,1,1,150,0,0,0,127,30,0,0,30,1,-129.7205,
204.1462,2045.408,20.09865,0,0,91.47117,19.35058,14.27387,97.82033,356.6034,217.565,0,2,2.352219,283.16,300,0.7,0,0,33.56111,33.56111,1,1,1.000829,1.009058,300,0.3810979,0,0,118.0269,1,0,1,1,27.51892,1.931532,0,1,270,232,0,0,0,1,1.008701,0,1,1,2,30,17.27447,1,1000,6,25,15,1.2,13.06188,-42.08236,-42.08236,1,0,16,0,57.08236,57.08236,1,1,150,0,0,0,128,30,0,0,30,1,-129.9014,
204.25,1944.769,20.58687,0,0,91.3353,19.32991,14.12004,97.70855,344.2605,221.5515,0,2,2.301309,283.76,300,0.7,0,0,36.12862,36.12862,1,1,1.011597,1.009129,300,0.4210059,0,0,118.0269,1,0,1,1,26.15421,1.96999,0,1,270,200,0,0,0,1,1.00866,0,1,1,2,40,16.45338,1,1000,6,25,14.97238,1.2,13.06065,-41.63213,-41.63213,1,0,16,0,56.60452,56.60452,1,1,150,0,0,0,127,30,0,0,30,1,-129.4131,
204.3503,1803.643,20.93043,0.02393097,0,91.30395,19.32548,14.5124,97.60693,325.4071,216.0201,0,2,2.194433,284.15,300,0.7,0,0,39.01084,39.01084,1,1,0.9841318,1.009144,300,0.4643702,0,0,118.0269,1,0,1,1,24.49643,1.881266,0,1,270,204,0,0,0,1,1.008651,0,1,1,2,40,15.30612,1,1000,6,25,14.90182,1.2,13.06432,-44.08863,-44.08863,1,0,16,0,59.00865,59.00865,1,1,150,0,0,0,127,30,0,0,30,1,-129.0696,
204.4527,1711.84,22.25043,0,0,91.34576,19.38159,14.20932,97.72887,309.6903,221.7613,0,2,2.168331,284.82,300,0.7,0,0,41.56689,41.56689,1,1,1.005348,1.008951,300,0.5275841,0,0,118.0269,1,0,1,1,23.3794,1.94767,0,1,270,208,0,0,0,1,1.008763,0,1,1,2,30,14.12873,1,1000,6,25,14.85592,1.2,13.05943,-42.64455,-42.64455,1,0,16,0,57.50048,57.50048,1,1,150,0,0,0,127,30,0,0,30,1,-127.7496,
204.5537,1558.361,22.81098,0.01921546,0,91.26215,19.2546,14.44968,97.52564,302.8916,225.309,0,2,2.025869,285.53,300,0.7,0,0,43.87843,43.87843,1,1,0.9885224,1.009389,300,0.5740227,0,0,118.0269,1,0,1,1,21.6485,1.89172,0,1,270,212,0,0,0,1,1.008509,0,1,1,2,40,13.31361,1,1000,5,25.1,14.77918,1.2,13.06065,-30.32985,-30.32985,1,0,16,0,45.10903,45.10903,1,1,150,0,0,0,128,30,0,0,30,1,-127.189,
204.6552,1442.585,23.52824,0.0380775,0,91.24124,19.26641,14.14202,97.55613,289.9214,226.339,0,2,1.911425,286.58,300,0.7,0,0,43.25894,43.25894,1,1,1.010059,1.009348,300,0.5859984,0,0,118.0269,1,0,1,1,20.54068,1.964496,0,1,270,220,0,0,0,1,1.008533,0,1,1,2,20,12.60504,1,1000,5,25.1,14.72129,1.2,13.06416,-22.78583,-22.78583,1,0,16,0,37.50713,37.50713,1,1,150,0,0,0,127,30,0,0,30,1,-126.4718,
204.7555,1319.435,25.58359,0.02864648,0,91.40846,19.24278,14.30729,97.54597,281.7833,223.9357,0,2,1.792233,287.77,300,0.7,0,0,42.66703,42.66703,1,1,0.9984894,1.00943,300,0.6294023,0,0,118.0269,1,0,1,1,19.55548,1.923176,0,1,270,212,0,0,0,1,1.008486,0,1,1,2,60,11.23596,1,1000,5,25.1,14.7,1.2,13.06371,-16.85386,-16.85386,1,0,16,0,31.55386,31.55386,1,1,150,0,0,0,127,30,0,0,30,1,-124.4164,
204.8557,1213.052,27.51236,0.06165504,0,91.28304,19.2546,14.32607,97.60693,275.4932,226.4344,0,2,1.698273,287.93,300,0.7,0,0,42.87523,42.87523,1,1,0.9971754,1.009389,300,0.6801448,0,0,118.0269,1,0,1,1,18.70442,1.918483,0,1,270,232,0,0,0,1,1.008509,0,1,1,2,40,10.35673,1,1000,5,25.1,14.7,1.2,13.06249,-11.3999,-11.3999,1,0,16,0,26.09991,26.09991,1,1,150,0,0,0,127,30,0,0,30,1,-122.4876,
204.9572,1184.507,28.9951,0.02628873,0,91.27259,19.31071,14.34713,97.56629,272.0345,227.8077,0,2,1.707664,287.69,300,0.7,0,0,43.75286,43.75286,1,1,0.9957012,1.009195,300,0.7314138,0,0,118.0269,1,0,1,1,18.44983,1.913218,0,1,270,220,0,0,0,1,1.008621,0,1,1,2,40,10.02227,1,1000,5,25.1,14.7,1.2,13.06401,-6.993265,-6.993265,1,0,16,0,21.69327,21.69327,1,1,150,0,0,0,127,30,0,0,30,1,-121.0049,
205.0608,1201.538,29.68825,0,0,91.34576,19.2546,14.06876,97.57645,276.29,228.2845,0,2,1.772269,287.06,300,0.7,0,0,44.17915,44.17915,1,1,1.015187,1.009389,300,0.7562562,0,0,118.0269,1,0,1,1,18.5637,1.982809,0,1,270,236,0,0,0,1,1.008509,0,1,1,2,30,10.01112,1,1000,5,25.1,14.7,1.2,13.06126,-4.670208,-4.670208,1,0,16,0,19.37021,19.37021,1,1,150,0,0,0,127,30,0,0,30,1,-120.3117,
205.1612,1230.315,29.07948,0.04986627,0,91.34576,19.28856,14.44236,97.46468,267.7958,228.4753,0,2,1.783957,286.72,300,0.7,0,0,43.82905,43.82905,1,1,0.9890351,1.009272,300,0.7348431,0,0,118.0269,1,0,1,1,18.807,1.892941,0,1,270,236,0,0,0,1,1.008577,0,1,1,2,40,10.11236,1,1000,5,25.1,14.7,1.2,13.06401,-2.940165,-2.940165,1,0,16,0,17.64017,17.64017,1,1,150,0,0,0,127,30,0,0,30,1,-120.9205,
205.2633,1229.005,29.20003,0.04515076,0,91.37711,19.2546,14.17223,97.45451,269.7795,230.2872,0,2,1.771815,287.49,300,0.7,0,0,43.90112,43.90112,1,1,1.007944,1.009389,300,0.7391388,0,0,118.0269,1,0,1,1,18.79278,1.956942,0,1,270,220,0,0,0,1,1.008509,0,1,1,2,10,10.23891,1,1000,5,25.1,14.7,1.2,13.06188,-1.593708,-1.593708,1,0,16,0,16.29371,16.29371,1,1,150,0,0,0,127,30,0,0,30,1,-120.8,
205.3651,1159.555,29.31455,0.04515076,0,91.48162,19.32548,14.34713,97.56629,261.2514,231.0311,0,2,1.681354,288.23,300,0.7,0,0,43.93007,43.93007,1,1,0.9957012,1.009144,300,0.7424512,0,0,118.0269,1,0,1,1,18.24647,1.913218,0,1,270,232,0,0,0,1,1.008651,0,1,1,2,30,9.740259,1,1000,5,25.1,14.7,1.2,13.06203,-0.4227934,-0.4227934,1,0,16,0,15.12279,15.12279,1,1,150,0,0,0,127,30,0,0,30,1,-120.6854,
205.467,1154.379,29.81483,0.0121422,0,91.32485,19.23097,14.30729,97.60693,271.5597,229.1237,0,2,1.693089,287.8,300,0.7,0,0,44.22587,44.22587,1,1,0.9984894,1.009471,300,0.7582884,0,0,118.0269,1,0,1,1,18.19501,1.923176,0,1,270,224,0,0,0,1,1.008462,0,1,1,2,50,9.646302,1,1000,5,25.1,14.7,1.19681,13.06264,0.1563082,0.1563082,1,0,16,0,14.54314,14.54314,1,1,150,0,0,0,127,30,0,0,30,1,-120.1852,
205.5694,1168.452,29.45921,0,0,91.47117,19.33138,14.09074,97.6171,263.2012,228.7614,0,2,1.713729,287.19,300,0.7,0,0,44.0218,44.0218,1,1,1.013648,1.009124,300,0.7456791,0,0,118.0269,1,0,1,1,18.3125,1.977315,0,1,270,220,0,0,0,1,1.008663,0,1,1,2,40,9.793253,1,1000,5,25.1,14.7,1.19681,13.06157,0.4562874,0.4562874,1,0,16,0,14.24371,14.24371,1,1,150,0,0,0,127,30,0,0,30,1,-120.5408,
205.67,1207.875,29.13976,0.02864648,0,91.52343,19.324,14.3105,97.62726,266.236,229.0475,0,2,1.771551,287.25,300,0.7,0,0,43.85281,43.85281,1,1,0.9982651,1.00915,300,0.7347696,0,0,118.0269,1,0,1,1,18.62916,1.922375,0,1,270,224,0,0,0,1,1.008648,0,1,1,2,30,9.977827,1,1000,5,25.1,14.7,1.19681,13.06386,0.6433535,0.6433535,1,0,16,0,14.05665,14.05665,1,1,150,0,0,0,127,30,0,0,30,1,-120.8602,
205.7706,1221.598,29.00716,0.007426695,0,91.60704,19.30628,14.16399,97.70855,267.9993,230.2872,0,2,1.750957,287.49,300,0.7,0,0,43.78055,43.78055,1,1,1.008521,1.009211,300,0.7302392,0,0,118.0269,1,0,1,1,18.7409,1.959002,0,1,270,236,0,0,0,1,1.008613,0,1,1,2,40,10.19253,1,1000,5,25.1,14.7,1.19681,13.06294,0.8049879,0.8049879,1,0,16,0,13.89501,13.89501,1,1,150,0,0,0,127,30,0,0,30,1,-120.9928,
205.8707,1164.325,29.28442,0.01685771,0,91.37711,19.29004,14.24457,97.47484,256.928,229.0475,0,2,1.707677,287.84,300,0.7,0,0,43.9148,43.9148,1,1,1.00288,1.009267,300,0.7394971,0,0,118.0269,1,0,1,1,18.28445,1.938857,0,1,270,216,0,0,0,1,1.00858,0,1,1,2,30,9.868422,1,1000,5,25.1,14.7,1.19681,13.06065,0.9335289,0.9335289,1,0,16,0,13.76647,13.76647,1,1,150,0,0,0,127,30,0,0,30,1,-120.7156,
205.9724,1130.625,30.36332,0.02628873,0,91.34576,19.29004,14.24091,97.52564,269.8982,230.8785,0,2,1.677094,287.88,300,0.7,0,0,44.53751,44.53751,1,1,1.003136,1.009267,300,0.7777867,0,0,118.0269,1,0,1,1,18.0009,1.939773,0,1,270,224,0,0,0,1,1.00858,0,1,1,2,30,9.513742,1,1000,5,25.1,14.69674,1.19681,13.06188,1.0702,1.0702,1,0,16,0,13.62416,13.62416,1,1,150,0,0,0,127,30,0,0,30,1,-119.6367,
206.0739,1136.923,30.59839,0.02157322,0,91.65929,19.27822,14.28486,97.70855,268.5757,228.4371,0,2,1.676962,287.78,300,0.7,0,0,44.68177,44.68177,1,1,1.00006,1.009308,300,0.7719629,0,0,118.0269,1,0,1,1,18.04456,1.928785,0,1,270,244,0,0,0,1,1.008556,0,1,1,2,20,9.433962,1,1000,5,25.1,14.69475,1.174739,13.06233,1.18997,1.18997,1,0,16,0,13.50225,13.50225,1,1,150,0,0,0,127,30,0,0,30,1,-119.4016,
206.1742,1154.734,31.02634,0,0,91.69065,19.32548,14.31462,97.72887,271.6784,229.963,0,2,1.722479,287.56,300,0.7,0,0,44.94974,44.94974,1,1,0.9979766,1.009144,300,0.7875689,0,0,118.0269,1,0,1,1,18.17098,1.921345,0,1,270,228,0,0,0,1,1.008651,0,1,1,2,40,9.625669,1,1000,5,25.1,14.69161,1.174739,13.05943,1.35164,1.35164,1,0,16,0,13.338,13.338,1,1,150,0,0,0,127,30,0,0,30,1,-118.9737,
206.2763,1166.226,30.85154,0.002711187,0,91.59659,19.24869,14.28532,97.6171,274.0012,228.3417,0,2,1.729902,287.69,300,0.7,0,0,44.85356,44.85356,1,1,1.000028,1.009409,300,0.781449,0,0,118.0269,1,0,1,1,18.26209,1.92867,0,1,270,228,0,0,0,1,1.008497,0,1,1,2,30,9.667025,1,1000,5,25.1,14.69337,1.174739,13.06249,1.498993,1.498993,1,0,16,0,13.1932,13.1932,1,1,150,0,0,0,127,30,0,0,30,1,-119.1485,
206.3782,1129.178,31.13483,0.02864648,0,91.59659,19.27822,14.32881,97.68822,267.9993,231.1837,0,2,1.674947,288.13,300,0.7,0,0,44.99561,44.99561,1,1,0.9969831,1.009308,300,0.7912829,0,0,118.0269,1,0,1,1,17.97557,1.917797,0,1,270,248,0,0,0,1,1.008556,0,1,1,2,30,9.646302,1,1000,5,25.1,14.68976,1.174739,13.06462,1.6031,1.6031,1,0,16,0,13.08867,13.08867,1,1,150,0,0,0,127,30,0,0,30,1,-118.8652,
206.4788,1094.411,30.40551,0.0380775,0,91.61749,19.15862,14.10905,97.62726,248.5016,229.5815,0,2,1.623377,288.61,300,0.7,0,0,44.53813,44.53813,1,1,1.012366,1.009721,300,0.7653794,0,0,118.0269,1,0,1,1,17.72285,1.972737,0,1,270,248,0,0,0,1,1.008317,0,1,1,2,30,9.3361,1,1000,5,25.1,14.68291,1.174739,13.06416,1.616643,1.616643,1,0,16,0,13.06162,13.06162,1,1,150,0,0,0,127,30,0,0,30,1,-119.5945,
206.5793,1075.192,31.79785,0,0,91.76381,19.30185,14.26288,97.70855,266.8972,229.3526,0,2,1.612788,288.36,300,0.7,0,0,45.34695,45.34695,1,1,1.001598,1.009226,300,0.7960405,0,0,118.0269,1,0,1,1,17.56074,1.934279,0,1,270,232,0,0,0,1,1.008604,0,1,1,2,20,9.081736,1,1000,5,25.1,14.62414,1.143105,13.06249,1.594599,1.594599,1,0,16,0,13.02586,13.02586,1,1,150,0,0,0,127,30,0,0,30,1,-118.2022,
206.681,1089.997,32.47292,0.02157322,0,91.55478,19.20734,14.48219,97.67806,270.2542,230.5924,0,2,1.625913,288.16,300,0.7,0,0,45.75813,45.75813,1,1,0.9862469,1.009552,300,0.8188668,0,0,118.0269,1,0,1,1,17.66247,1.886302,0,1,270,224,0,0,0,1,1.008415,0,1,1,2,50,9.045226,1,1000,5,25.1,14.65193,1.143105,13.06188,1.701002,1.701002,1,0,16,0,12.95388,12.95388,1,1,150,0,0,0,127,30,0,0,30,1,-117.5271,
206.7811,1083.658,31.7436,0.007426695,0,91.58614,19.27822,14.19558,97.58661,253.4693,227.5979,0,2,1.634518,288.44,300,0.7,0,0,45.32166,45.32166,1,1,1.006309,1.009308,300,0.7931654,0,0,118.0269,1,0,1,1,17.62453,1.951104,0,1,270,236,0,0,0,1,1.008556,0,1,1,2,40,9.063444,1,1000,5,25.1,14.64443,1.143105,13.06249,1.759468,1.759468,1,0,16,0,12.88099,12.88099,1,1,150,0,0,0,127,30,0,0,30,1,-118.2564,
206.882,1051.046,33.72059,1.89363,0,91.6802,19.26641,14.30546,97.77968,256.9789,232.4044,0,2,2.189679,284.38,300,0.7,0,0,46.12652,80.90198,1,1,0.9986176,1.009348,300,1.513965,34.77545,0.7649886,327.1811,1,0,1,1,17.36665,1.923634,0,1,270,244,0,0,0,1,1.008533,0,1,1,2,10,8.937438,1,1000,5,25.1,14.54857,1.143105,13.05943,1.732186,1.732186,1,0,16,0,12.8168,12.8168,1,1,150,0,0,0,127,30,0,0,30,1,-116.2794,
206.9835,1075.153,42.02635,3.612432,0,91.64884,19.30185,14.21344,97.6171,250.5701,244.5735,0,2,2.683159,280.17,300,0.7,0,0,47.17256,88.01364,1,1,1.005059,1.009226,300,2.056421,40.84108,0.89842,435.525,1,0,1,1,17.45122,1.94664,0,1,270,244,0,0,0,1,1.008604,0,1,1,2,40,8.814887,1,1000,6,25,14.52176,1.143105,13.0605,1.738543,1.738543,1,0,16,0,12.73703,12.73703,1,1,150,0,0,0,127,30,0,0,30,1,-107.9736,
207.0902,1097.053,49.25321,3.702027,0,91.63839,19.2546,14.22992,97.67806,266.4564,247.5109,0,2,2.184963,283.83,300,0.7,0,0,57.07837,57.07837,1,1,1.003906,1.009389,300,1.369378,0,0,435.525,1,0,1,1,17.69061,1.94252,0,1,270,236,0,0,0,1,1.008509,0,1,1,2,30,9.193055,1,1000,6,25,14.50059,1,13.06432,1.866317,1.866317,1,0,8,0,12.62975,12.62975,1,1,150,0,0,0,127,30,0,0,30,1,-100.7468,
207.1946,1109.591,53.93048,3.737394,0,91.58614,19.31366,14.28852,97.47484,266.9481,252.9851,0,2,2.487332,281.9,300,0.7,0,0,63.73606,63.73606,1,1,0.9998034,1.009185,300,1.673279,0,0,435.525,1,0,1,1,17.85869,1.927869,0,1,270,232,0,0,0,1,1.008627,0,1,1,2,30,9.249743,1,1000,6,25,14.50833,1,13.06432,1.962716,1.962716,1,0,8,0,12.5454,12.5454,1,1,150,0,0,0,127,30,0,0,30,1,-96.06952,
207.2967,1116.695,57.48062,3.742109,0,91.75336,19.25017,14.32881,97.65774,267.5585,259.0696,0,2,2.670761,280.64,300,0.7,0,0,66.04655,66.04655,1,1,0.9969831,1.009404,300,1.847713,0,0,435.525,1,0,1,1,18.22296,1.917797,0,1,270,320,0,0,0,1,1.0085,0,1,1,2,40,9.326425,1,1000,6,25,14.51253,1,13.06264,2.048841,2.048841,1,0,8,0,12.46326,12.46326,1,1,150,0,0,0,127,30,0,0,30,1,-92.51938,
207.3977,1133.016,60.28337,3.758613,0,91.77426,19.23097,14.28852,97.71871,272.5431,261.3012,0,2,2.83254,278.93,300,0.7,0,0,68.02621,68.02621,1,1,0.9998034,1.009471,300,1.995031,0,0,435.525,1,0,1,1,18.67435,1.927869,0,1,270,340,0,0,0,1,1.008462,0,1,1,2,30,9.49367,1,1000,6,25,14.51918,1,13.0631,2.934493,2.934493,1,0,8,0,11.58185,11.58185,1,1,150,0,0,0,127,30,0,0,30,1,-89.71663,
207.4983,1184.881,60.31953,3.756256,0,91.80561,19.24869,14.24274,97.63742,275.1032,258.8979,0,2,2.972076,278.32,300,0.7,0,0,68.83615,68.83615,1,1,1.003008,1.009409,300,2.015195,0,0,435.525,1,0,1,1,19.07374,1.939315,0,1,270,452,0,0,0,1,1.008497,0,1,1,2,30,9.761389,1,1000,6,25,14.55339,1,13.06065,3.080182,3.080182,1,0,8,0,11.47327,11.47327,1,1,150,0,0,0,127,30,0,0,30,1,-89.68047,
207.599,1197.653,60.18692,3.746825,0,91.80561,19.29004,14.2226,97.68822,276.9513,257.372,0,2,2.904308,278.7,300,0.7,0,0,68.95036,68.95036,1,1,1.004418,1.009267,300,1.915023,0,0,435.525,1,0,1,1,19.15636,1.944351,0,1,270,400,0,0,0,1,1.00858,0,1,1,2,0,9.944752,1,1000,6,25,14.56323,0.9515074,13.05882,2.181575,2.181575,1,0,16,0,12.38099,12.38099,1,1,150,0,0,0,127,30,0,0,30,1,-89.81308,
207.6999,1232.792,58.90912,4.065121,0,91.83697,19.21916,14.44281,97.65774,281.7494,255.9224,0,2,2.958701,278.31,300,0.7,0,0,68.7255,68.7255,1,1,0.9890031,1.009511,300,1.864587,0,0,435.525,1,0,1,1,19.28598,1.892864,0,1,270,452,0,0,0,1,1.008438,0,1,1,2,40,10.18099,1,1000,6,25,14.59336,0.9515074,13.06203,1.438107,1.438107,1,0,16,0,13.1524,13.1524,1,1,150,0,0,0,127,30,0,0,30,1,-91.09088,
207.8026,1265.769,62.01323,7.653669,0,91.76381,19.27232,14.23954,97.70855,271.6445,263.1132,0,2,4.852116,264.83,300,0.7,0,0,70.60371,123.274,1,1,1.003232,1.009328,300,3.521223,52.67031,0.7616724,325.3157,1,0,1,1,19.86967,1.940116,0,1,270,436,0,0,0,1,1.008545,0,1,1,2,30,10.48951,1,1000,6,25,14.59038,0.9515074,13.05898,1.171744,1.171744,1,0,16,0,13.40839,13.40839,1,1,150,0,0,0,127,30,0,0,30,1,-87.98677,
207.9032,1356.607,73.74859,8.017902,0,91.88923,19.23688,13.98864,97.71871,299.382,277.3995,0,2,4.00199,270.29,300,0.7,0,0,74.64533,74.64533,1,1,1.021136,1.00945,300,2.558916,0,0,325.3157,1,0,1,1,20.72563,2.00284,0,1,270,428,0,0,0,1,1.008474,0,1,1,2,50,11.12485,1,1000,6,25,14.45862,0.9515074,13.06203,0.8238916,0.8238916,1,0,16,0,13.65425,13.65425,1,1,150,0,0,0,127,30,0,0,30,1,-76.25141,
208.0037,1376.336,73.38695,8.084559,0,91.83697,19.11432,14.06418,97.62726,279.5792,280.7183,0,2,4.037253,271.93,300,0.7,0,0,74.0797,74.0797,1,1,1.015507,1.009874,300,2.523329,0,0,325.3157,1,0,1,1,20.89411,1.983954,0,1,270,416,0,0,0,1,1.008229,0,1,1,2,40,11.58301,1,1000,6,25,14.48262,0.9515074,13.06188,0.7067976,0.7067976,1,0,16,0,13.77871,13.77871,1,1,150,0,0,0,127,30,0,0,30,1,-76.61305,
208.1039,1372.181,77.60612,8.108366,0,91.87878,19.23097,14.30317,97.69839,300.1619,277.4185,0,2,4.242327,267.84,300,0.7,0,0,75.61285,75.61285,1,1,0.9987778,1.009471,300,2.671175,0,0,325.3157,1,0,1,1,20.39736,1.924206,0,1,270,472,0,0,0,1,1.008462,0,1,1,2,30,11.42132,1,1000,6,25,14.35327,0.925004,13.06188,1.875779,1.875779,1,0,16,0,12.44784,12.44784,1,1,150,0,0,0,128,30,0,0,30,1,-72.39388,
208.2044,1494.024,76.94312,8.139314,0,91.92058,19.24869,14.32881,97.63742,310.2159,280.9281,0,2,4.419821,268.42,300,0.7,0,0,72.77956,72.77956,1,1,0.9969831,1.009409,300,2.540323,0,0,325.3157,1,0,1,1,21.22036,1.917797,0,1,270,504,0,0,0,1,1.008497,0,1,1,2,30,12.27831,1,1000,6,25,14.40259,0.925004,13.06203,1.29654,1.29654,1,0,16,0,13.09234,13.09234,1,1,150,0,0,0,127,30,0,0,30,1,-73.05688,
208.305,1481.628,77.14805,8.258345,0,91.89967,19.25164,14.06281,97.67806,300.3993,280.8137,0,2,4.383149,268.11,300,0.7,0,0,73.10791,73.10791,1,1,1.015603,1.009399,300,2.559869,0,0,325.3157,1,0,1,1,21.11893,1.984297,0,1,270,524,0,0,0,1,1.008503,0,1,1,2,30,12.39669,1,1000,6,25,14.39528,0.925004,13.06203,0.1649542,0.1649542,1,0,16,0,14.2343,14.2343,1,1,150,0,0,0,128,30,0,0,30,1,-72.85195,
208.4065,1507.841,77.14805,8.327382,0,91.84742,19.2546,14.36544,97.63742,316.3365,281.0616,0,2,4.422999,266.83,300,0.7,0,0,72.53996,72.53996,1,1,0.9944192,1.009389,300,2.53942,0,0,325.3157,1,0,1,1,21.29522,1.90864,0,1,270,436,0,0,0,1,1.008509,0,1,1,2,20,12.29508,1,1000,6,25,14.39841,0.925004,13.06386,-0.2497187,-0.2497187,1,0,16,0,14.65357,14.65357,1,1,150,0,0,0,128,30,0,0,30,1,-72.85195,
208.5088,1610.479,69.45105,6.246044,0,91.80561,19.23097,14.02481,97.6171,301.7556,269.9225,0,2,4.401976,269.03,300,0.7,0,0,69.23443,69.23443,1,1,1.018263,1.009471,300,2.169255,0,0,325.3157,1,0,1,1,23.18259,1.993797,0,1,270,360,0,0,0,1,1.008462,0,1,1,2,20,13.23529,1,1000,6,25,14.60934,0.9330875,13.06065,-0.6599922,-0.6599922,1,0,16,0,15.20897,15.20897,1,1,150,0,0,0,128,30,0,0,30,1,-80.54895,
208.6092,1578.698,64.04446,4.503664,0,91.89967,19.23097,14.19238,97.70855,307.2319,270.2277,0,2,3.841499,271.62,300,0.7,0,0,67.51414,67.51414,1,1,1.006534,1.009471,300,1.939305,0,0,325.3157,1,0,1,1,22.4044,1.951905,0,1,270,472,0,0,0,1,1.008462,0,1,1,2,40,13.41282,1,1000,6,25,14.69503,0.9330875,13.06218,-0.7083654,-0.7083654,1,0,16,0,15.41224,15.41224,1,1,150,0,0,0,127,30,0,0,30,1,-85.95554,
208.7104,1648.261,57.13103,3.796337,0,91.78471,19.23097,14.33614,97.47484,321.3211,260.3284,0,2,3.612439,273.26,300,0.7,0,0,64.48,64.48,1,1,0.9964703,1.009471,300,1.63923,0,0,325.3157,1,0,1,1,22.02185,1.915965,0,1,270,348,0,0,0,1,1.008462,0,1,1,2,10,13.57466,1,1000,6,25,14.81144,0.9330875,13.06188,-0.5886288,-0.5886288,1,0,16,0,15.39899,15.39899,1,1,150,0,0,0,127,30,0,0,30,1,-92.86897,
208.8106,1667.408,51.36883,3.760971,0,91.94148,19.21916,14.09349,97.59677,322.847,254.8161,0,2,3.26534,276.3,300,0.7,0,0,61.31942,61.31942,1,1,1.013456,1.009511,300,1.395646,0,0,325.3157,1,0,1,1,21.79152,1.976629,0,1,270,268,0,0,0,1,1.008438,0,1,1,2,30,13.82489,1,1000,6,25,14.87545,0.9330875,13.05821,0.023283,0.023283,1,0,16,0,14.86096,14.86096,1,1,150,0,0,0,127,30,0,0,30,1,-98.63116,
208.9114,1688.619,47.14362,2.829658,0,91.94148,19.24869,14.01749,97.64758,312.8778,244.9359,0,2,3.180232,277.11,300,0.7,0,0,58.12572,58.12572,1,1,1.018776,1.009409,300,1.21168,0,0,325.3157,1,0,1,1,21.9087,1.995629,0,1,270,212,0,0,0,1,1.008497,0,1,1,2,30,14.0625,1,1000,6,25,14.88138,0.9316077,13.06157,0.3450832,0.3450832,1,0,16,0,14.53765,14.53765,1,1,150,0,0,0,127,30,0,0,30,1,-102.8564,
209.0141,1713.992,37.3973,0.04043525,0,91.79517,19.2546,14.06876,97.60693,325.3054,238.7369,0,2,2.656687,280.77,300,0.7,0,0,51.32479,51.32479,1,1,1.015187,1.009389,300,0.850105,0,0,325.3157,1,0,1,1,22.46868,1.982809,0,1,270,216,0,0,0,1,1.008509,0,1,1,2,10,14.26307,1,1000,6,25,14.857,0.9316077,13.06188,0.5362206,0.5362206,1,0,16,0,14.32078,14.32078,1,1,150,0,0,0,127,30,0,0,30,1,-112.6027,
209.1159,1681.709,31.65319,0.02864648,0,91.79517,19.20734,14.06876,97.50532,322.9657,232.6715,0,2,2.340378,283.22,300,0.7,0,0,47.47295,47.47295,1,1,1.015187,1.009552,300,0.666301,0,0,325.3157,1,0,1,1,22.55614,1.982809,0,1,270,200,0,0,0,1,1.008415,0,1,1,2,20,14.19558,1,1000,5,27.1,14.84085,0.9316077,13.06325,0.6912622,0.6912622,1,0,16,0,14.14959,14.14959,1,1,150,0,0,0,127,30,0,0,30,1,-118.3468,
209.2159,1700.97,28.35017,0.0003534328,0,91.82652,19.20882,14.19696,97.55613,322.8809,228.3608,0,2,2.211261,283.78,300,0.7,0,0,45.74666,45.74666,1,1,1.006213,1.009547,300,0.5661901,0,0,325.3157,1,0,1,1,22.98468,1.950761,0,1,270,204,0,0,0,1,1.008418,0,1,1,2,20,14.19558,1,1000,6,25,14.85048,0.9178171,13.06126,0.6597147,0.6597147,1,0,16,0,14.19077,14.19077,1,1,150,0,0,0,128,30,0,0,30,1,-121.6498,
209.3182,1678.04,26.87948,0.01685771,0,91.81606,19.21325,14.21527,97.50532,311.8944,222.0474,0,2,2.167468,284.37,300,0.7,0,0,45.21963,45.21963,1,1,1.004931,1.009532,300,0.5310407,0,0,325.3157,1,0,1,1,22.82315,1.946183,0,1,270,212,0,0,0,1,1.008427,0,1,1,2,30,14.04056,1,1000,5,27.1,14.83902,0.9178171,13.06172,0.6800165,0.6800165,1,0,16,0,14.159,14.159,1,1,150,0,0,0,127,30,0,0,30,1,-123.1205,
209.423,1676.446,26.72277,0.02864648,0,91.84742,19.14828,14.14614,97.42403,322.5418,227.6741,0,2,2.137469,284.5,300,0.7,0,0,45.15877,45.15877,1,1,1.00977,1.009756,300,0.5273116,0,0,325.3157,1,0,1,1,22.81275,1.963466,0,1,270,208,0,0,0,1,1.008296,0,1,1,2,30,14.19558,1,1000,5,27.1,14.83822,0.9178171,13.06722,0.8758783,0.8758783,1,0,16,0,13.96235,13.96235,1,1,150,0,0,0,127,30,0,0,30,1,-123.2772,
209.5245,1718.213,25.97537,0.03571974,0,91.83697,19.19553,14.5559,97.43419,326.0853,228.7614,0,2,2.104811,284.82,300,0.7,0,0,44.42256,44.42256,1,1,0.9810872,1.009593,300,0.5034644,0,0,325.3157,1,0,1,1,23.2768,1.874017,0,1,270,216,0,0,0,1,1.008391,0,1,1,2,0,14.24051,1,1000,6,25,14.85911,0.9178171,13.06188,1.215056,1.215056,1,0,16,0,13.64405,13.64405,1,1,150,0,0,0,127,30,0,0,30,1,-124.0246,
209.6265,1686.056,25.04112,0.01921546,0,91.86832,19.25312,14.17773,97.49516,323.6608,227.2164,0,2,2.051369,285.35,300,0.7,0,0,44.26619,44.26619,1,1,1.007559,1.009394,300,0.4707138,0,0,325.3157,1,0,1,1,22.97853,1.955568,0,1,270,204,0,0,0,1,1.008506,0,1,1,2,40,14.30843,1,1000,5,27.1,14.84303,0.8923793,13.05959,1.418314,1.418314,1,0,16,0,13.42471,13.42471,1,1,150,0,0,0,127,30,0,0,30,1,-124.9589,
209.7289,1628.841,25.27016,0.05222402,0,91.79517,19.16304,14.35949,97.4037,312.3861,222.9248,0,2,2.022478,285.95,300,0.7,0,0,44.92519,44.92519,1,1,0.9948359,1.009705,300,0.4830845,0,0,325.3157,1,0,1,1,22.36378,1.910128,0,1,270,204,0,0,0,1,1.008326,0,1,1,2,30,13.97515,1,1000,5,27.1,14.81442,0.8923793,13.06798,1.265246,1.265246,1,0,16,0,13.54917,13.54917,1,1,150,0,0,0,128,30,0,0,30,1,-124.7298,
209.83,1525.708,24.8603,0.04279301,0,91.96239,19.21916,14.10676,97.52564,297.144,223.5924,0,2,1.894421,286.51,300,0.7,0,0,45.1778,45.1778,1,1,1.012527,1.009511,300,0.4795521,0,0,325.3157,1,0,1,1,21.27438,1.973309,0,1,270,200,0,0,0,1,1.008438,0,1,1,2,50,13.99689,1,1000,5,27.1,14.76285,0.8923793,13.06279,0.8897753,0.8897753,1,0,16,0,13.87308,13.87308,1,1,150,0,0,0,127,30,0,0,30,1,-125.1397,
209.932,1437.815,25.54743,0,0,92.046,19.21325,13.96346,97.50532,287.9038,225.1946,0,2,1.821232,286.9,300,0.7,0,0,44.26062,44.26062,1,1,1.023654,1.009532,300,0.4786015,0,0,325.3157,1,0,1,1,20.50252,2.009135,0,1,270,228,0,0,0,1,1.008427,0,1,1,2,70,14.10658,1,1000,5,27.1,14.71891,0.8819744,13.06126,0.4200811,0.4200811,1,0,16,0,14.31529,14.31529,1,1,150,0,0,0,128,30,0,0,30,1,-124.4526,
210.0321,1359.989,27.48222,0,0,92.02509,19.17781,14.14202,97.56629,286.5136,225.0801,0,2,1.722653,288.13,300,0.7,0,0,44.21983,44.21983,1,1,1.010059,1.009654,300,0.515061,0,0,325.3157,1,0,1,1,19.87991,1.964496,0,1,270,204,0,0,0,1,1.008356,0,1,1,2,20,13.82489,1,1000,5,27.1,14.7,0.8819744,13.06157,-0.3134222,-0.3134222,1,0,16,0,15.01342,15.01342,1,1,150,0,0,0,127,30,0,0,30,1,-122.5178,
210.1327,1261.83,28.2477,0.01685771,0,91.83697,19.19553,14.38146,97.42403,275.7983,227.0829,0,2,1.598318,288.77,300,0.7,0,0,43.47462,43.47462,1,1,0.9932976,1.009593,300,0.5204722,0,0,325.3157,1,0,1,1,19.08537,1.904634,0,1,270,216,0,0,0,1,1.008391,0,1,1,2,60,13.86749,1,1000,5,27.1,14.7,0.8819744,13.06188,-0.8782024,-0.8782024,1,0,16,0,15.5782,15.5782,1,1,150,0,0,0,127,30,0,0,30,1,-121.7523,
210.2328,1198.705,29.07346,0.007426695,0,91.78471,19.19405,14.12187,97.34274,272.0005,228.2464,0,2,1.558317,288.87,300,0.7,0,0,43.80779,43.80779,1,1,1.011469,1.009598,300,0.5397933,0,0,325.3157,1,0,1,1,18.55917,1.969532,0,1,270,220,0,0,0,1,1.008388,0,1,1,2,40,13.51351,1,1000,5,27.1,14.7,0.8819744,13.06432,-1.414909,-1.414909,1,0,16,0,16.11491,16.11491,1,1,150,0,0,0,127,30,0,0,30,1,-120.9265,
210.3375,1137.915,29.86908,0.01449996,0,92.1087,19.19553,14.18551,97.52564,266.1173,229.4289,0,2,1.47929,289.57,300,0.7,0,0,44.24792,44.24792,1,1,1.007014,1.009593,300,0.5601358,0,0,325.3157,1,0,1,1,18.0665,1.953622,0,1,270,216,0,0,0,1,1.008391,0,1,1,2,30,13.23529,1,1000,5,27.1,14.7,0.8819744,13.06294,-1.799368,-1.799368,1,0,16,0,16.49714,16.49714,1,1,150,0,0,0,127,30,0,0,30,1,-120.1309,
210.4382,1103.631,32.19566,0,0,91.82652,19.13647,14.31462,97.50532,264.5914,230.3063,0,2,1.508296,289.19,300,0.7,0,0,45.6055,45.6055,1,1,0.9979766,1.009797,300,0.6505763,0,0,325.3157,1,0,1,1,17.76693,1.921345,0,1,270,216,0,0,0,1,1.008273,0,1,1,2,30,12.8388,1,1000,5,27.1,14.67831,0.9206252,13.06172,-2.012364,-2.012364,1,0,16,0,16.69204,16.69204,1,1,150,0,0,0,127,30,0,0,30,1,-117.8043,
210.5396,1103.631,32.72607,0.04279301,0,91.83697,19.23097,14.33064,97.48499,271.0341,230.5543,0,2,1.52669,288.88,300,0.7,0,0,45.91991,45.91991,1,1,0.996855,1.009471,300,0.6660006,0,0,325.3157,1,0,1,1,17.75908,1.917339,0,1,270,220,0,0,0,1,1.008462,0,1,1,2,30,12.46537,1,1000,5,27.1,14.67307,0.9206252,13.06416,-2.298615,-2.298615,1,0,16,0,16.97365,16.97365,1,1,150,0,0,0,127,30,0,0,30,1,-117.2739,
210.6405,1110.289,32.12935,0.05929728,0,91.88923,19.18224,14.11821,97.32241,253.5541,232.6905,0,2,1.529307,289.14,300,0.7,0,0,45.57172,45.57172,1,1,1.011725,1.009639,300,0.6486629,0,0,325.3157,1,0,1,1,17.81725,1.970448,0,1,270,208,0,0,0,1,1.008364,0,1,1,2,50,12.09677,1,1000,5,27.1,14.67944,0.9206252,13.0634,-2.804492,-2.804492,1,0,16,0,17.48123,17.48123,1,1,150,0,0,0,127,30,0,0,30,1,-117.8707,
210.747,1112.058,32.62963,0.01685771,0,91.95193,19.16009,14.34346,97.49516,265.507,230.9548,0,2,1.538347,288.71,300,0.7,0,0,45.87011,45.87011,1,1,0.9959576,1.009715,300,0.6633089,0,0,325.3157,1,0,1,1,17.82236,1.914134,0,1,270,208,0,0,0,1,1.00832,0,1,1,2,50,11.33501,1,1000,5,27.1,14.67476,0.9206252,13.06065,-3.259499,-3.259499,1,0,16,0,17.93154,17.93154,1,1,150,0,0,0,127,30,0,0,30,1,-117.3704,
210.8512,1126.464,32.30415,0.03571974,0,91.97284,19.16157,14.26655,97.39355,257.2671,233.0148,0,2,1.548889,288.55,300,0.7,0,0,45.6891,45.6891,1,1,1.001342,1.00971,300,0.6539112,0,0,325.3157,1,0,1,1,17.93395,1.933363,0,1,270,212,0,0,0,1,1.008323,0,1,1,2,40,10.77844,1,1000,5,27.1,14.67899,0.9206252,13.06401,-3.263569,-3.263569,1,0,16,0,17.93816,17.93816,1,1,150,0,0,0,127,30,0,0,30,1,-117.6959,
210.9572,1150.88,32.52113,0.01449996,0,92.046,19.18372,14.2464,97.55613,270.0847,230.5733,0,2,1.640005,287.88,300,0.7,0,0,45.83926,45.83926,1,1,1.002752,1.009634,300,0.7057048,0,0,325.3157,1,0,1,1,18.10959,1.938399,0,1,270,208,0,0,0,1,1.008367,0,1,1,2,40,10.46512,1,1000,5,27.1,14.67907,0.9837184,13.06401,-3.19708,-3.19708,1,0,16,0,17.87194,17.87194,1,1,150,0,0,0,127,30,0,0,30,1,-117.4789,
211.0577,1178.411,32.09922,0.04986627,0,91.89967,19.15862,14.32332,97.29193,264.7779,232.5952,0,2,1.669416,287.75,300,0.7,0,0,45.61015,45.61015,1,1,0.9973677,1.009721,300,0.6928367,0,0,325.3157,1,0,1,1,18.32281,1.91917,0,1,270,216,0,0,0,1,1.008317,0,1,1,2,40,10.38062,1,1000,5,27.1,14.68449,0.9837184,13.06157,-2.674079,-2.674079,1,0,16,0,17.35541,17.35541,1,1,150,0,0,0,127,30,0,0,30,1,-117.9008,
211.1595,1227.446,31.611,0.02628873,0,92.00419,19.23097,14.14202,97.39355,272.2379,233.7014,0,2,1.718424,287.66,300,0.7,0,0,45.35591,45.35591,1,1,1.010059,1.009471,300,0.6781366,0,0,325.3157,1,0,1,1,18.70224,1.964496,0,1,270,220,0,0,0,1,1.008462,0,1,1,2,30,10.28571,1,1000,5,27.1,14.69073,0.9837184,13.06188,-2.099428,-2.099428,1,0,16,0,16.79041,16.79041,1,1,150,0,0,0,127,30,0,0,30,1,-118.389,
211.2613,1241.208,32.13538,0.0003534328,0,92.03555,19.1719,14.31004,97.46468,283.9534,232.5189,0,2,1.727348,287.63,300,0.7,0,0,45.68394,45.68394,1,1,0.9982972,1.009675,300,0.6945271,0,0,325.3157,1,0,1,1,18.78717,1.92249,0,1,270,208,0,0,0,1,1.008344,0,1,1,2,40,9.857612,1,1000,5,27.1,14.6887,0.9837184,13.05943,-1.532657,-1.532657,1,0,16,0,16.22378,16.22378,1,1,150,0,0,0,127,30,0,0,30,1,-117.8646,
211.3621,1246.572,31.65319,0.02157322,0,92.25502,19.2546,13.79452,97.48499,280.9355,229.8485,0,2,1.765977,287.22,300,0.7,0,0,45.39643,45.39643,1,1,1.040548,1.009389,300,0.6795878,0,0,325.3157,1,0,1,1,18.84389,2.05137,0,1,270,204,0,0,0,1,1.008509,0,1,1,2,50,9.503696,1,1000,5,27.1,14.69155,0.9837184,13.06554,-1.176495,-1.176495,1,0,16,0,15.86838,15.86838,1,1,150,0,0,0,127,30,0,0,30,1,-118.3468,
211.4637,1234.365,31.08058,0.01685771,0,92.19231,19.21768,14.11088,97.44435,276.9343,227.8267,0,2,1.738397,287.59,300,0.7,0,0,45.04075,45.04075,1,1,1.012238,1.009516,300,0.676988,0,0,325.3157,1,0,1,1,18.77178,1.972279,0,1,270,224,0,0,0,1,1.008435,0,1,1,2,50,9.081736,1,1000,5,27.1,14.69403,1.006007,13.0631,-1.039758,-1.039758,1,0,16,0,15.73273,15.73273,1,1,150,0,0,0,127,30,0,0,30,1,-118.9194,
211.568,1208.021,30.42962,0,0,92.16096,19.23983,14.20703,97.56629,273.5264,226.6251,0,2,1.681163,287.94,300,0.7,0,0,44.62946,44.62946,1,1,1.005508,1.00944,300,0.6565917,0,0,325.3157,1,0,1,1,18.59197,1.948243,0,1,270,236,0,0,0,1,1.00848,0,1,1,2,50,8.571428,1,1000,5,27.1,14.69725,1.006007,13.06004,-0.9451599,-0.9451599,1,0,16,0,15.63836,15.63836,1,1,150,0,0,0,127,30,0,0,30,1,-119.5704,
211.6699,1199.568,30.29099,0.01685771,0,92.05645,19.17338,13.99368,97.47484,262.8791,227.903,0,2,1.669399,288.19,300,0.7,0,0,44.54036,44.54036,1,1,1.020632,1.00967,300,0.6523222,0,0,325.3157,1,0,1,1,18.53123,2.00158,0,1,270,212,0,0,0,1,1.008347,0,1,1,2,40,8.144796,1,1000,5,27.1,14.69806,1.006007,13.0631,-0.8092861,-0.8092861,1,0,16,0,15.50271,15.50271,1,1,150,0,0,0,127,30,0,0,30,1,-119.709,
211.7723,1195.362,30.20058,0.01685771,0,92.00419,19.11136,14.13469,97.30209,266.6768,233.0148,0,2,1.673507,288.13,300,0.7,0,0,44.48323,44.48323,1,1,1.010572,1.009884,300,0.6495736,0,0,325.3157,1,0,1,1,18.50148,1.966327,0,1,270,224,0,0,0,1,1.008223,0,1,1,2,60,7.588533,1,1000,5,27.1,14.69863,1.006007,13.06355,-0.7444677,-0.7444677,1,0,16,0,15.44137,15.44137,1,1,150,0,0,0,127,30,0,0,30,1,-119.7994,
211.8734,1180.127,30.25483,0.0380775,0,91.96239,19.19701,14.27113,97.41386,261.2514,231.7368,0,2,1.642343,288.37,300,0.7,0,0,44.50573,44.50573,1,1,1.001021,1.009588,300,0.6510114,0,0,325.3157,1,0,1,1,18.38299,1.932218,0,1,270,220,0,0,0,1,1.008394,0,1,1,2,40,7.069913,1,1000,5,27.1,14.69813,1.006007,13.06554,-0.8250113,-0.8250113,1,0,16,0,15.5204,15.5204,1,1,150,0,0,0,127,30,0,0,30,1,-119.7452,
211.9741,1154.468,30.82743,0.02628873,0,92.17141,19.14828,14.24137,97.49516,267.3041,227.8458,0,2,1.616255,288.11,300,0.7,0,0,44.83074,44.83074,1,1,1.003104,1.009756,300,0.6806355,0,0,325.3157,1,0,1,1,18.17335,1.939658,0,1,270,216,0,0,0,1,1.008296,0,1,1,2,60,6.58858,1,1000,5,27.1,14.69323,1.024352,13.06188,-0.9341307,-0.9341307,1,0,16,0,15.62539,15.62539,1,1,150,0,0,0,127,30,0,0,30,1,-119.1726,
212.0782,1152.03,31.02031,0.06637054,0,92.01464,19.15271,14.24045,97.4037,268.83,228.7423,0,2,1.612841,288.17,300,0.7,0,0,44.94416,44.94416,1,1,1.003168,1.009741,300,0.6867001,0,0,325.3157,1,0,1,1,18.15064,1.939887,0,1,270,216,0,0,0,1,1.008305,0,1,1,2,50,6.58858,1,1000,5,27.1,14.69157,1.024352,13.0634,-1.013648,-1.013648,1,0,16,0,15.70442,15.70442,1,1,150,0,0,0,127,30,0,0,30,1,-118.9797,
212.1829,1164.461,30.83949,0,0,92.28638,19.20734,14.07609,97.52564,260.7258,230.9167,0,2,1.639949,287.76,300,0.7,0,0,44.84508,44.84508,1,1,1.014674,1.009552,300,0.6810533,0,0,325.3157,1,0,1,1,18.24897,1.980978,0,1,270,228,0,0,0,1,1.008415,0,1,1,2,50,6.076975,1,1000,5,27.1,14.69341,1.024352,13.06188,-1.137424,-1.137424,1,0,16,0,15.8271,15.8271,1,1,150,0,0,0,127,30,0,0,30,1,-119.1605,
212.283,1182.546,31.19511,0.04986627,0,92.05645,19.10693,14.2812,97.18015,270.4916,228.8567,0,2,1.665419,287.96,300,0.7,0,0,45.0713,45.0713,1,1,1.000316,1.009899,300,0.6925795,0,0,325.3157,1,0,1,1,18.37704,1.9297,0,1,270,236,0,0,0,1,1.008214,0,1,1,2,40,5.565863,1,1000,5,27.1,14.69134,1.024352,13.06416,-1.085078,-1.085078,1,0,16,0,15.77519,15.77519,1,1,150,0,0,0,127,30,0,0,30,1,-118.8049,
212.3851,1199.137,30.8636,0,0,92.28638,19.21473,14.21527,97.50532,274.2555,228.3608,0,2,1.688784,287.75,300,0.7,0,0,44.88436,44.88436,1,1,1.004931,1.009527,300,0.6821378,0,0,325.3157,1,0,1,1,18.51163,1.946183,0,1,270,224,0,0,0,1,1.008429,0,1,1,2,50,5.565863,1,1000,5,27.1,14.69422,1.024352,13.06554,-1.009002,-1.009002,1,0,16,0,15.70088,15.70088,1,1,150,0,0,0,127,30,0,0,30,1,-119.1364,
212.4869,1210.751,30.35127,0.0121422,0,92.26547,19.17338,14.17132,97.45451,271.4241,232.3854,0,2,1.695052,287.96,300,0.7,0,0,44.58411,44.58411,1,1,1.008008,1.00967,300,0.6798031,0,0,325.3157,1,0,1,1,18.61522,1.95717,0,1,270,228,0,0,0,1,1.008347,0,1,1,2,70,5.154639,1,1000,5,27.1,14.69779,1.045259,13.06432,-0.992898,-0.992898,1,0,16,0,15.69026,15.69026,1,1,150,0,0,0,127,30,0,0,30,1,-119.6487,
212.5879,1213.74,30.45976,0.03571974,0,92.4536,19.166,14.30867,97.44435,276.8665,232.4998,0,2,1.679006,287.79,300,0.7,0,0,44.65149,44.65149,1,1,0.9983933,1.009695,300,0.6833009,0,0,325.3157,1,0,1,1,18.63481,1.922833,0,1,270,228,0,0,0,1,1.008332,0,1,1,2,50,5.154639,1,1000,5,27.1,14.69715,1.045259,13.06249,-1.00072,-1.00072,1,0,16,0,15.6997,15.6997,1,1,150,0,0,0,127,30,0,0,30,1,-119.5402,
212.6879,1212.856,30.78524,0,0,92.23412,19.16009,14.17132,97.38338,279.8505,231.1074,0,2,1.687892,287.59,300,0.7,0,0,44.84698,44.84698,1,1,1.008008,1.009715,300,0.6937283,0,0,325.3157,1,0,1,1,18.61816,1.95717,0,1,270,232,0,0,0,1,1.00832,0,1,1,2,50,4.547751,1,1000,5,27.1,14.6951,1.045259,13.06065,-0.8375301,-0.8375301,1,0,16,0,15.53692,15.53692,1,1,150,0,0,0,127,30,0,0,30,1,-119.2148,
212.7899,1206.273,30.92387,0.01685771,0,92.31773,19.19848,14.3897,97.43419,283.5126,231.8131,0,2,1.688782,287.62,300,0.7,0,0,44.92575,44.92575,1,1,0.9927207,1.009583,300,0.6980885,0,0,325.3157,1,0,1,1,18.56402,1.902574,0,1,270,232,0,0,0,1,1.008397,0,1,1,2,30,4.547751,1,1000,5,27.1,14.69403,1.045259,13.06249,-0.4958544,-0.4958544,1,0,16,0,15.19129,15.19129,1,1,150,0,0,0,127,30,0,0,30,1,-119.0761,
212.89,1212.415,31.05647,0.01685771,0,92.34908,19.15418,14.23404,97.34274,283.1057,231.508,0,2,1.717588,287.52,300,0.7,0,0,45.01007,45.01007,1,1,1.003617,1.009736,300,0.702473,0,0,325.3157,1,0,1,1,18.60657,1.94149,0,1,270,224,0,0,0,1,1.008308,0,1,1,2,40,3.772003,1,1000,5,27.1,14.69339,1.045259,13.0605,-0.369339,-0.369339,1,0,16,0,15.06424,15.06424,1,1,150,0,0,0,127,30,0,0,30,1,-118.9435,
212.9916,1223.94,31.06853,0.002711187,0,92.29683,19.19701,14.40573,97.38338,280.5795,229.3526,0,2,1.723716,287.86,300,0.7,0,0,45.0258,45.0258,1,1,0.991599,1.009588,300,0.7069721,0,0,325.3157,1,0,1,1,18.69336,1.899045,0,1,270,236,0,0,0,1,1.008394,0,1,1,2,40,3.772003,1,1000,5,27.1,14.69373,1.051267,13.05943,-0.2641697,-0.2641697,1,0,16,0,14.95818,14.95818,1,1,150,0,0,0,127,30,0,0,30,1,-118.9315,
213.0932,1231.072,30.47784,0,0,92.28638,19.18372,14.22626,97.42403,279.0706,227.3308,0,2,1.73376,287.35,300,0.7,0,0,44.67422,44.67422,1,1,1.004162,1.009634,300,0.687961,0,0,325.3157,1,0,1,1,18.76678,1.943436,0,1,270,240,0,0,0,1,1.008367,0,1,1,2,20,3.772003,1,1000,5,27.1,14.69731,1.051267,13.05943,-0.2980938,-0.2980938,1,0,16,0,14.99354,14.99354,1,1,150,0,0,0,127,30,0,0,30,1,-119.5222,
213.1964,1235.992,30.03784,0.03100424,0,92.25502,19.23245,14.14202,97.3529,277.6633,228.1319,0,2,1.740689,287.32,300,0.7,0,0,44.41158,44.41158,1,1,1.010059,1.009465,300,0.6738819,0,0,325.3157,1,0,1,1,18.81923,1.964496,0,1,270,232,0,0,0,1,1.008465,0,1,1,2,50,2.977175,1,1000,5,27.1,14.69979,1.051267,13.06386,-0.2964125,-0.2964125,1,0,16,0,14.99354,14.99354,1,1,150,0,0,0,127,30,0,0,30,1,-119.9622,
213.2973,1233.908,29.61592,0.01449996,0,92.51631,19.14828,14.17727,97.45451,269.3557,232.0993,0,2,1.737754,287.45,300,0.7,0,0,44.15525,44.15525,1,1,1.007591,1.009756,300,0.6606523,0,0,325.3157,1,0,1,1,18.81727,1.955683,0,1,270,240,0,0,0,1,1.008296,0,1,1,2,50,2.977175,1,1000,5,27.1,14.7,1.051267,13.06188,-0.3037481,-0.3037481,1,0,16,0,15.00237,15.00237,1,1,150,0,0,0,127,30,0,0,30,1,-120.3841,
213.399,1233.908,30.66469,0.01921546,0,92.35954,19.13647,14.30317,97.34274,279.9522,232.29,0,2,1.706906,287.56,300,0.7,0,0,44.78907,44.78907,1,1,0.9987778,1.009797,300,0.694052,0,0,325.3157,1,0,1,1,18.78222,1.924206,0,1,270,224,0,0,0,1,1.008273,0,1,1,2,20,2.977175,1,1000,5,27.1,14.69632,1.051267,13.06355,-0.2659168,-0.2659168,1,0,16,0,14.96592,14.96592,1,1,150,0,0,0,127,30,0,0,30,1,-119.3353,
213.5006,1240.336,30.94195,0.01921546,0,92.35954,19.13647,14.30501,97.4037,282.275,228.1129,0,2,1.757142,287.36,300,0.7,0,0,44.96128,44.96128,1,1,0.9986497,1.009797,300,0.7072715,0,0,325.3157,1,0,1,1,18.82168,1.923749,0,1,270,228,0,0,0,1,1.008273,0,1,1,2,50,2.977175,1,1000,5,27.1,14.69499,1.057528,13.0692,-0.3148146,-0.3148146,1,0,16,0,15.01121,15.01121,1,1,150,0,0,0,127,30,0,0,30,1,-119.058,
213.6028,1245.589,30.29099,0.02864648,0,92.29683,19.15714,14.28852,97.27161,281.2747,227.2736,0,2,1.754204,287.22,300,0.7,0,0,44.57101,44.57101,1,1,0.9998034,1.009726,300,0.686197,0,0,325.3157,1,0,1,1,18.88433,1.927869,0,1,270,232,0,0,0,1,1.008314,0,1,1,2,30,2.387901,1,1000,5,27.1,14.6985,1.057528,13.06493,-0.2752218,-0.2752218,1,0,16,0,14.97255,14.97255,1,1,150,0,0,0,127,30,0,0,30,1,-119.709,
213.703,1250.782,29.99565,0.0640128,0,92.52676,19.14828,13.89158,97.47484,281.6476,228.5515,0,2,1.771941,287.22,300,0.7,0,0,44.40321,44.40321,1,1,1.030842,1.009756,300,0.6768879,0,0,325.3157,1,0,1,1,18.93476,2.027105,0,1,270,228,0,0,0,1,1.008296,0,1,1,2,50,2.387901,1,1000,5,27.1,14.7,1.057528,13.06508,-0.3216772,-0.3216772,1,0,16,0,15.02005,15.02005,1,1,150,0,0,0,127,30,0,0,30,1,-120.0043,
213.8032,1255.073,29.38086,0,0,92.44315,19.18372,14.07059,97.32241,272.2209,230.2872,0,2,1.746643,287.55,300,0.7,0,0,44.07787,44.07787,1,1,1.015058,1.009634,300,0.658123,0,0,325.3157,1,0,1,1,18.99026,1.982351,0,1,270,224,0,0,0,1,1.008367,0,1,1,2,20,2.387901,1,1000,5,27.1,14.7,1.057528,13.06355,-0.2051535,-0.2051535,1,0,16,0,14.90515,14.90515,1,1,150,0,0,0,127,30,0,0,30,1,-120.6191,
213.9054,1259.71,30.44168,0.04515076,0,92.35954,19.14237,14.46433,97.28177,284.3943,229.9821,0,2,1.753097,287.24,300,0.7,0,0,44.76366,44.76366,1,1,0.9874969,1.009777,300,0.696128,0,0,325.3157,1,0,1,1,18.98709,1.889278,0,1,270,220,0,0,0,1,1.008285,0,1,1,2,50,2.387901,1,1000,5,27.1,14.69794,1.062865,13.06325,-0.2040491,-0.2040491,1,0,16,0,14.90405,14.90405,1,1,150,0,0,0,127,30,0,0,30,1,-119.5583,
214.0077,1260.24,29.97154,0.03571974,0,92.33864,19.03162,14.32881,97.28177,279.9013,227.0638,0,2,1.764335,287.44,300,0.7,0,0,44.48766,44.48766,1,1,0.9969831,1.010159,300,0.6811641,0,0,325.3157,1,0,1,1,19.00862,1.917797,0,1,270,216,0,0,0,1,1.008063,0,1,1,2,40,2.103787,1,1000,5,27.1,14.7,1.062865,13.06249,-0.2276783,-0.2276783,1,0,16,0,14.92725,14.92725,1,1,150,0,0,0,127,30,0,0,30,1,-120.0285,
214.1081,1257.493,29.71236,0,0,92.48495,19.13647,14.33248,97.33257,279.5962,226.9493,0,2,1.750011,287.26,300,0.7,0,0,44.30328,44.30328,1,1,0.9967267,1.009797,300,0.6723735,0,0,325.3157,1,0,1,1,18.99695,1.916881,0,1,270,228,0,0,0,1,1.008273,0,1,1,2,40,2.103787,1,1000,5,27.1,14.7,1.062865,13.06355,-0.2493448,-0.2493448,1,0,16,0,14.94935,14.94935,1,1,150,0,0,0,127,30,0,0,30,1,-120.2876,
214.2094,1264.862,29.17592,0.02628873,0,92.30728,19.11727,14.35445,97.2208,273.4756,229.4289,0,2,1.728645,287.5,300,0.7,0,0,44.06255,44.06255,1,1,0.9951884,1.009863,300,0.6566648,0,0,325.3157,1,0,1,1,19.0744,1.911387,0,1,270,232,0,0,0,1,1.008235,0,1,1,2,40,2.103787,1,1000,5,27.1,14.7,1.062865,13.06386,-0.2316685,-0.2316685,1,0,16,0,14.93167,14.93167,1,1,150,0,0,0,127,30,0,0,30,1,-120.8241,
214.3116,1260.822,30.05593,0.05929728,0,92.33864,19.12465,14.14202,97.13951,276.8326,228.5134,0,2,1.775658,286.82,300,0.7,0,0,44.54423,44.54423,1,1,1.010059,1.009838,300,0.6838709,0,0,325.3157,1,0,1,1,19.00997,1.964496,0,1,270,224,0,0,0,1,1.008249,0,1,1,2,50,2.103787,1,1000,5,27.1,14.69974,1.062865,13.06416,-0.2029438,-0.2029438,1,0,16,0,14.90294,14.90294,1,1,150,0,0,0,127,30,0,0,30,1,-119.9441,
214.413,1258.97,29.91127,0.02628873,0,92.32819,19.0774,14.3311,97.20048,277.1208,228.399,0,2,1.752067,287.58,300,0.7,0,0,44.43824,44.43824,1,1,0.9968229,1.010001,300,0.6816114,0,0,325.3157,1,0,1,1,19.00105,1.917225,0,1,270,232,0,0,0,1,1.008155,0,1,1,2,30,2.103787,1,1000,5,27.1,14.7,1.066962,13.06188,-0.170907,-0.170907,1,0,16,0,14.87091,14.87091,1,1,150,0,0,0,127,30,0,0,30,1,-120.0887,
214.5151,1240.541,29.32058,0.04279301,0,92.40134,19.19553,14.09028,97.36306,277.0699,227.884,0,2,1.736757,287.28,300,0.7,0,0,43.98061,43.98061,1,1,1.01368,1.009593,300,0.661158,0,0,325.3157,1,0,1,1,18.87895,1.97743,0,1,270,240,0,0,0,1,1.008391,0,1,1,2,50,1.767826,1,1000,5,27.1,14.7,1.066962,13.0631,-0.1297083,-0.1297083,1,0,16,0,14.82971,14.82971,1,1,150,0,0,0,127,30,0,0,30,1,-120.6794,
214.6155,1235.941,29.21811,0.02628873,0,92.33864,19.10102,14.18597,97.23096,266.4056,229.5243,0,2,1.730318,287.31,300,0.7,0,0,43.916,43.916,1,1,1.006982,1.00992,300,0.6579689,0,0,325.3157,1,0,1,1,18.84647,1.953508,0,1,270,228,0,0,0,1,1.008202,0,1,1,2,50,1.767826,1,1000,5,27.1,14.7,1.066962,13.06355,-0.1286516,-0.1286516,1,0,16,0,14.82865,14.82865,1,1,150,0,0,0,127,30,0,0,30,1,-120.7819,
214.7177,1225.941,29.74853,0.03100424,0,92.50586,19.13942,14.10539,97.25128,280.2743,231.4889,0,2,1.706101,287.48,300,0.7,0,0,44.23047,44.23047,1,1,1.012623,1.009787,300,0.6746734,0,0,325.3157,1,0,1,1,18.75109,1.973652,0,1,270,228,0,0,0,1,1.008279,0,1,1,2,40,1.767826,1,1000,5,27.1,14.7,1.066962,13.06432,-0.1297083,-0.1297083,1,0,16,0,14.82971,14.82971,1,1,150,0,0,0,127,30,0,0,30,1,-120.2515,
214.8191,1231.881,32.87072,3.204541,0,92.48495,19.10693,14.45655,97.21064,284.7503,230.8595,0,2,2.576684,281.3,300,0.7,0,0,46.12047,92.20604,1,1,0.9880417,1.009899,300,1.555861,46.08557,1.023901,592.3762,1,0,1,1,18.6937,1.890575,0,1,270,228,0,0,0,1,1.008214,0,1,1,2,20,1.767826,1,1000,6,25,14.68391,1.066962,13.06554,-0.1583281,-0.1583281,1,0,16,0,14.8445,14.8445,1,1,150,0,0,0,127,30,0,0,30,1,-117.1293,
214.9192,1230.265,41.82745,3.46861,0,92.4327,19.11284,14.3984,97.20048,282.5123,241.4836,0,2,2.921878,278.44,300,0.7,0,0,47.06739,93.15295,1,1,0.9921118,1.009879,300,1.880089,46.08557,1.023901,592.3762,1,0,1,1,18.38726,1.900399,0,1,270,232,0,0,0,1,1.008226,0,1,1,2,40,1.767826,1,1000,6,25,14.64102,1,13.06538,-0.2194395,-0.2194395,1,0,8,0,14.86096,14.86096,1,1,150,0,0,0,127,30,0,0,30,1,-108.1725,
215.0218,1298.926,44.17813,3.532269,0,92.52676,19.13647,14.11638,97.21064,279.6979,244.7643,0,2,2.305594,282.61,300,0.7,0,0,49.80606,49.80606,1,1,1.011854,1.009797,300,1.058869,0,0,592.3762,1,0,1,1,18.89373,1.970906,0,1,270,224,0,0,0,1,1.008273,0,1,1,2,30,1.767826,1,1000,6,25,14.67994,1,13.05943,-0.3350582,-0.3350582,1,0,8,0,15.01895,15.01895,1,1,150,0,0,0,127,30,0,0,30,1,-105.8219,
215.123,1475.071,49.39787,7.853641,0,92.49541,19.13056,14.21344,97.27161,306.1638,248.064,0,2,4.019569,270.24,300,0.7,0,0,58.462,96.87567,1,1,1.005059,1.009817,300,2.281195,38.41367,0.6896227,284.7878,1,0,1,1,20.39112,1.94664,0,1,270,240,0,0,0,1,1.008261,0,1,1,2,50,1.767826,1,1000,6,25,14.81976,1,13.06584,-0.1845684,-0.1845684,1,0,8,0,15.00237,15.00237,1,1,150,0,0,0,127,30,0,0,30,1,-100.6021,
215.2242,1716.738,71.04831,14.77408,0,92.70444,19.13647,14.30867,97.3529,336.6479,275.5875,0,2,6.2804,252.28,300,0.7,0,0,69.74265,105.847,1,1,0.9983933,1.009797,300,3.645255,36.10438,0.5335702,197.0082,1,0,1,1,23.89704,1.922833,0,1,270,248,0,0,0,1,1.008273,0,1,1,2,20,1.767826,1,1000,6,25,14.57409,1,13.05943,0.9199524,0.9199524,1,0,8,0,13.69914,13.69914,1,1,150,0,0,0,128,30,0,0,30,1,-78.95169,
215.325,2145.309,77.30476,15.91677,0,92.61037,19.15862,14.30317,97.41386,369.2853,278.0098,0,2,6.864988,246.94,300,0.7,0,0,70.33747,70.33747,1,1,0.9987778,1.009721,300,2.656286,0,0,197.0082,1,0,1,1,25.96647,1.924206,0,1,270,320,0,0,0,1,1.008317,0,1,1,2,10,1.108647,1,1000,6,25,14.46043,1,13.06004,0.7739153,0.7739153,1,0,8,0,13.65935,13.65935,1,1,150,0,0,0,127,30,0,0,30,1,-72.69524,
215.4277,2788.882,75.42421,16.52145,0,92.69398,19.08921,14.27387,97.43419,386.0193,274.6529,0,2,8.296165,236.25,300,0.7,0,0,74.51326,74.51326,1,1,1.000829,1.00996,300,2.73129,0,0,197.0082,1,0,1,1,29.901,1.931532,0,1,270,244,0,0,0,1,1.008178,0,1,1,2,40,1.108647,1,1000,6,25,14.53727,1,13.06325,1.649111,1.649111,1,0,8,0,12.87044,12.87044,1,1,150,0,0,0,127,30,0,0,30,1,-74.57579,
215.5293,3238.342,70.39735,17.43799,0,92.88211,19.11284,14.11271,97.42403,414.3163,269.77,0,2,8.851468,235.4,300,0.7,0,0,69.59834,69.59834,1,1,1.01211,1.009879,300,2.275197,0,0,197.0082,1,0,1,1,34.38598,1.971821,0,1,274.7668,232,0,0,0,1,1.008226,0,1,1,2,40,1.108647,1,1000,6,25,14.68808,0.9654661,13.06233,1.26551,1.26551,1,0,16,0,13.41859,13.41859,1,1,150,0,0,0,126,30,0,0,30,1,-79.60265,
215.6316,3520.3,69.4631,17.60463,0,92.53721,19.1468,14.02481,97.33257,410.6033,274.3095,0,2,9.211452,232.74,300,0.7,0,0,68.50904,68.50904,1,1,1.018263,1.009761,300,2.206354,0,0,197.0082,1,0,1,1,36.60382,1.993797,0,1,280.812,276,0,0,0,1,1.008294,0,1,1,2,40,1.108647,1,1000,6,25,14.71074,0.9654661,13.0631,0.5666733,0.5666733,1,0,16,0,14.16842,14.16842,1,1,150,0,0,0,125,30,0,0,30,1,-80.5369,
215.733,3626.254,68.13104,17.70223,0,92.62082,19.05229,14.28852,97.28177,413.1126,272.0588,0,2,9.518917,232.07,300,0.7,0,0,68.33241,68.33241,1,1,0.9998034,1.010088,300,2.153623,0,0,197.0082,1,0,1,1,37.36544,1.927869,0,1,285.0502,296,0,0,0,1,1.008105,0,1,1,2,20,2.411576,1,1000,6,25,14.73738,0.9649141,13.06279,-0.8077183,-0.8077183,1,0,16,0,15.54871,15.54871,1,1,150,0,0,0,125,30,0,0,30,1,-81.86896,
215.8374,3597.122,67.86584,17.59035,0,92.65218,19.14089,14.17864,97.4037,420.1487,268.5492,0,2,9.502398,231.98,300,0.7,0,0,68.08301,68.08301,1,1,1.007495,1.009782,300,2.136369,0,0,197.0082,1,0,1,1,37.34909,1.955339,0,1,283.8849,284,0,0,0,1,1.008282,0,1,1,2,50,2.411576,1,1000,6,25,14.74268,0.9649141,13.06493,-0.9855337,-0.9855337,1,0,16,0,15.71857,15.71857,1,1,150,0,0,0,125,30,0,0,30,1,-82.13416,
215.9393,3469.813,68.30584,16.77379,0,92.71488,19.1719,14.29585,97.32241,405.9578,268.2631,0,2,9.223919,233.93,300,0.7,0,0,67.75316,67.75316,1,1,0.9992906,1.009675,300,2.184195,0,0,197.0082,1,0,1,1,36.72612,1.926038,0,1,279.3962,288,0,0,0,1,1.008344,0,1,1,2,30,2.411576,1,1000,6,25,14.73388,0.9843885,13.06279,-0.9501991,-0.9501991,1,0,16,0,15.68083,15.68083,1,1,150,0,0,0,126,30,0,0,30,1,-81.69416,
216.0415,3281.199,69.69817,16.87616,0,92.8403,19.13647,14.34713,97.4037,399.7186,270.9907,0,2,9.160013,234.91,300,0.7,0,0,68.97752,68.97752,1,1,0.9957012,1.009797,300,2.318801,0,0,197.0082,1,0,1,1,34.9449,1.913218,0,1,275.624,268,0,0,0,1,1.008273,0,1,1,2,30,2.411576,1,1000,6,25,14.70604,1.004045,13.06035,-0.9434376,-0.9434376,1,0,16,0,15.62067,15.62067,1,1,150,0,0,0,126,30,0,0,30,1,-80.30183,
216.1422,3162.222,74.01379,17.18088,0,92.74624,19.17929,14.25556,97.45451,409.7895,276.1978,0,2,9.144092,235.15,300,0.7,0,0,71.67245,71.67245,1,1,1.002111,1.009649,300,2.580615,0,0,197.0082,1,0,1,1,32.57064,1.93611,0,1,273.2444,228,0,0,0,1,1.008359,0,1,1,2,30,2.479339,1,1000,6,25,14.57959,1.004045,13.06188,-1.215751,-1.215751,1,0,16,0,15.84597,15.84597,1,1,150,0,0,0,126,30,0,0,30,1,-75.98621,
216.2423,3087.055,75.12284,17.43799,0,92.85075,19.11874,14.06235,97.37322,396.0903,277.2087,0,2,9.749949,228.6,300,0.7,0,0,72.62703,72.62703,1,1,1.015635,1.009858,300,2.73683,0,0,197.0082,1,0,1,1,31.75807,1.984412,0,1,271.7411,256,0,0,0,1,1.008237,0,1,1,2,10,2.479339,1,1000,6,25,14.54632,1.032863,13.06203,-1.397533,-1.397533,1,0,16,0,15.91202,15.91202,1,1,150,0,0,0,126,30,0,0,30,1,-74.87716,
216.3465,3049.09,77.5338,17.35228,0,92.92391,19.12465,14.30317,97.51548,407.9923,281.0807,0,2,9.680862,230.97,300,0.7,0,0,73.66608,73.66608,1,1,0.9987778,1.009838,300,2.879369,0,0,197.0082,1,0,1,1,30.7459,1.924206,0,1,270.9818,272,0,0,0,1,1.008249,0,1,1,2,20,3.88601,1,1000,6,25,14.47399,1.032863,13.06386,-0.8484821,-0.8484821,1,0,16,0,15.35701,15.35701,1,1,150,0,0,0,126,30,0,0,30,1,-72.4662,
216.4471,3043.522,78.46805,17.36181,0,92.62082,19.07887,14.2757,97.26144,394.0897,278.8491,0,2,9.983783,228.28,300,0.7,0,0,74.00533,74.00533,1,1,1.000701,1.009996,300,2.967607,0,0,197.0082,1,0,1,1,30.40834,1.931074,0,1,270.8705,276,0,0,0,1,1.008158,0,1,1,2,20,3.88601,1,1000,6,25,14.44596,1.044923,13.06493,-0.3269119,-0.3269119,1,0,16,0,14.78426,14.78426,1,1,150,0,0,0,127,30,0,0,30,1,-71.53195,
216.549,3049.09,77.87134,17.11422,0,92.85075,19.14828,14.2084,97.31226,405.89,279.078,0,2,10.062,227.12,300,0.7,0,0,73.77621,73.77621,1,1,1.005412,1.009756,300,2.931996,0,0,197.0082,1,0,1,1,30.63326,1.947899,0,1,270.9818,276,0,0,0,1,1.008296,0,1,1,2,40,5.232558,1,1000,6,25,14.46386,1.044923,13.06279,0.2257719,0.2257719,1,0,16,0,14.22489,14.22489,1,1,150,0,0,0,127,30,0,0,30,1,-72.12866,
216.6518,3053.124,77.93764,16.16674,0,92.89256,19.14385,14.17864,97.45451,409.7895,281.4622,0,2,9.871769,228.36,300,0.7,0,0,73.77259,73.77259,1,1,1.007495,1.009771,300,2.920587,0,0,197.0082,1,0,1,1,30.63036,1.955339,0,1,271.0625,232,0,0,0,1,1.008288,0,1,1,2,50,6.612784,1,1000,6,25,14.46187,1.039873,13.06432,0.3929777,0.3929777,1,0,16,0,14.09783,14.09783,1,1,150,0,0,0,127,30,0,0,30,1,-72.06236,
216.7528,3048.781,76.92503,15.91916,0,92.75669,19.13647,14.39108,97.25128,391.6482,279.2306,0,2,9.730691,230.33,300,0.7,0,0,73.46944,73.46944,1,1,0.9926245,1.009797,300,2.864809,0,0,197.0082,1,0,1,1,30.94748,1.90223,0,1,270.9756,276,0,0,0,1,1.008273,0,1,1,2,20,6.880734,1,1000,6,25,14.49225,1.039873,13.06325,0.626379,0.626379,1,0,16,0,13.88124,13.88124,1,1,150,0,0,0,126,30,0,0,30,1,-73.07497,
216.8535,3029.079,76.039,15.13593,0,92.79849,19.10102,14.18963,97.24112,397.4297,275.3395,0,2,9.794023,228,300,0.7,0,0,73.30891,73.30891,1,1,1.006726,1.00992,300,2.78408,0,0,197.0082,1,0,1,1,31.13984,1.952592,0,1,270.5816,220,0,0,0,1,1.008202,0,1,1,2,40,7.698888,1,1000,6,25,14.51883,1.026411,13.06126,0.5531454,0.5531454,1,0,16,0,13.91542,13.91542,1,1,150,0,0,0,126,30,0,0,30,1,-73.961,
216.9551,3003.604,71.69927,11.62453,0,92.90301,19.15862,14.21619,97.42403,398.0909,272.0779,0,2,8.935722,236.32,300,0.7,0,0,71.84055,71.84055,1,1,1.004867,1.009721,300,2.54953,0,0,197.0082,1,0,1,1,32.40517,1.945953,0,1,270.0721,232,0,0,0,1,1.008317,0,1,1,2,20,9.825328,1,1000,6,25,14.64902,1.026411,13.06004,0.5387249,0.5387249,1,0,16,0,14.09312,14.09312,1,1,150,0,0,0,126,30,0,0,30,1,-78.30073,
217.0558,2896.871,63.7431,10.21521,0,92.79849,19.05672,14.20062,97.28177,392.0382,263.9715,0,2,7.72499,243.38,300,0.7,0,0,69.55073,69.55073,1,1,1.005957,1.010073,300,2.135907,0,0,197.0082,1,0,1,1,33.91096,1.949845,0,1,270,224,0,0,0,1,1.008113,0,1,1,2,10,9.297521,1,1000,6,25,14.82514,1.010927,13.06188,0.9415274,0.9415274,1,0,16,0,13.85625,13.85625,1,1,150,0,0,0,127,30,0,0,30,1,-86.2569,
217.1561,2697.357,63.58036,10.18664,0,93.01797,19.11284,14.35766,97.41386,388.749,264.5819,0,2,6.968171,251.25,300,0.7,0,0,69.15136,69.15136,1,1,0.9949641,1.009879,300,2.117585,0,0,197.0082,1,0,1,1,32.13237,1.910586,0,1,270,220,0,0,0,1,1.008226,0,1,1,2,30,11.62791,1,1000,6,25,14.82839,1.010927,13.06325,1.410625,1.410625,1,0,16,0,13.42114,13.42114,1,1,150,0,0,0,127,30,0,0,30,1,-86.41965,
217.2576,2505.847,63.01378,7.841737,0,92.80894,19.09364,14.45334,97.44435,367.5898,264.1432,0,2,6.306382,255.34,300,0.7,0,0,66.75312,66.75312,1,1,0.988266,1.009945,300,1.97478,0,0,197.0082,1,0,1,1,30.44606,1.891109,0,1,270,220,0,0,0,1,1.008187,0,1,1,2,10,11.82654,1,1000,6,25,14.835,0.9858147,13.06554,1.113155,1.113155,1,0,16,0,13.69506,13.69506,1,1,150,0,0,0,127,30,0,0,30,1,-86.98622,
217.3585,2344.116,58.98747,7.141837,0,92.96572,19.10102,14.32881,97.39355,363.3343,261.759,0,2,5.45007,261.21,300,0.7,0,0,62.79262,62.79262,1,1,0.9969831,1.00992,300,1.73014,0,0,197.0082,1,0,1,1,28.82836,1.917797,0,1,270,208,0,0,0,1,1.008202,0,1,1,2,40,12.01602,1,1000,6,25,14.91013,0.9858147,13.06004,1.092135,1.092135,1,0,16,0,13.80728,13.80728,1,1,150,0,0,0,127,30,0,0,30,1,-91.01253,
217.46,2306.628,58.32446,7.108509,0,92.87166,19.10988,14.13011,97.4037,376.4909,259.966,0,2,5.132246,263.04,300,0.7,0,0,62.022,62.022,1,1,1.010892,1.009889,300,1.643417,0,0,197.0082,1,0,1,1,28.33276,1.967472,0,1,270,196,0,0,0,1,1.00822,0,1,1,2,40,11.8421,1,1000,6,25,14.91676,0.9592507,13.06783,1.321339,1.321339,1,0,16,0,13.6012,13.6012,1,1,150,0,0,0,127,30,0,0,30,1,-91.67554,
217.5611,2381.141,56.98638,7.091845,0,93.00752,19.06854,14.2725,97.4037,384.6291,258.9361,0,2,5.079768,263.07,300,0.7,0,0,62.10502,62.10502,1,1,1.000925,1.010032,300,1.606518,0,0,197.0082,1,0,1,1,29.35507,1.931875,0,1,270,208,0,0,0,1,1.008137,0,1,1,2,30,11.82654,1,1000,6,25,14.93014,0.9592507,13.06432,1.151111,1.151111,1,0,16,0,13.78994,13.78994,1,1,150,0,0,0,127,30,0,0,30,1,-93.01363,
217.6627,2534.426,53.55075,7.053755,0,93.16429,19.11284,14.00467,97.44435,383.1371,257.1241,0,2,5.343415,260.85,300,0.7,0,0,61.90324,61.90324,1,1,1.019673,1.009879,300,1.501208,0,0,197.0082,1,0,1,1,31.96287,1.998834,0,1,270,212,0,0,0,1,1.008226,0,1,1,2,50,12.48266,1,1000,6,25,14.96449,0.9592507,13.06386,0.3816786,0.3816786,1,0,16,0,14.57775,14.57775,1,1,150,0,0,0,127,30,0,0,30,1,-96.44925,
217.7633,2627.43,51.49541,6.982336,0,93.1852,19.06854,14.37643,97.47484,377.2878,247.7207,0,2,5.298652,261.21,300,0.7,0,0,61.04044,61.04044,1,1,0.9936501,1.010032,300,1.421544,0,0,197.0082,1,0,1,1,33.55119,1.905893,0,1,270,220,0,0,0,1,1.008137,0,1,1,2,20,13.0246,1,1000,6,25,14.98505,0.9592084,13.06126,-0.2110462,-0.2110462,1,0,16,0,15.1935,15.1935,1,1,150,0,0,0,127,30,0,0,30,1,-98.50459,
217.8653,2600.104,43.52115,3.732678,0,93.11204,19.06263,14.2139,97.48499,386.3076,243.5817,0,2,4.333507,268.94,300,0.7,0,0,52.37245,52.37245,1,1,1.005027,1.010052,300,1.029788,0,0,197.0082,1,0,1,1,34.79716,1.946526,0,1,270,228,0,0,0,1,1.008125,0,1,1,2,30,13.10044,1,1000,6,25,15,0.9592084,13.06264,0.3272972,0.3272972,1,0,16,0,14.6727,14.6727,1,1,150,0,0,0,127,30,0,0,30,1,-106.4789,
217.9694,2584.87,37.63237,3.534626,0,93.16429,19.09364,14.14202,97.45451,386.8671,239.4045,0,2,3.661899,272.96,300,0.7,0,0,44.43955,44.43955,1,1,1.010059,1.009945,300,0.7480172,0,0,197.0082,1,0,1,1,34.9723,1.964496,0,1,270,216,0,0,0,1,1.008187,0,1,1,2,30,13.06241,1,1000,6,25,15,0.9496593,13.06783,0.5364742,0.5364742,1,0,16,0,14.46353,14.46353,1,1,150,0,0,0,127,30,0,0,30,1,-112.3676,
218.0735,2641.775,34.36552,3.600644,0,92.94482,19.04343,14.34713,97.29193,383.2558,231.8894,0,2,3.566397,274.04,300,0.7,0,0,40.95519,40.95519,1,1,0.9957012,1.010119,300,0.6295694,0,0,197.0082,1,0,1,1,35.70469,1.913218,0,1,270,252,0,0,0,1,1.008087,0,1,1,2,10,13.19648,1,1000,6,25,15,0.9496593,13.06538,0.8692322,0.8692322,1,0,16,0,14.13077,14.13077,1,1,150,0,0,0,127,30,0,0,30,1,-115.6345,
218.175,2639.219,33.43127,3.725605,0,93.11204,19.10102,14.09761,97.33257,388.4608,235.6088,0,2,3.452978,275.58,300,0.7,0,0,39.68582,39.68582,1,1,1.013168,1.00992,300,0.5825811,0,0,197.0082,1,0,1,1,35.67985,1.975598,0,1,270,220,0,0,0,1,1.008202,0,1,1,2,40,13.13869,1,1000,6,25,15,0.93231,13.06554,0.8262901,0.8262901,1,0,16,0,14.17371,14.17371,1,1,150,0,0,0,127,30,0,0,30,1,-116.5687,
218.2778,2591.121,33.81703,3.86707,0,92.97617,19.05672,14.49363,97.31226,390.1732,235.4562,0,2,3.325272,275.74,300,0.7,0,0,39.41393,39.41393,1,1,0.9854457,1.010073,300,0.5853032,0,0,197.0082,1,0,1,1,35.1126,1.884394,0,1,270,268,0,0,0,1,1.008113,0,1,1,2,30,13.31361,1,1000,6,25,15,0.93231,13.06416,-0.2155943,-0.2155943,1,0,16,0,15.21559,15.21559,1,1,150,0,0,0,127,30,0,0,30,1,-116.183,
218.3803,2631.579,35.17319,5.024727,0,93.2479,19.13647,14.27021,97.49516,389.5459,238.2029,0,2,3.72807,272.63,300,0.7,0,0,41.85841,47.49552,1,1,1.001085,1.009797,300,0.7335172,5.637103,0.1416239,53.89145,1,0,1,1,35.57764,1.932448,0,1,270,240,0,0,0,1,1.008273,0,1,1,2,20,13.21586,1,1000,6,25,15,0.93231,13.06416,-2.070663,-2.070663,1,0,16,0,17.07066,17.07066,1,1,150,0,0,0,127,30,0,0,30,1,-114.8268,
218.4815,2713.459,37.34306,5.519855,0,93.25835,19.11874,14.16399,97.55613,394.6322,239.1184,0,2,4.273698,269,300,0.7,0,0,45.89555,51.82187,1,1,1.008521,1.009858,300,0.8921888,5.926326,0.1390889,53.23288,1,0,1,1,36.585,1.959002,0,1,270,220,0,0,0,1,1.008237,0,1,1,2,30,13.37296,1,1000,6,25,15,0.9788973,13.06386,-4.047379,-4.047379,1,0,16,0,19.04738,19.04738,1,1,150,0,0,0,127,30,0,0,30,1,-112.6569,
218.5823,2742.23,38.41594,5.786282,0,93.17474,19.0774,14.22626,97.57645,386.4262,235.914,0,2,4.227605,269.07,300,0.7,0,0,47.6612,47.6612,1,1,1.004162,1.010001,300,0.8441819,0,0,53.23288,1,0,1,1,36.96208,1.943436,0,1,270,220,0,0,0,1,1.008155,0,1,1,2,30,13.78254,1,1000,6,25,15,0.9788973,13.06188,-4.951305,-4.951305,1,0,16,0,19.95131,19.95131,1,1,150,0,0,0,127,30,0,0,30,1,-111.5841,
218.6845,2623.754,40.5858,6.000837,0,93.08068,18.99766,14.13881,97.42403,378.5763,236.2383,0,2,4.416652,268.44,300,0.7,0,0,48.89976,48.89976,1,1,1.010283,1.010277,300,1.003977,0,0,53.23288,1,0,1,1,35.43368,1.965297,0,1,270,212,0,0,0,1,1.007995,0,1,1,2,40,13.35312,1,1000,6,25,15,1.073917,13.06355,-3.249405,-3.249405,1,0,16,0,18.2494,18.2494,1,1,150,0,0,0,127,30,0,0,30,1,-109.4142,
218.7865,2581.311,43.01485,6.149376,0,93.2061,19.04934,14.4071,97.60693,388.4269,244.5354,0,2,4.388229,267.39,300,0.7,0,0,51.62747,51.62747,1,1,0.9915029,1.010098,300,1.123337,0,0,53.23288,1,0,1,1,34.64619,1.898816,0,1,270,216,0,0,0,1,1.008099,0,1,1,2,40,13.19648,1,1000,6,25,15,1.073917,13.06554,-2.620298,-2.620298,1,0,16,0,17.6203,17.6203,1,1,150,0,0,0,127,30,0,0,30,1,-106.9852,
218.889,2704.164,44.67238,7.453698,0,93.09113,19.00947,14.4039,97.36306,385.0699,244.8405,0,2,5.137912,260.76,300,0.7,0,0,54.75573,54.75573,1,1,0.9917272,1.010236,300,1.152215,0,0,55.26245,1,0,1,1,35.95033,1.89935,0,1,270,232,0,0,0,1,1.008019,0,1,1,2,20,13.35312,1,1000,6,25,15,1,13.06523,-2.243134,-2.243134,1,0,8,0,17.24313,17.24313,1,1,150,0,0,0,127,30,0,0,30,1,-105.3276,
218.9905,2817.43,48.90965,9.229634,0,93.14339,19.0331,14.2377,97.44435,398.7691,248.9223,0,2,5.611382,261.33,300,0.7,0,0,60.12013,60.12013,1,1,1.003361,1.010154,300,1.385047,0,0,104.4189,1,0,1,1,36.53782,1.940574,0,1,270,212,0,0,0,1,1.008066,0,1,1,2,10,13.97515,1,1000,6,25,15,1,13.06432,-1.219965,-1.219965,1,0,8,0,16.21996,16.21996,1,1,150,0,0,0,127,30,0,0,30,1,-101.0903,
219.0922,2796.421,53.46637,9.710518,0,93.23746,19.06116,14.09074,97.48499,395.6664,255.2739,0,2,6.058911,257.13,300,0.7,0,0,64.71534,64.71534,1,1,1.013648,1.010057,300,1.65881,0,0,104.4189,1,0,1,1,35.28516,1.977315,0,1,270,220,0,0,0,1,1.008122,0,1,1,2,30,14.26307,1,1000,6,25,14.96534,1.01548,13.06325,-0.6271248,-0.6271248,1,0,16,0,15.60415,15.60415,1,1,150,0,0,0,127,30,0,0,30,1,-96.53363,
219.194,2754.315,57.8061,11.54359,0,93.30016,19.09955,14.29585,97.5358,387.5114,257.0287,0,2,7.000551,247,300,0.7,0,0,66.62313,78.87566,1,1,0.9992906,1.009925,300,2.192112,12.25252,0.1881088,73.73795,1,0,1,1,33.84793,1.926038,0,1,270,216,0,0,0,1,1.008199,0,1,1,2,20,13.71951,1,1000,6,25,14.92194,1.01548,13.06188,-0.5215263,-0.5215263,1,0,16,0,15.44491,15.44491,1,1,150,0,0,0,127,30,0,0,30,1,-92.19389,
219.2953,2924.262,67.28721,15.12641,0,93.22701,19.04786,14.40802,97.45451,403.3977,271.2959,0,2,9.113949,233.57,300,0.7,0,0,70.72173,88.34484,1,1,0.9914388,1.010103,300,2.846614,17.62311,0.2562305,103.8254,1,0,1,1,33.18882,1.898664,0,1,270,220,0,0,0,1,1.008096,0,1,1,2,30,14.08451,1,1000,6,25,14.75426,1,13.06264,-1.179774,-1.179774,1,0,7,0,15.96393,15.96393,1,1,150,0,0,0,126,30,0,0,30,1,-82.71279,
219.3955,3081.664,67.82365,12.85293,0,93.25835,19.05525,14.3398,97.48499,395.1748,270.7046,0,2,8.320494,239.78,300,0.7,0,0,69.7064,69.7064,1,1,0.996214,1.010078,300,2.265584,0,0,103.8254,1,0,1,1,34.17189,1.91505,0,1,271.6333,276,0,0,0,1,1.008111,0,1,1,2,30,15.22843,1,1000,6,25,14.74353,1,13.06294,0.0003671646,0.0003671646,1,0,7,0,14.75678,14.75678,1,1,150,0,0,0,126,30,0,0,30,1,-82.17635,
219.4962,3012.351,44.15403,1.469234,0,93.03888,19.0331,14.25785,97.47484,395.0052,242.4754,0,2,5.522643,260.52,300,0.7,0,0,54.26072,54.26072,1,1,1.001951,1.010154,300,1.113469,0,0,103.8254,1,0,1,1,40.0358,1.935538,0,1,270.247,248,0,0,0,1,1.008066,0,1,1,2,20,15.28014,1,1000,6,25,15,0.9866706,13.06249,0.4925508,0.4925508,1,0,16,0,14.50745,14.50745,1,1,150,0,0,0,127,30,0,0,30,1,-105.846,
219.5974,2854.424,27.6088,0.2479176,0,93.04933,19.02128,14.30867,97.43419,397.6671,228.399,0,2,3.520457,275.06,300,0.7,0,0,38.83324,38.83324,1,1,0.9983933,1.010195,300,0.4982887,0,0,103.8254,1,0,1,1,37.96155,1.922833,0,1,270,212,0,0,0,1,1.008043,0,1,1,2,30,14.97504,1,1000,6,25,15,0.9866706,13.06416,0.734128,0.734128,1,0,16,0,14.26587,14.26587,1,1,150,0,0,0,127,30,0,0,30,1,-122.3912,
219.6984,2880.184,20.96057,0,0,93.37332,18.98584,14.23908,97.64758,403.3977,219.6822,0,2,3.1202,277.36,300,0.7,0,0,33.55904,33.55904,1,1,1.003265,1.010318,300,0.312542,0,0,103.8254,1,0,1,1,38.05077,1.940231,0,1,270,232,0,0,0,1,1.007972,0,1,1,2,10,14.44623,1,1000,6,25,15,0.9432268,13.06126,2.400046,2.400046,1,0,16,0,12.59995,12.59995,1,1,150,0,0,0,127,30,0,0,30,1,-129.0394,
219.7991,2778.292,19.30906,0.0121422,0,93.33152,19.03014,14.34713,97.72887,382.4419,215.8103,0,2,2.917207,277.56,300,0.7,0,0,32.32573,32.32573,1,1,0.9957012,1.010164,300,0.2773177,0,0,103.8254,1,0,1,1,36.99931,1.913218,0,1,270,216,0,0,0,1,1.00806,0,1,1,2,40,17.14286,1,1000,6,25,15,0.9432268,13.06477,3.30921,3.30921,1,0,16,0,11.69079,11.69079,1,1,150,0,0,0,127,30,0,0,30,1,-130.6909,
219.9004,2574.003,19.86358,0,0,93.31062,19.02128,14.16582,97.60693,386.5788,220.8457,0,2,2.724153,280.49,300,0.7,0,0,31.48087,31.48087,1,1,1.008392,1.010195,300,0.2778293,0,0,103.8254,1,0,1,1,34.98402,1.958544,0,1,270,212,0,0,0,1,1.008043,0,1,1,2,30,15.90106,1,1000,6,25,15,0.9432268,13.06188,3.472977,3.472977,1,0,16,0,11.52702,11.52702,1,1,150,0,0,0,127,30,0,0,30,1,-130.1364,
220.0008,2411.963,20.20112,0.005068941,0,93.33152,19.05525,14.14614,97.71871,370.4382,216.7258,0,2,2.572761,281.7,300,0.7,0,0,30.68992,30.68992,1,1,1.00977,1.010078,300,0.2920166,0,0,103.8254,1,0,1,1,32.94452,1.963466,0,1,270,216,0,0,0,1,1.008111,0,1,1,2,20,15.70681,1,1000,6,25,15,1,13.0634,3.358663,3.358663,1,0,6,0,11.64134,11.64134,1,1,150,0,0,0,128,30,0,0,30,1,-129.7989,
220.1047,2226.18,20.88824,0,0,93.38377,19.00504,14.10539,97.6679,372.3371,219.9111,0,2,2.393144,282.91,300,0.7,0,0,30.71343,30.71343,1,1,1.012623,1.010251,300,0.3022024,0,0,103.8254,1,0,1,1,30.14926,1.973652,0,1,270,220,0,0,0,1,1.00801,0,1,1,2,40,15.76182,1,1000,6,25,15,1,13.06157,2.742405,2.742405,1,0,6,0,12.2576,12.2576,1,1,150,0,0,0,127,30,0,0,30,1,-129.1118,
220.2063,2076.125,20.82194,0.01449996,0,93.37332,19.05672,14.16399,97.72887,358.231,219.4724,0,2,2.283737,283.72,300,0.7,0,0,33.71153,33.71153,1,1,1.008521,1.010073,300,0.3157243,0,0,103.8254,1,0,1,1,27.90804,1.959002,0,1,270,224,0,0,0,1,1.008113,0,1,1,2,50,15,1,1000,6,25,15,0.9549332,13.06355,1.674243,1.674243,1,0,16,0,13.32576,13.32576,1,1,150,0,0,0,127,30,0,0,30,1,-129.1781,
220.3066,1883.121,21.46084,0,0,93.19565,19.04343,14.21527,97.56629,341.9716,220.407,0,2,2.134204,284.96,300,0.7,0,0,38.39038,38.39038,1,1,1.004931,1.010119,300,0.3720328,0,0,103.8254,1,0,1,1,25.36806,1.946183,0,1,270,208,0,0,0,1,1.008087,0,1,1,2,20,14.95017,1,1000,6,25,14.94156,0.9549332,13.06401,-0.7498827,-0.7498827,1,0,16,0,15.69144,15.69144,1,1,150,0,0,0,127,30,0,0,30,1,-128.5392,
220.4085,1747.641,22.93756,0.03571974,0,93.1852,18.98584,14.41672,97.51548,330.4257,225.4044,0,2,2.053478,285.5,300,0.7,0,0,41.93182,41.93182,1,1,0.9908298,1.010318,300,0.4363272,0,0,103.8254,1,0,1,1,23.74505,1.897214,0,1,270,216,0,0,0,1,1.007972,0,1,1,2,30,14.90066,1,1000,6,25,14.87382,0.9549332,13.06401,-5.191716,-5.191716,1,0,16,0,20.06554,20.06554,1,1,150,0,0,0,127,30,0,0,30,1,-127.0624,
220.5085,1737.921,23.26304,1.007114,0,93.25835,18.99175,14.43137,97.42403,328.3911,220.0637,0,2,2.186884,283.95,300,0.7,0,0,42.40163,42.40163,1,1,0.9898043,1.010297,300,0.5222247,0,0,103.8254,1,0,1,1,23.62072,1.894772,0,1,270,224,0,0,0,1,1.007983,0,1,1,2,30,14.7541,1,1000,6,25,14.86896,1.114094,13.06584,-8.222467,-8.222467,1,0,16,0,23.09143,23.09143,1,1,150,0,0,0,127,30,0,0,30,1,-126.737,
220.6096,1866.02,31.43017,4.232522,0,93.17474,19.00799,14.23541,97.49516,342.6329,229.3526,0,2,3.623188,273.59,300,0.7,0,0,45.88905,81.48476,1,1,1.003521,1.010241,300,1.350065,35.59571,0.8249642,360.9174,1,0,1,1,24.41519,1.941146,0,1,270,216,0,0,0,1,1.008016,0,1,1,2,10,15.17707,1,1000,6,25,14.93301,1.114094,13.06462,-13.14281,-13.14281,1,0,16,0,28.07582,28.07582,1,1,150,0,0,0,128,30,0,0,30,1,-118.5698,
220.714,1897.653,38.63292,4.84318,0,93.12249,19.02719,14.13835,97.56629,341.6834,241.0258,0,2,3.273452,276.69,300,0.7,0,0,52.65184,52.65184,1,1,1.010315,1.010175,300,1.071102,0,0,360.9174,1,0,1,1,24.21704,1.965412,0,1,270,220,0,0,0,1,1.008054,0,1,1,2,40,15.43739,1,1000,6,25,14.94883,1.114094,13.06416,-18.24817,-18.24817,1,0,16,0,33.197,33.197,1,1,150,0,0,0,127,30,0,0,30,1,-111.3671,
220.8154,1746.827,45.13649,5.036516,0,93.19565,18.98289,14.38787,97.47484,327.0347,246.9387,0,2,3.449982,275.28,300,0.7,0,0,57.88205,57.88205,1,1,0.9928489,1.010328,300,1.380776,0,0,360.9174,1,0,1,1,22.41178,1.903032,0,1,270,204,0,0,0,1,1.007966,0,1,1,2,40,15.07538,1,1000,6,25,14.89509,1.114094,13.06355,-11.97023,-11.97023,1,0,16,0,26.86557,26.86557,1,1,150,0,0,0,127,30,0,0,30,1,-104.8635,
220.917,1821.272,48.49979,6.404013,0,93.42558,19.05672,14.24457,97.64758,326.8991,244.0013,0,2,4.143395,268.61,300,0.7,0,0,61.02747,61.02747,1,1,1.00288,1.010073,300,1.680119,0,0,360.9174,1,0,1,1,22.90955,1.938857,0,1,270,232,0,0,0,1,1.008113,0,1,1,2,40,14.97504,1,1000,6,25,14.93596,1.2,13.06355,-1.936749,-1.936749,1,0,16,0,16.87529,16.87529,1,1,150,0,0,0,127,30,0,0,30,1,-101.5002,
221.0191,1892.625,54.85267,7.251346,0,93.36287,19.03162,14.26288,97.71871,340.8696,255.9224,0,2,4.62116,267.36,300,0.7,0,0,63.3053,63.3053,1,1,1.001598,1.010159,300,1.973869,0,0,132.7827,1,0,1,1,22.97404,1.934279,0,1,270,216,0,0,0,1,1.008063,0,1,1,2,10,15.625,1,1000,6,25,14.91568,1.2,13.06203,-0.31353,-0.31353,1,0,16,0,15.23548,15.23548,1,1,150,0,0,0,127,30,0,0,30,1,-95.14733,
221.1206,1801.91,60.17487,7.46322,0,93.47784,19.10102,14.41855,97.78984,326.1531,266.2222,0,2,4.850141,264.71,300,0.7,0,0,65.9073,65.9073,1,1,0.9907017,1.00992,300,2.267208,0,0,132.7827,1,0,1,1,23.41798,1.896909,0,1,270,224,0,0,0,1,1.008202,0,1,1,2,40,15.12605,1,1000,6,25,14.82988,1.2,13.06065,-0.3784714,-0.3784714,1,0,16,0,15.21449,15.21449,1,1,150,0,0,0,127,30,0,0,30,1,-89.82513,
221.2236,1937.734,64.73762,9.579584,0,93.23746,18.93859,14.15026,97.56629,336.614,262.5982,0,2,6.042248,255.91,300,0.7,0,0,67.0914,88.95236,1,1,1.009482,1.010481,300,2.759387,21.86096,0.3298228,109.9409,1,0,1,1,25.27596,1.962436,0,1,270,236,0,0,0,1,1.007877,0,1,1,2,20,15.76182,1,1000,6,25,14.74695,1,13.06416,0.9796715,0.9796715,1,0,8,0,13.73587,13.73587,1,1,150,0,0,0,127,30,0,0,30,1,-85.26238,
221.3236,1922.338,69.05927,9.896206,0,93.46738,19.05525,14.06144,97.72887,348.6687,274.0425,0,2,5.190311,263.21,300,0.7,0,0,68.65041,68.65041,1,1,1.015699,1.010078,300,2.2902,0,0,109.9409,1,0,1,1,26.04095,1.984641,0,1,270,252,0,0,0,1,1.008111,0,1,1,2,30,16.04278,1,1000,6,25,14.62579,1,13.06355,1.057383,1.057383,1,0,8,0,13.59814,13.59814,1,1,150,0,0,0,127,30,0,0,30,1,-80.94073,
221.4264,1926.164,71.31351,9.939056,0,93.1852,19.00947,14.24823,97.51548,338.5807,266.7372,0,2,5.441412,260.09,300,0.7,0,0,69.38239,69.38239,1,1,1.002624,1.010236,300,2.399136,0,0,109.9409,1,0,1,1,25.69065,1.937941,0,1,270,244,0,0,0,1,1.008019,0,1,1,2,20,16.10018,1,1000,6,25,14.57211,1,13.06676,0.9102058,0.9102058,1,0,8,0,13.66088,13.66088,1,1,150,0,0,0,127,30,0,0,30,1,-78.68649,
221.5299,2021.7,70.05981,9.634338,0,93.28971,19.04343,14.1237,97.63742,348.1261,274.7292,0,2,5.525979,259.87,300,0.7,0,0,68.37685,68.37685,1,1,1.011341,1.010119,300,2.27427,0,0,109.9409,1,0,1,1,26.68766,1.969074,0,1,270,248,0,0,0,1,1.008087,0,1,1,2,50,16.60517,1,1000,6,25,14.6024,0.9811901,13.06294,0.3901558,0.3901558,1,0,16,0,14.21077,14.21077,1,1,150,0,0,0,127,30,0,0,30,1,-79.94019,
221.6301,1997.071,53.30363,1.391428,0,93.30016,18.96222,14.19009,97.5358,356.0778,258.8026,0,2,4.227133,269.02,300,0.7,0,0,61.48489,61.48489,1,1,1.006694,1.010399,300,1.518304,0,0,109.9409,1,0,1,1,23.67918,1.952478,0,1,270,224,0,0,0,1,1.007924,0,1,1,2,50,16.85393,1,1000,6,25,14.96599,0.9811901,13.06538,-0.3609695,-0.3609695,1,0,16,0,15.32497,15.32497,1,1,150,0,0,0,127,30,0,0,30,1,-96.69637,
221.7312,1980.721,38.06032,1.134433,0,93.22701,18.97403,14.20062,97.52564,354.8062,237.1347,0,2,3.10313,277.18,300,0.7,0,0,49.20142,49.20142,1,1,1.005957,1.010359,300,0.866103,0,0,109.9409,1,0,1,1,25.08862,1.949845,0,1,270,224,0,0,0,1,1.007948,0,1,1,2,30,16.63586,1,1000,6,25,14.99036,0.9811901,13.06188,-0.5701494,-0.5701494,1,0,16,0,15.56051,15.56051,1,1,150,0,0,0,127,30,0,0,30,1,-111.9397,
221.8335,2058.178,31.33976,1.346631,0,93.08068,19.00799,14.11775,97.47484,359.316,228.4562,0,2,2.727086,280.37,300,0.7,0,0,39.29215,39.29215,1,1,1.011757,1.010241,300,0.5755485,0,0,109.9409,1,0,1,1,26.73526,1.970562,0,1,270,220,0,0,0,1,1.008016,0,1,1,2,20,16.85393,1,1000,6,25,15,0.9922351,13.06569,0.1650076,0.1650076,1,0,16,0,14.83499,14.83499,1,1,150,0,0,0,127,30,0,0,30,1,-118.6602,
221.9338,2030.319,29.8751,2.707055,0,93.22701,18.98584,14.2226,97.51548,348.7365,228.9712,0,2,2.927044,279.32,300,0.7,0,0,39.81127,47.06404,1,1,1.004418,1.010318,300,0.6571929,7.252774,0.1858607,102.8166,1,0,1,1,26.3704,1.944351,0,1,270,220,0,0,0,1,1.007972,0,1,1,2,30,17.11027,1,1000,6,25,15,0.9922351,13.06554,1.344217,1.344217,1,0,16,0,13.65578,13.65578,1,1,150,0,0,0,127,30,0,0,30,1,-120.1249,
222.0364,2023.063,36.71621,5.628312,0,93.23746,19.03605,14.26517,97.55613,354.5518,239.6715,0,2,3.590937,273.75,300,0.7,0,0,45.99812,65.60205,1,1,1.001438,1.010144,300,1.12574,19.60392,0.4775114,166.6755,1,0,1,1,25.77231,1.933707,0,1,270,204,0,0,0,1,1.008072,0,1,1,2,40,16.91729,1,1000,6,25,15,0.9922351,13.06584,1.991561,1.991561,1,0,16,0,13.00844,13.00844,1,1,150,0,0,0,127,30,0,0,30,1,-113.2838,
222.137,2099.223,45.72718,7.329906,0,93.32107,19.01981,14.3984,97.5358,371.7946,248.6553,0,2,4.093485,270.59,300,0.7,0,0,54.40837,63.44255,1,1,0.9921118,1.0102,300,1.366512,9.034181,0.1692191,57.12112,1,0,1,1,26.24945,1.900399,0,1,270,228,0,0,0,1,1.00804,0,1,1,2,20,17.20841,1,1000,6,25,15,1,13.06279,1.721171,1.721171,1,0,8,0,13.27883,13.27883,1,1,150,0,0,0,127,30,0,0,30,1,-104.2728,
222.2379,2112.527,53.40609,8.851117,0,93.13294,18.95041,14.38787,97.58661,354.7044,251.2493,0,2,4.453912,268.07,300,0.7,0,0,60.24904,60.24904,1,1,0.9928489,1.01044,300,1.519253,0,0,57.12112,1,0,1,1,25.45568,1.903032,0,1,270,216,0,0,0,1,1.007901,0,1,1,2,30,17.89264,1,1000,6,25,14.96594,1,13.06355,-0.05029488,-0.05029488,1,0,8,0,15.01232,15.01232,1,1,150,0,0,0,127,30,0,0,30,1,-96.5939,
222.3388,2000.267,60.49432,8.934439,0,93.25835,19.03162,14.14202,97.57645,361.7575,264.1813,0,2,4.767303,265.59,300,0.7,0,0,64.75927,64.75927,1,1,1.010059,1.010159,300,1.859538,0,0,57.12112,1,0,1,1,24.77861,1.964496,0,1,270,236,0,0,0,1,1.008063,0,1,1,2,50,16.82243,1,1000,6,25,14.88517,1,13.06447,-0.9301605,-0.9301605,1,0,8,0,15.82473,15.82473,1,1,150,0,0,0,127,30,0,0,30,1,-89.50568,
222.4399,2151.155,62.86309,9.941438,0,93.13294,18.98584,14.40573,97.55613,357.8919,263.7808,0,2,5.431665,260.03,300,0.7,0,0,64.65952,64.65952,1,1,0.991599,1.010318,300,1.975063,0,0,57.12112,1,0,1,1,26.86175,1.899045,0,1,270,220,0,0,0,1,1.007972,0,1,1,2,40,17.75148,1,1000,6,25,14.82132,1.019222,13.06249,-1.737983,-1.737983,1,0,16,0,16.53529,16.53529,1,1,150,0,0,0,127,30,0,0,30,1,-87.1369,
222.5408,2135.383,64.57487,10.1057,0,93.13294,18.95631,14.31645,97.51548,366.5048,265.8217,0,2,5.463022,261.34,300,0.7,0,0,65.57983,65.57983,1,1,0.9978485,1.01042,300,2.064529,0,0,57.12112,1,0,1,1,26.94156,1.920887,0,1,270,224,0,0,0,1,1.007913,0,1,1,2,30,17.96407,1,1000,6,25,14.77308,1.019222,13.06508,-2.638189,-2.638189,1,0,16,0,17.40508,17.40508,1,1,150,0,0,0,127,30,0,0,30,1,-85.42513,
222.642,2137.361,66.68447,10.11046,0,93.26881,18.93711,14.35262,97.5358,374.4225,270.0942,0,2,5.753064,257.73,300,0.7,0,0,66.37426,66.37426,1,1,0.9953166,1.010486,300,2.280206,0,0,57.12112,1,0,1,1,27.25246,1.911845,0,1,270,212,0,0,0,1,1.007874,0,1,1,2,20,17.54386,1,1000,6,25,14.71477,1.072758,13.06188,-2.630672,-2.630672,1,0,16,0,17.36866,17.36866,1,1,150,0,0,0,127,30,0,0,30,1,-83.31553,
222.7442,2233.472,67.72118,10.12951,0,93.25835,19.00209,14.41031,97.68822,368.8106,271.6964,0,2,6.0676,255.75,300,0.7,0,0,66.13228,66.13228,1,1,0.9912785,1.010262,300,2.309566,0,0,57.12112,1,0,1,1,28.05657,1.898282,0,1,270,220,0,0,0,1,1.008004,0,1,1,2,30,18.48049,1,1000,6,25,14.69841,1.072758,13.06554,-2.268308,-2.268308,1,0,16,0,16.98308,16.98308,1,1,150,0,0,0,127,30,0,0,30,1,-82.27882,
222.8456,2206.856,67.19077,10.13903,0,93.34196,19.01833,14.31416,97.67806,372.4727,267.0233,0,2,5.940121,256.52,300,0.7,0,0,66.0976,66.0976,1,1,0.9980087,1.010205,300,2.288562,0,0,57.12112,1,0,1,1,27.82509,1.921459,0,1,270,236,0,0,0,1,1.008037,0,1,1,2,30,18.44262,1,1000,6,25,14.70907,1.072758,13.06249,-1.623904,-1.623904,1,0,16,0,16.35474,16.35474,1,1,150,0,0,0,127,30,0,0,30,1,-82.80923,
222.9476,2266.203,68.07077,10.14855,0,93.15385,18.97255,14.13469,97.6171,378.4237,272.8218,0,2,6.402025,254.87,300,0.7,0,0,66.33662,66.33662,1,1,1.010572,1.010364,300,2.38597,0,0,57.12112,1,0,1,1,28.29936,1.966327,0,1,270,224,0,0,0,1,1.007945,0,1,1,2,30,18.75,1,1000,6,25,14.69369,1.098759,13.06538,-0.7639999,-0.7639999,1,0,16,0,15.45553,15.45553,1,1,150,0,0,0,127,30,0,0,30,1,-81.92923,
223.0518,2296.739,67.88393,10.12951,0,93.40468,18.96812,14.10127,97.75935,376.6944,273.1079,0,2,6.411728,254.16,300,0.7,0,0,66.58376,66.58376,1,1,1.012911,1.010379,300,2.386873,0,0,57.12112,1,0,1,1,28.49607,1.974683,0,1,270,220,0,0,0,1,1.007936,0,1,1,2,30,19.02748,1,1000,6,25,14.70247,1.098759,13.06355,-0.40944,-0.40944,1,0,16,0,15.12611,15.12611,1,1,150,0,0,0,127,30,0,0,30,1,-82.11607,
223.1563,2333.541,67.02803,10.1676,0,93.17474,18.93268,14.48814,97.55613,367.2677,271.4675,0,2,6.55336,252.34,300,0.7,0,0,66.62919,66.62919,1,1,0.9858304,1.010502,300,2.348356,0,0,57.12112,1,0,1,1,28.73978,1.88531,0,1,270,224,0,0,0,1,1.007865,0,1,1,2,40,19.23077,1,1000,6,25,14.72823,1.095946,13.06355,0.1379538,0.1379538,1,0,16,0,14.57628,14.57628,1,1,150,0,0,0,127,30,0,0,30,1,-82.97197,
223.2578,2390.248,66.57597,10.16045,0,93.19565,19.00209,14.39108,97.58661,368.1324,270.5329,0,2,6.732532,251.59,300,0.7,0,0,67.05392,67.05392,1,1,0.9926245,1.010262,300,2.344404,0,0,57.12112,1,0,1,1,29.17068,1.90223,0,1,270,228,0,0,0,1,1.008004,0,1,1,2,30,19.95565,1,1000,6,25,14.74549,1.095946,13.06249,0.4772577,0.4772577,1,0,16,0,14.25195,14.25195,1,1,150,0,0,0,127,30,0,0,30,1,-83.42403,
223.3591,2404.039,66.03351,10.12951,0,93.27926,19.00209,14.4277,97.65774,369.6583,266.0315,0,2,6.731308,251.87,300,0.7,0,0,66.98642,66.98642,1,1,0.9900607,1.010262,300,2.320737,0,0,57.12112,1,0,1,1,29.2989,1.895382,0,1,270,224,0,0,0,1,1.008004,0,1,1,2,40,20.13423,1,1000,6,25,14.75962,1.095946,13.06416,0.744606,0.744606,1,0,16,0,13.9937,13.9937,1,1,150,0,0,0,127,30,0,0,30,1,-83.96649,
223.4604,2440.413,64.57487,9.603391,0,93.37332,18.95041,14.43457,97.74919,381.3738,263.8189,0,2,6.568779,251.96,300,0.7,0,0,66.80337,66.80337,1,1,0.98958,1.01044,300,2.221425,0,0,57.12112,1,0,1,1,29.68768,1.894238,0,1,270,220,0,0,0,1,1.007901,0,1,1,2,40,20.36199,1,1000,6,25,14.79634,1.078278,13.06065,0.994854,0.994854,1,0,16,0,13.78892,13.78892,1,1,150,0,0,0,127,30,0,0,30,1,-85.42513,
223.5636,2475.86,60.75953,7.708423,0,93.35242,19.0139,14.16033,97.69839,380.0683,261.3775,0,2,6.148387,254.85,300,0.7,0,0,65.1964,65.1964,1,1,1.008777,1.010221,300,2.027798,0,0,57.12112,1,0,1,1,30.35309,1.959917,0,1,270,196,0,0,0,1,1.008028,0,1,1,2,10,20.6422,1,1000,6,25,14.88324,1.078278,13.06416,1.235544,1.235544,1,0,16,0,13.66445,13.66445,1,1,150,0,0,0,127,30,0,0,30,1,-89.24047,
223.6651,2470.356,50.63951,5.328877,0,93.38377,18.98584,14.29905,97.85081,378.4237,252.3556,0,2,5.125988,262.83,300,0.7,0,0,58.41271,58.41271,1,1,0.9990663,1.010318,300,1.461315,0,0,57.12112,1,0,1,1,31.60918,1.925237,0,1,270,232,0,0,0,1,1.007972,0,1,1,2,20,20.6422,1,1000,6,25,14.9936,1.048291,13.06401,1.551221,1.551221,1,0,16,0,13.43594,13.43594,1,1,150,0,0,0,127,30,0,0,30,1,-99.36049,
223.7699,2501.459,45.99239,5.272291,0,93.30016,18.98584,14.21023,97.76952,387.0366,244.7643,0,2,4.565163,266.5,300,0.7,0,0,53.85766,53.85766,1,1,1.005284,1.010318,300,1.223193,0,0,57.12112,1,0,1,1,33.00149,1.947441,0,1,270,224,0,0,0,1,1.007972,0,1,1,2,10,20.73733,1,1000,6,25,15,1.048291,13.06615,2.070874,2.070874,1,0,16,0,12.92913,12.92913,1,1,150,0,0,0,127,30,0,0,30,1,-104.0076,
223.8717,2528.445,42.40005,5.288795,0,93.25835,18.93859,14.3691,97.6171,388.4608,248.0831,0,2,4.340497,268.76,300,0.7,0,0,50.18676,50.18676,1,1,0.9941629,1.010481,300,1.050865,0,0,57.12112,1,0,1,1,34.0562,1.907724,0,1,270,224,0,0,0,1,1.007877,0,1,1,2,20,20.78522,1,1000,6,25,15,1.048291,13.06538,2.673849,2.673849,1,0,16,0,12.32615,12.32615,1,1,150,0,0,0,127,30,0,0,30,1,-107.5999,
223.9732,2522.492,42.46032,5.28408,0,93.16429,18.93859,14.32332,97.77968,383.0354,237.5925,0,2,4.09905,270.4,300,0.7,0,0,50.20016,50.20016,1,1,0.9973677,1.010481,300,0.997951,0,0,57.12112,1,0,1,1,33.96432,1.91917,0,1,270,220,0,0,0,1,1.007877,0,1,1,2,20,21.07728,1,1000,6,25,15,0.9938288,13.06355,2.358327,2.358327,1,0,16,0,12.64167,12.64167,1,1,150,0,0,0,127,30,0,0,30,1,-107.5397,
224.075,2534.64,41.1343,5.288795,0,93.26881,18.95041,14.36681,97.65774,386.8671,242.7806,0,2,4.01318,271.2,300,0.7,0,0,48.52485,48.52485,1,1,0.9943231,1.01044,300,0.9345052,0,0,57.12112,1,0,1,1,34.24213,1.908297,0,1,270,228,0,0,0,1,1.007901,0,1,1,2,20,21.12676,1,1000,6,25,15,0.9938288,13.06447,1.572226,1.572226,1,0,16,0,13.42777,13.42777,1,1,150,0,0,0,127,30,0,0,30,1,-108.8657,
224.1762,2565.857,39.86251,4.845538,0,93.2479,18.98584,14.44602,97.67806,377.7456,236.6007,0,2,3.99846,271.48,300,0.7,0,0,47.18876,47.18876,1,1,0.9887788,1.010318,300,0.8600461,0,0,57.12112,1,0,1,1,34.68524,1.89233,0,1,270,212,0,0,0,1,1.007972,0,1,1,2,40,21.2766,1,1000,6,25,15,0.9705967,13.06188,0.6785383,0.6785383,1,0,16,0,14.32146,14.32146,1,1,150,0,0,0,127,30,0,0,30,1,-110.1375,
224.2803,2535.283,38.65703,4.746512,0,93.40468,18.95041,14.27387,97.88129,377.203,235.2464,0,2,3.824051,272.11,300,0.7,0,0,45.13933,45.13933,1,1,1.000829,1.01044,300,0.7978557,0,0,57.12112,1,0,1,1,34.32043,1.931532,0,1,270,216,0,0,0,1,1.007901,0,1,1,2,30,21.32701,1,1000,6,25,15,0.9705967,13.0631,-0.8117599,-0.8117599,1,0,16,0,15.81176,15.81176,1,1,150,0,0,0,127,30,0,0,30,1,-111.343,
224.3855,2535.926,38.52443,4.685211,0,93.40468,18.96812,14.10722,97.87113,386.511,240.6443,0,2,3.761623,272.78,300,0.7,0,0,44.96651,44.96651,1,1,1.012495,1.010379,300,0.812505,0,0,57.12112,1,0,1,1,34.33237,1.973195,0,1,270,220,0,0,0,1,1.007936,0,1,1,2,30,21.02804,1,1000,6,25,15,0.9956572,13.07164,-1.334396,-1.334396,1,0,16,0,16.3344,16.3344,1,1,150,0,0,0,127,30,0,0,30,1,-111.4756,
224.4875,2544.313,37.08388,4.348052,0,93.27926,18.96074,14.13469,97.6679,387.0366,242.0367,0,2,3.752862,272.83,300,0.7,0,0,43.11515,43.11515,1,1,1.010572,1.010404,300,0.7499293,0,0,57.12112,1,0,1,1,34.47712,1.966327,0,1,270,200,0,0,0,1,1.007921,0,1,1,2,30,21.22641,1,1000,6,25,15,0.9956572,13.06386,-1.809267,-1.809267,1,0,16,0,16.80927,16.80927,1,1,150,0,0,0,127,30,0,0,30,1,-112.9161,
224.5887,2578.87,35.84224,4.270246,0,93.2479,18.97403,14.3691,97.6171,380.8821,229.0475,0,2,3.739362,273.47,300,0.7,0,0,41.94323,41.94323,1,1,0.9941629,1.010359,300,0.7051052,0,0,57.12112,1,0,1,1,34.9306,1.907724,0,1,270,212,0,0,0,1,1.007948,0,1,1,2,40,21.37767,1,1000,6,25,15,0.9956572,13.06416,-2.752743,-2.752743,1,0,16,0,17.75274,17.75274,1,1,150,0,0,0,127,30,0,0,30,1,-114.1578,
224.6921,2522.704,36.20388,4.289108,0,93.22701,18.90315,14.30088,97.65774,388.2743,237.5734,0,2,3.573831,274.28,300,0.7,0,0,41.59092,41.59092,1,1,0.9989381,1.010604,300,0.7466096,0,0,57.12112,1,0,1,1,34.23531,1.924779,0,1,270,200,0,0,0,1,1.007806,0,1,1,2,20,21.32701,1,1000,6,25,15,1.052467,13.06538,-3.310661,-3.310661,1,0,16,0,18.31066,18.31066,1,1,150,0,0,0,127,30,0,0,30,1,-113.7961,
224.7942,2491.694,36.36662,4.753585,0,93.42558,18.99323,14.37643,97.96259,383.8492,239.4999,0,2,3.612957,274.02,300,0.7,0,0,41.35411,41.35411,1,1,0.9936501,1.010292,300,0.7455988,0,0,57.12112,1,0,1,1,33.80919,1.905893,0,1,270,208,0,0,0,1,1.007986,0,1,1,2,40,20.93023,1,1000,6,25,15,1.052467,13.06416,-2.673277,-2.673277,1,0,16,0,17.67328,17.67328,1,1,150,0,0,0,127,30,0,0,30,1,-113.6334,
224.8958,2506.266,38.19292,4.961068,0,93.27926,18.96222,14.30317,97.76952,378.1186,240.6062,0,2,3.863827,271.91,300,0.7,0,0,44.10026,44.10026,1,1,0.9987778,1.010399,300,0.8760288,0,0,57.12112,1,0,1,1,33.96544,1.924206,0,1,270,228,0,0,0,1,1.007924,0,1,1,2,30,20.78522,1,1000,6,25,15,1.104078,13.06462,-2.567322,-2.567322,1,0,16,0,17.56732,17.56732,1,1,150,0,0,0,127,30,0,0,30,1,-111.8071,
225.0001,2635.278,38.4521,5.097817,0,93.33152,18.95041,14.01016,97.9321,390.3597,240.1675,0,2,4.172523,269.75,300,0.7,0,0,46.23483,46.23483,1,1,1.019289,1.01044,300,0.9246791,0,0,57.12112,1,0,1,1,35.60011,1.99746,0,1,270,212,0,0,0,1,1.007901,0,1,1,2,20,21.37767,1,1000,6,25,15,1.104078,13.06416,-4.102013,-4.102013,1,0,16,0,19.10201,19.10201,1,1,150,0,0,0,127,30,0,0,30,1,-111.5479,
225.1051,2555.802,38.92827,5.201559,0,93.41513,18.96222,14.37643,97.77968,372.6084,235.914,0,2,4.238371,269.63,300,0.7,0,0,45.78814,45.78814,1,1,0.9936501,1.010399,300,0.9991265,0,0,57.12112,1,0,1,1,34.5763,1.905893,0,1,270,204,0,0,0,1,1.007924,0,1,1,2,20,21.42857,1,1000,6,25,15,1.189893,13.06386,-3.8901,-3.8901,1,0,16,0,18.8901,18.8901,1,1,150,0,0,0,127,30,0,0,30,1,-111.0717,
225.2054,2501.042,39.65758,5.175623,0,93.44648,18.90315,14.38238,97.72887,381.4247,239.1375,0,2,4.230929,269.98,300,0.7,0,0,46.06038,46.06038,1,1,0.9932334,1.010604,300,1.023984,0,0,57.12112,1,0,1,1,33.8472,1.904405,0,1,270,200,0,0,0,1,1.007806,0,1,1,2,30,20.68966,1,1000,6,25,15,1.189893,13.0631,-2.520967,-2.520967,1,0,16,0,17.52097,17.52097,1,1,150,0,0,0,127,30,0,0,30,1,-110.3424,
225.3057,2604.167,40.188,5.175623,0,93.38377,18.97403,14.18093,97.68822,390.9022,242.3228,0,2,4.405382,267.64,300,0.7,0,0,48.12165,48.12165,1,1,1.007335,1.010359,300,1.084007,0,0,57.12112,1,0,1,1,35.18052,1.954767,0,1,270,208,0,0,0,1,1.007948,0,1,1,2,40,21.68675,1,1000,6,25,15,1.189893,13.06477,-1.400511,-1.400511,1,0,16,0,16.40051,16.40051,1,1,150,0,0,0,127,30,0,0,30,1,-109.812,
225.4103,2596.054,39.07895,5.210989,0,93.30016,18.91349,14.14019,97.85081,376.5079,236.677,0,2,4.370024,268.51,300,0.7,0,0,46.53364,46.53364,1,1,1.010187,1.010568,300,1.028054,0,0,57.12112,1,0,1,1,35.09093,1.964954,0,1,270,236,0,0,0,1,1.007827,0,1,1,2,40,21.68675,1,1000,6,25,15,1.2,13.06508,-0.7480631,-0.7480631,1,0,16,0,15.74806,15.74806,1,1,150,0,0,0,127,30,0,0,30,1,-110.9211,
225.5123,2531.859,39.78416,5.16855,0,93.38377,18.90315,14.41443,97.81017,388.6642,240.1865,0,2,4.198666,270.74,300,0.7,0,0,46.6386,46.6386,1,1,0.9909902,1.010604,300,1.048983,0,0,57.12112,1,0,1,1,34.24411,1.897595,0,1,270,220,0,0,0,1,1.007806,0,1,1,2,30,21.12676,1,1000,6,25,15,1.2,13.06493,-0.3426437,-0.3426437,1,0,16,0,15.34264,15.34264,1,1,150,0,0,0,127,30,0,0,30,1,-110.2158,
225.6148,2604.619,38.40991,5.206275,0,93.22701,18.84409,14.47074,97.71871,388.5964,241.1021,0,2,4.341032,268.69,300,0.7,0,0,45.75661,45.75661,1,1,0.9870481,1.010808,300,0.9936804,0,0,57.12112,1,0,1,1,35.21009,1.88821,0,1,270,216,0,0,0,1,1.007688,0,1,1,2,30,21.58273,1,1000,6,25,15,1.2,13.06569,0.08821678,0.08821678,1,0,16,0,14.91178,14.91178,1,1,150,0,0,0,127,30,0,0,30,1,-111.5901,
225.715,2586.207,38.61484,5.187412,0,93.2061,18.9253,14.3984,97.6679,379.1697,234.5407,0,2,4.353448,268.45,300,0.7,0,0,45.77804,45.77804,1,1,0.9921118,1.010527,300,0.9993333,0,0,57.12112,1,0,1,1,34.97216,1.900399,0,1,270,208,0,0,0,1,1.007851,0,1,1,2,30,21.84466,1,1000,6,25,15,1.2,13.06554,0.1213598,0.1213598,1,0,16,0,14.87864,14.87864,1,1,150,0,0,0,127,30,0,0,30,1,-111.3852,
225.8172,2577.098,39.0006,5.16855,0,93.38377,18.94007,14.38009,97.81017,390.241,239.7288,0,2,4.230736,269.49,300,0.7,0,0,46.17339,46.17339,1,1,0.9933937,1.010476,300,1.016927,0,0,57.12112,1,0,1,1,34.84839,1.904977,0,1,270,216,0,0,0,1,1.00788,0,1,1,2,20,21.63462,1,1000,6,25,15,1.198722,13.0631,0.1136265,0.1136265,1,0,16,0,14.88637,14.88637,1,1,150,0,0,0,127,30,0,0,30,1,-110.9994,
225.9218,2620.087,38.19895,4.421142,0,93.41513,18.90315,14.20657,97.91177,384.8665,237.0203,0,2,4.279477,268.81,300,0.7,0,0,45.69027,45.69027,1,1,1.00554,1.010604,300,0.9856552,0,0,57.12112,1,0,1,1,35.40912,1.948357,0,1,270,224,0,0,0,1,1.007806,0,1,1,2,30,21.47971,1,1000,6,25,15,1.198722,13.06233,0.1081028,0.1081028,1,0,16,0,14.8919,14.8919,1,1,150,0,0,0,127,30,0,0,30,1,-111.8011,
226.0238,2594.931,32.32223,2.086966,0,93.42558,18.95483,14.14522,97.85081,387.3757,232.557,0,2,3.632904,274.44,300,0.7,0,0,38.18916,38.18916,1,1,1.009835,1.010425,300,0.6962344,0,0,57.12112,1,0,1,1,35.18034,1.963694,0,1,270,204,0,0,0,1,1.00791,0,1,1,2,30,21.68675,1,1000,6,25,15,1.197333,13.06188,0.02745438,0.02745438,1,0,16,0,14.97255,14.97255,1,1,150,0,0,0,127,30,0,0,30,1,-117.6778,
226.1291,2570.914,27.52441,1.646066,0,93.39423,18.98584,14.2258,97.8,383.6796,230.1156,0,2,3.363613,275.37,300,0.7,0,0,36.55828,36.55828,1,1,1.004194,1.010318,300,0.5675427,0,0,57.12112,1,0,1,1,34.99219,1.94355,0,1,270,212,0,0,0,1,1.007972,0,1,1,2,30,21.47971,1,1000,6,25,15,1.197333,13.06783,0.1290922,0.1290922,1,0,16,0,14.87091,14.87091,1,1,150,0,0,0,127,30,0,0,30,1,-122.4756,
226.2307,2550.803,25.20386,1.591837,0,93.21655,18.87362,14.34713,97.68822,391.5804,225.9957,0,2,3.188504,277.84,300,0.7,0,0,35.78021,35.78021,1,1,0.9957012,1.010706,300,0.5087153,0,0,57.12112,1,0,1,1,34.77329,1.913218,0,1,270,208,0,0,0,1,1.007747,0,1,1,2,30,21.42857,1,1000,6,25,15,1.197333,13.06569,0.3515873,0.3515873,1,0,16,0,14.64841,14.64841,1,1,150,0,0,0,127,30,0,0,30,1,-124.7961,
226.3318,2608.923,24.20331,1.563544,0,93.17474,18.93859,14.35125,97.6171,383.2219,218.7667,0,2,3.261153,276.29,300,0.7,0,0,35.98517,35.98517,1,1,0.9954127,1.010481,300,0.4883272,0,0,57.12112,1,0,1,1,35.36415,1.912188,0,1,270,232,0,0,0,1,1.007877,0,1,1,2,40,21.68675,1,1000,6,25,15,1.190154,13.06416,0.5172577,0.5172577,1,0,16,0,14.48274,14.48274,1,1,150,0,0,0,127,30,0,0,30,1,-125.7967,
226.4332,2601.457,23.83564,1.624846,0,93.27926,18.94893,14.27296,97.72887,380.1531,221.8757,0,2,3.208463,276.77,300,0.7,0,0,35.70205,35.70205,1,1,1.000893,1.010445,300,0.4771183,0,0,57.12112,1,0,1,1,35.28512,1.931761,0,1,270,232,0,0,0,1,1.007898,0,1,1,2,30,21.58273,1,1000,6,25,15,1.190154,13.06401,0.461668,0.461668,1,0,16,0,14.53833,14.53833,1,1,150,0,0,0,127,30,0,0,30,1,-126.1644,
226.535,2529.724,24.90852,2.134121,0,93.46738,18.96222,14.32149,97.85081,386.8332,224.6986,0,2,3.288641,276.38,300,0.7,0,0,35.53298,41.64416,1,1,0.9974959,1.010399,300,0.5774403,6.111179,0.1722237,64.26907,1,0,1,1,34.55554,1.919628,0,1,270,204,0,0,0,1,1.007924,0,1,1,2,20,21.17647,1,1000,6,25,15,1.181709,13.06477,0.2809258,0.2809258,1,0,16,0,14.71907,14.71907,1,1,150,0,0,0,127,30,0,0,30,1,-125.0915,
226.6372,2580.423,27.72935,3.652514,0,93.38377,18.88838,14.26243,97.76952,385.2225,224.3172,0,2,3.763117,272.37,300,0.7,0,0,36.71857,48.88611,1,1,1.00163,1.010655,300,0.7547033,12.16754,0.3405378,127.8594,1,0,1,1,35.09289,1.934393,0,1,270,208,0,0,0,1,1.007777,0,1,1,2,10,21.5311,1,1000,6,25,15,1.181709,13.0631,0.0915308,0.0915308,1,0,16,0,14.90847,14.90847,1,1,150,0,0,0,127,30,0,0,30,1,-122.2707,
226.7377,2599.879,31.20716,3.94016,0,93.37332,18.93859,14.40207,97.90162,381.6451,227.6741,0,2,3.509836,274.63,300,0.7,0,0,37.94498,37.94498,1,1,0.9918554,1.010481,300,0.6605256,0,0,127.8594,1,0,1,1,35.25283,1.899656,0,1,270,208,0,0,0,1,1.007877,0,1,1,2,30,21.47971,1,1000,6,25,15,1.184055,13.07088,-0.4614248,-0.4614248,1,0,16,0,15.46142,15.46142,1,1,150,0,0,0,127,30,0,0,30,1,-118.7928,
226.8422,2542.588,32.59346,4.036828,0,93.47784,18.94893,14.18414,97.90162,383.5101,234.0829,0,2,3.517247,275.46,300,0.7,0,0,37.4176,37.4176,1,1,1.00711,1.010445,300,0.6802693,0,0,127.8594,1,0,1,1,34.57505,1.953966,0,1,270,200,0,0,0,1,1.007898,0,1,1,2,30,21.5311,1,1000,6,25,15,1.184055,13.06355,-0.7657566,-0.7657566,1,0,16,0,15.76576,15.76576,1,1,150,0,0,0,127,30,0,0,30,1,-117.4065,
226.9429,2507.942,33.61812,4.17122,0,93.33152,18.91349,14.30684,97.8,383.154,236.0857,0,2,3.573817,274.25,300,0.7,0,0,37.79102,37.79102,1,1,0.9985214,1.010568,300,0.7079157,0,0,127.8594,1,0,1,1,34.14231,1.923291,0,1,270,212,0,0,0,1,1.007827,0,1,1,2,10,21.17647,1,1000,6,25,15,1.182754,13.06355,0.0241394,0.0241394,1,0,16,0,14.97586,14.97586,1,1,150,0,0,0,127,30,0,0,30,1,-116.3819,
227.0447,2502.92,34.84168,4.225449,0,93.42558,18.90315,14.18231,97.89146,383.3745,235.2655,0,2,3.650092,274,300,0.7,0,0,39.40605,39.40605,1,1,1.007239,1.010604,300,0.7650469,0,0,127.8594,1,0,1,1,34.0406,1.954424,0,1,270,204,0,0,0,1,1.007806,0,1,1,2,20,21.02804,1,1000,6,25,15,1.182754,13.06462,-0.5723066,-0.5723066,1,0,16,0,15.57231,15.57231,1,1,150,0,0,0,127,30,0,0,30,1,-115.1583,
227.1447,2543.02,34.65484,4.293823,0,93.31062,18.91496,14.41672,97.81017,387.3757,233.7777,0,2,3.750954,273.37,300,0.7,0,0,39.7789,39.7789,1,1,0.9908298,1.010563,300,0.7681308,0,0,127.8594,1,0,1,1,34.52538,1.897214,0,1,270,224,0,0,0,1,1.00783,0,1,1,2,30,21.22641,1,1000,6,25,15,1.182754,13.06615,-1.466629,-1.466629,1,0,16,0,16.46663,16.46663,1,1,150,0,0,0,127,30,0,0,30,1,-115.3452,
227.2467,2577.098,35.25155,4.40228,0,93.27926,18.88396,14.41214,97.70855,378.0677,230.2682,0,2,3.887123,272.04,300,0.7,0,0,41.12026,41.12026,1,1,0.9911504,1.01067,300,0.8195184,0,0,127.8594,1,0,1,1,34.92035,1.897977,0,1,270,212,0,0,0,1,1.007768,0,1,1,2,30,21.22641,1,1000,6,25,15,1.2,13.06661,-2.434877,-2.434877,1,0,16,0,17.43488,17.43488,1,1,150,0,0,0,127,30,0,0,30,1,-114.7485,
227.3506,2552.974,35.83621,4.428216,0,93.38377,18.87805,14.14293,97.84064,383.8152,237.7451,0,2,3.829461,272.46,300,0.7,0,0,41.54308,41.54308,1,1,1.009995,1.010691,300,0.8416841,0,0,127.8594,1,0,1,1,34.61532,1.964267,0,1,270,232,0,0,0,1,1.007756,0,1,1,2,20,21.47971,1,1000,6,25,15,1.2,13.06538,-2.275469,-2.275469,1,0,16,0,17.27547,17.27547,1,1,150,0,0,0,128,30,0,0,30,1,-114.1638,
227.4531,2487.562,35.36607,4.345694,0,93.42558,18.87952,14.39108,97.88129,382.7302,236.6388,0,2,3.731343,273.19,300,0.7,0,0,39.89701,39.89701,1,1,0.9926245,1.010686,300,0.7977275,0,0,127.8594,1,0,1,1,33.77516,1.90223,0,1,270,216,0,0,0,1,1.007759,0,1,1,2,30,20.83333,1,1000,6,25,15,1.2,13.06188,-1.811962,-1.811962,1,0,16,0,16.81196,16.81196,1,1,150,0,0,0,127,30,0,0,30,1,-114.6339,
227.556,2535.068,35.48059,4.230164,0,93.34196,18.87952,14.07609,97.96259,377.1691,232.4807,0,2,3.802603,272.38,300,0.7,0,0,40.78483,40.78483,1,1,1.014674,1.010686,300,0.8181198,0,0,127.8594,1,0,1,1,34.40727,1.980978,0,1,270,212,0,0,0,1,1.007759,0,1,1,2,30,21.07728,1,1000,6,25,15,1.2,13.06355,-1.103115,-1.103115,1,0,16,0,16.10312,16.10312,1,1,150,0,0,0,127,30,0,0,30,1,-114.5194,
227.661,2575.771,34.69703,4.168862,0,93.25835,18.89134,14.20245,97.70855,388.2234,231.8513,0,2,3.842191,271.82,300,0.7,0,0,40.35196,40.35196,1,1,1.005828,1.010645,300,0.7915473,0,0,127.8594,1,0,1,1,34.91515,1.949387,0,1,270,228,0,0,0,1,1.007783,0,1,1,2,30,21.5311,1,1000,6,25,15,1.2,13.06386,-1.143221,-1.143221,1,0,16,0,16.14322,16.14322,1,1,150,0,0,0,127,30,0,0,30,1,-115.303,
227.7618,2538.5,34.35949,3.966096,0,93.19565,18.91349,14.43137,97.75935,386.8501,233.4535,0,2,3.638517,274.29,300,0.7,0,0,39.3036,39.3036,1,1,0.9898043,1.010568,300,0.7634583,0,0,127.8594,1,0,1,1,34.4796,1.894772,0,1,270,216,0,0,0,1,1.007827,0,1,1,2,30,21.17647,1,1000,6,25,15,1.2,13.06538,-1.077164,-1.077164,1,0,16,0,16.07716,16.07716,1,1,150,0,0,0,127,30,0,0,30,1,-115.6405,
227.8642,2487.975,33.76278,3.760971,0,93.27926,18.8559,14.43045,97.82033,373.2187,228.7041,0,2,3.566097,273.85,300,0.7,0,0,37.66721,37.66721,1,1,0.9898684,1.010767,300,0.7190247,0,0,127.8594,1,0,1,1,33.84082,1.894925,0,1,270,196,0,0,0,1,1.007712,0,1,1,2,40,20.93023,1,1000,6,25,15,1.2,13.06615,-1.00403,-1.00403,1,0,16,0,16.00403,16.00403,1,1,150,0,0,0,127,30,0,0,30,1,-116.2372,
227.9644,2509.2,32.45483,3.355437,0,93.33152,18.91496,14.16765,97.83048,384.5273,236.1429,0,2,3.554701,274.39,300,0.7,0,0,36.84886,36.84886,1,1,1.008264,1.010563,300,0.6760965,0,0,127.8594,1,0,1,1,34.19629,1.958086,0,1,270,228,0,0,0,1,1.00783,0,1,1,2,50,20.97902,1,1000,6,25,15,1.2,13.06447,-0.9639263,-0.9639263,1,0,16,0,15.96393,15.96393,1,1,150,0,0,0,127,30,0,0,30,1,-117.5452,
228.0653,2528.658,29.21811,1.572975,0,93.33152,18.91053,14.10539,97.91177,386.5788,229.963,0,2,3.350472,275.47,300,0.7,0,0,36.45925,36.45925,1,1,1.012623,1.010578,300,0.6022377,0,0,127.8594,1,0,1,1,34.51489,1.973652,0,1,270,204,0,0,0,1,1.007821,0,1,1,2,40,21.32701,1,1000,6,25,15,1.2,13.06615,-1.109015,-1.109015,1,0,16,0,16.10901,16.10901,1,1,150,0,0,0,127,30,0,0,30,1,-120.7819,
228.1653,2524.827,24.84825,0.9505283,0,93.34196,18.86771,14.2226,97.83048,386.8332,220.9602,0,2,3.177074,277.59,300,0.7,0,0,35.47914,35.47914,1,1,1.004418,1.010726,300,0.4984294,0,0,127.8594,1,0,1,1,34.5051,1.944351,0,1,270,208,0,0,0,1,1.007735,0,1,1,2,20,21.02804,1,1000,6,25,15,1.2,13.06249,-1.385256,-1.385256,1,0,16,0,16.38526,16.38526,1,1,150,0,0,0,127,30,0,0,30,1,-125.1517,
228.2697,2483.444,23.20879,0.6793866,0,93.30016,18.89134,14.27387,97.77968,385.4598,221.7231,0,2,2.980133,278.52,300,0.7,0,0,34.1987,34.1987,1,1,1.000829,1.010645,300,0.448727,0,0,127.8594,1,0,1,1,33.99382,1.931532,0,1,270,200,0,0,0,1,1.007783,0,1,1,2,30,20.6422,1,1000,6,25,15,1.2,13.06416,-1.493328,-1.493328,1,0,16,0,16.49333,16.49333,1,1,150,0,0,0,127,30,0,0,30,1,-126.7912,
228.3701,2494.595,21.88879,0.5426369,0,93.34196,18.92678,14.45151,97.85081,381.5434,221.6468,0,2,2.910361,278.78,300,0.7,0,0,32.95818,32.95818,1,1,0.9883942,1.010522,300,0.4078334,0,0,127.8594,1,0,1,1,34.1679,1.891415,0,1,270,236,0,0,0,1,1.007854,0,1,1,2,40,20.83333,1,1000,6,25,15,1.2,13.06432,-1.308968,-1.308968,1,0,16,0,16.30897,16.30897,1,1,150,0,0,0,127,30,0,0,30,1,-128.1112,
228.4745,2493.558,21.49098,0.4294647,0,93.34196,18.91496,14.30363,97.87113,379.5088,221.2654,0,2,2.867592,279,300,0.7,0,0,32.55222,32.55222,1,1,0.9987459,1.010563,300,0.395496,0,0,127.8594,1,0,1,1,34.1527,1.924092,0,1,270,212,0,0,0,1,1.00783,0,1,1,2,20,20.78522,1,1000,6,25,15,1.2,13.06447,-0.7893486,-0.7893486,1,0,16,0,15.78935,15.78935,1,1,150,0,0,0,127,30,0,0,30,1,-128.509,
228.5752,2461.236,20.62304,0.1418187,0,93.44648,18.87952,14.39108,98.01339,382.8997,216.8402,0,2,2.76889,279.96,300,0.7,0,0,31.45525,31.45525,1,1,0.9926245,1.010686,300,0.3667527,0,0,127.8594,1,0,1,1,33.67167,1.90223,0,1,270,200,0,0,0,1,1.007759,0,1,1,2,40,20.6422,1,1000,6,25,15,1.2,13.06416,-0.4543486,-0.4543486,1,0,16,0,15.45435,15.45435,1,1,150,0,0,0,127,30,0,0,30,1,-129.377,
228.6802,2450.38,20.16495,0.07815931,0,93.36287,18.82046,14.32835,97.9321,384.1204,217.6986,0,2,2.736258,280.3,300,0.7,0,0,30.92234,30.92234,1,1,0.9970152,1.01089,300,0.3525607,0,0,127.8594,1,0,1,1,33.51458,1.917911,0,1,270,236,0,0,0,1,1.007641,0,1,1,2,30,20.59496,1,1000,6,25,15,1.2,13.06554,-0.2863016,-0.2863016,1,0,16,0,15.2863,15.2863,1,1,150,0,0,0,127,30,0,0,30,1,-129.8351,
228.7804,2422.089,20.0866,0.03336199,0,93.36287,18.84261,14.11684,97.98291,377.6099,215.7912,0,2,2.72485,280.54,300,0.7,0,0,30.64694,30.64694,1,1,1.011822,1.010813,300,0.3480519,0,0,127.8594,1,0,1,1,33.09659,1.970791,0,1,270,220,0,0,0,1,1.007685,0,1,1,2,50,20.08929,1,1000,6,25,15,1.2,13.06538,-0.6477985,-0.6477985,1,0,16,0,15.6478,15.6478,1,1,150,0,0,0,127,30,0,0,30,1,-129.9134,
228.8808,2409.058,19.96605,0.08051707,0,93.27926,18.89134,14.22626,97.81017,372.3371,219.3008,0,2,2.71019,280.54,300,0.7,0,0,30.43652,30.43652,1,1,1.004162,1.010645,300,0.3435637,0,0,127.8594,1,0,1,1,32.90602,1.943436,0,1,270,228,0,0,0,1,1.007783,0,1,1,2,20,20.36199,1,1000,6,25,15,1.2,13.06325,-1.677221,-1.677221,1,0,16,0,16.67722,16.67722,1,1,150,0,0,0,127,30,0,0,30,1,-130.034,
228.981,2393.872,19.9781,0.04515076,0,93.30016,18.89134,14.22992,97.85081,373.3374,218.8621,0,2,2.693106,280.15,300,0.7,0,0,30.34276,30.34276,1,1,1.003906,1.010645,300,0.3427121,0,0,127.8594,1,0,1,1,32.68131,1.94252,0,1,270,224,0,0,0,1,1.007783,0,1,1,2,30,19.9115,1,1000,6,25,15,1.2,13.06294,-2.240438,-2.240438,1,0,16,0,17.24044,17.24044,1,1,150,0,0,0,127,30,0,0,30,1,-130.0219,
229.0819,2366.117,20.17701,0.04043525,0,93.21655,18.88396,14.15667,97.81017,369.8956,219.5487,0,2,2.661882,280.74,300,0.7,0,0,30.34576,30.34576,1,1,1.009033,1.01067,300,0.3461621,0,0,127.8594,1,0,1,1,32.26537,1.960833,0,1,270,208,0,0,0,1,1.007768,0,1,1,2,20,19.9115,1,1000,6,25,15,1.2,13.06538,-2.799097,-2.799097,1,0,16,0,17.7991,17.7991,1,1,150,0,0,0,127,30,0,0,30,1,-129.823,
229.1838,2371.729,20.06249,0.05222402,0,93.2479,18.90315,14.29585,97.82033,371.7946,218.5378,0,2,2.687959,280.8,300,0.7,0,0,30.27192,30.27192,1,1,0.9992906,1.010604,300,0.3433503,0,0,127.8594,1,0,1,1,32.3517,1.926038,0,1,270,216,0,0,0,1,1.007806,0,1,1,2,20,19.56522,1,1000,6,25,15,1.2,13.06538,-3.532503,-3.532503,1,0,16,0,18.5325,18.5325,1,1,150,0,0,0,127,30,0,0,30,1,-129.9375,
229.2855,2317.855,20.33372,0.01685771,0,93.19565,18.86623,14.34713,97.81017,368.6919,219.2435,0,2,2.607587,281.48,300,0.7,0,0,30.16233,30.16233,1,1,0.9957012,1.010731,300,0.3467507,0,0,127.8594,1,0,1,1,31.54383,1.913218,0,1,270,204,0,0,0,1,1.007733,0,1,1,2,40,19.39655,1,1000,6,25,15,1.2,13.06355,-5.43638,-5.43638,1,0,16,0,20.43638,20.43638,1,1,150,0,0,0,127,30,0,0,30,1,-129.6663,
229.3881,2323.6,20.24331,0.03571974,0,93.25835,18.86771,14.45334,97.85081,377.7286,218.9956,0,2,2.55596,281.72,300,0.7,0,0,30.11384,30.11384,1,1,0.988266,1.010726,300,0.3446533,0,0,127.8594,1,0,1,1,31.6326,1.891109,0,1,270,232,0,0,0,1,1.007735,0,1,1,2,30,19.3133,1,1000,6,25,15,1.2,13.06416,-6.287201,-6.287201,1,0,16,0,21.2872,21.2872,1,1,150,0,0,0,128,30,0,0,30,1,-129.7567,
229.493,2302.379,20.52057,0.01685771,0,93.28971,18.8559,14.29585,97.89146,375.9145,220.5406,0,2,2.532617,281.7,300,0.7,0,0,30.23682,30.23682,1,1,0.9992906,1.010767,300,0.3508066,0,0,127.8594,1,0,1,1,31.30599,1.926038,0,1,270,216,0,0,0,1,1.007712,0,1,1,2,10,19.23077,1,1000,6,25,15,1.2,13.06538,-8.012983,-8.012983,1,0,16,0,23.01298,23.01298,1,1,150,0,0,0,127,30,0,0,30,1,-129.4794,
229.5975,2271.523,20.63509,0.007426695,0,93.27926,18.8559,14.34713,97.92194,377.6099,222.0092,0,2,2.517604,281.99,300,0.7,0,0,30.13168,30.13168,1,1,0.9957012,1.010767,300,0.3515378,0,0,127.8594,1,0,1,1,30.84071,1.913218,0,1,270,212,0,0,0,1,1.007712,0,1,1,2,20,19.0678,1,1000,6,25,15,1.2,13.06477,-8.467501,-8.467501,1,0,16,0,23.4675,23.4675,1,1,150,0,0,0,127,30,0,0,30,1,-129.3649,
229.7029,2259.717,20.58084,0.04043525,0,93.2479,18.89134,14.23679,97.76952,376.3044,218.9956,0,2,2.542181,281.86,300,0.7,0,0,29.99575,29.99575,1,1,1.003425,1.010645,300,0.3490141,0,0,127.8594,1,0,1,1,30.66734,1.940803,0,1,270,204,0,0,0,1,1.007783,0,1,1,2,30,18.78914,1,1000,6,25,15,1.2,13.06401,-8.896639,-8.896639,1,0,16,0,23.89664,23.89664,1,1,150,0,0,0,127,30,0,0,30,1,-129.4192,
229.8049,2234.803,20.20714,0.01685771,0,93.34196,18.84409,14.4332,97.94226,378.1186,216.0964,0,2,2.476907,282.18,300,0.7,0,0,29.86954,29.86954,1,1,0.9896762,1.010808,300,0.3412583,0,0,127.8594,1,0,1,1,30.3171,1.894467,0,1,270,204,0,0,0,1,1.007688,0,1,1,2,40,18.71102,1,1000,6,25,15,1.2,13.06416,-9.60264,-9.60264,1,0,16,0,24.60264,24.60264,1,1,150,0,0,0,127,30,0,0,30,1,-129.7929,
229.9059,2219.592,20.56276,0,0,93.38377,18.9253,14.03534,97.9321,367.2677,221.8566,0,2,2.497041,281.85,300,0.7,0,0,30.52666,30.52666,1,1,1.017526,1.010527,300,0.3548622,0,0,127.8594,1,0,1,1,30.07015,1.991165,0,1,270,212,0,0,0,1,1.007851,0,1,1,2,30,18.40491,1,1000,6,25,15,1.2,13.06355,-10.70472,-10.70472,1,0,16,0,25.70472,25.70472,1,1,150,0,0,0,128,30,0,0,30,1,-129.4372,
230.0083,2205.558,20.5929,0.01921546,0,93.21655,18.86771,14.20474,97.81017,373.9647,217.3171,0,2,2.499632,281.93,300,0.7,0,0,30.84131,30.84131,1,1,1.005668,1.010726,300,0.359075,0,0,127.8594,1,0,1,1,29.85906,1.948815,0,1,270,224,0,0,0,1,1.007735,0,1,1,2,30,18.48049,1,1000,6,25,15,1.2,13.06538,-11.00111,-11.00111,1,0,16,0,26.00111,26.00111,1,1,150,0,0,0,127,30,0,0,30,1,-129.4071,
230.1119,2192.021,20.33372,0.03571974,0,93.22701,18.89134,14.30272,97.75935,363.0799,218.6904,0,2,2.484291,282.2,300,0.7,0,0,30.85654,30.85654,1,1,0.9988099,1.010645,300,0.3547187,0,0,127.8594,1,0,1,1,29.67429,1.924321,0,1,270,204,0,0,0,1,1.007783,0,1,1,2,20,18.14516,1,1000,6,25,15,1.2,13.06508,-13.2518,-13.2518,1,0,16,0,28.2518,28.2518,1,1,150,0,0,0,127,30,0,0,30,1,-129.6663,
230.2142,2147.766,20.17098,0.06165504,0,93.19565,18.82636,14.20062,97.73903,373.4222,216.1154,0,2,2.434135,282.81,300,0.7,0,0,31.58258,31.58258,1,1,1.005957,1.01087,300,0.3601931,0,0,127.8594,1,0,1,1,29.02907,1.949845,0,1,270,208,0,0,0,1,1.007653,0,1,1,2,20,18.10865,1,1000,6,25,15,1.2,13.06401,-12.67755,-12.67755,1,0,16,0,27.67755,27.67755,1,1,150,0,0,0,128,30,0,0,30,1,-129.829,
230.3192,2159.516,20.42413,0.01685771,0,93.35242,18.84409,14.08296,97.87113,369.6244,221.2844,0,2,2.465448,281.82,300,0.7,0,0,31.6042,31.6042,1,1,1.014193,1.010808,300,0.3649538,0,0,127.8594,1,0,1,1,29.18476,1.979261,0,1,270,216,0,0,0,1,1.007688,0,1,1,2,30,17.82178,1,1000,6,25,15,1.2,13.06432,-11.98598,-11.98598,1,0,16,0,26.98598,26.98598,1,1,150,0,0,0,127,30,0,0,30,1,-129.5759,
230.4205,2115.507,20.05043,0.03571974,0,93.23746,18.84409,14.32744,97.86097,358.7735,214.7993,0,2,2.397574,282.86,300,0.7,0,0,32.1053,32.1053,1,1,0.9970793,1.010808,300,0.363957,0,0,127.8594,1,0,1,1,28.56083,1.91814,0,1,270,224,0,0,0,1,1.007688,0,1,1,2,30,17.89264,1,1000,6,25,15,1.2,13.06798,-12.28545,-12.28545,1,0,16,0,27.28545,27.28545,1,1,150,0,0,0,128,30,0,0,30,1,-129.9496,
230.5223,2104.672,19.92988,0.05693953,0,93.21655,18.82636,14.27387,97.88129,365.7588,215.5242,0,2,2.385295,282.64,300,0.7,0,0,32.19629,32.19629,1,1,1.000829,1.01087,300,0.3628033,0,0,127.8594,1,0,1,1,28.41074,1.931532,0,1,270,224,0,0,0,1,1.007653,0,1,1,2,20,17.37452,1,1000,6,25,15,1.2,13.06569,-10.38981,-10.38981,1,0,16,0,25.38981,25.38981,1,1,150,0,0,0,127,30,0,0,30,1,-130.0701,
230.6244,2121.491,20.33975,0.03100424,0,93.09113,18.80274,14.31004,97.83048,366.3691,217.7939,0,2,2.386677,282.78,300,0.7,0,0,32.28542,32.28542,1,1,0.9982972,1.010951,300,0.3713022,0,0,127.8594,1,0,1,1,28.62591,1.92249,0,1,270,204,0,0,0,1,1.007605,0,1,1,2,30,17.68173,1,1000,6,25,15,1.2,13.06401,-8.993542,-8.993542,1,0,16,0,23.99354,23.99354,1,1,150,0,0,0,127,30,0,0,30,1,-129.6602,
230.7251,2058.037,20.18906,0,0,93.21655,18.84409,14.18322,97.82033,366.8947,216.5541,0,2,2.383892,282.93,300,0.7,0,0,33.40449,33.40449,1,1,1.007174,1.010808,300,0.3813033,0,0,127.8594,1,0,1,1,27.69735,1.954194,0,1,270,204,0,0,0,1,1.007688,0,1,1,2,30,17.17557,1,1000,6,25,15,1.2,13.06355,-8.386747,-8.386747,1,0,16,0,23.38675,23.38675,1,1,150,0,0,0,128,30,0,0,30,1,-129.8109,
230.8263,2073.828,20.03838,0.05222402,0,93.23746,18.82046,14.27387,97.85081,360.808,216.268,0,2,2.384902,282.62,300,0.7,0,0,32.92727,32.92727,1,1,1.000829,1.01089,300,0.3730634,0,0,127.8594,1,0,1,1,27.94524,1.931532,0,1,270,208,0,0,0,1,1.007641,0,1,1,2,30,17.34104,1,1000,6,25,15,1.2,13.06538,-7.708433,-7.708433,1,0,16,0,22.70843,22.70843,1,1,150,0,0,0,127,30,0,0,30,1,-129.9616,
230.9269,2044.711,19.79728,0.03571974,0,93.19565,18.89281,14.06876,97.84064,358.3157,215.4669,0,2,2.351418,283.19,300,0.7,0,0,33.25103,33.25103,1,1,1.015187,1.010639,300,0.37216,0,0,127.8594,1,0,1,1,27.53801,1.982809,0,1,270,208,0,0,0,1,1.007786,0,1,1,2,30,17.11027,1,1000,6,25,15,1.2,13.06416,-7.390039,-7.390039,1,0,16,0,22.39004,22.39004,1,1,150,0,0,0,127,30,0,0,30,1,-130.2027,
231.0283,2009.243,20.36386,0.05222402,0,93.05978,18.79388,14.22809,97.85081,349.6181,217.9274,0,2,2.36086,282.82,300,0.7,0,0,34.57621,34.57621,1,1,1.004034,1.010982,300,0.3981241,0,0,127.8594,1,0,1,1,26.95554,1.942978,0,1,270,196,0,0,0,1,1.007588,0,1,1,2,10,16.82243,1,1000,6,25,15,1.2,13.06554,-6.986282,-6.986282,1,0,16,0,21.98628,21.98628,1,1,150,0,0,0,127,30,0,0,30,1,-129.6361,
231.1293,2034.588,20.10468,0.02864648,0,93.33152,18.83818,14.1704,98.07436,358.3666,221.3226,0,2,2.356731,283.26,300,0.7,0,0,33.78459,33.78459,1,1,1.008072,1.010829,300,0.3840336,0,0,127.8594,1,0,1,1,27.35811,1.957399,0,1,270,200,0,0,0,1,1.007676,0,1,1,2,20,16.82243,1,1000,6,25,15,1.2,13.06859,-6.201836,-6.201836,1,0,16,0,21.20184,21.20184,1,1,150,0,0,0,127,30,0,0,30,1,-129.8953,
231.2297,1971.609,20.4181,0.0380775,0,93.15385,18.82046,14.35537,97.86097,354.6875,219.4534,0,2,2.28378,283.8,300,0.7,0,0,35.39619,35.39619,1,1,0.9951243,1.01089,300,0.4090228,0,0,127.8594,1,0,1,1,26.48231,1.911158,0,1,270,196,0,0,0,1,1.007641,0,1,1,2,20,16.63586,1,1000,6,25,14.9858,1.2,13.06386,-6.255252,-6.255252,1,0,16,0,21.24106,21.24106,1,1,150,0,0,0,127,30,0,0,30,1,-129.5819,
231.3308,1990.314,20.0444,0.1111679,0,93.17474,18.79535,14.24411,97.87113,349.296,214.9329,0,2,2.305447,283.19,300,0.7,0,0,34.60609,34.60609,1,1,1.002912,1.010977,300,0.3923431,0,0,127.8594,1,0,1,1,26.73901,1.938972,0,1,270,212,0,0,0,1,1.007591,0,1,1,2,10,16.54412,1,1000,6,25,14.99516,1.2,13.06355,-5.618364,-5.618364,1,0,16,0,20.61352,20.61352,1,1,150,0,0,0,127,30,0,0,30,1,-129.9556,
231.434,1969.538,20.2855,0.04750851,0,93.23746,18.7732,14.30867,97.96259,349.3468,220.1972,0,2,2.297794,283.4,300,0.7,0,0,35.29047,35.29047,1,1,0.9983933,1.011054,300,0.4052083,0,0,127.8594,1,0,1,1,26.47157,1.922833,0,1,270,204,0,0,0,1,1.007546,0,1,1,2,20,16.51376,1,1000,6,25,14.98477,1.2,13.06477,-5.2695,-5.2695,1,0,16,0,20.25427,20.25427,1,1,150,0,0,0,127,30,0,0,30,1,-129.7145,
231.5348,1962.837,20.64715,0.03571974,0,93.07023,18.8559,14.40481,97.90162,353.0259,219.11,0,2,2.273619,283.95,300,0.7,0,0,35.82917,35.82917,1,1,0.9916631,1.010767,300,0.4187716,0,0,127.8594,1,0,1,1,26.35762,1.899198,0,1,270,204,0,0,0,1,1.007712,0,1,1,2,20,16.30435,1,1000,6,25,14.98142,1.2,13.06477,-4.875521,-4.875521,1,0,16,0,19.85694,19.85694,1,1,150,0,0,0,128,30,0,0,30,1,-129.3529,
231.6351,1935.234,20.30961,0.02628873,0,93.11204,18.83227,14.14385,97.85081,339.2589,216.4969,0,2,2.306154,282.94,300,0.7,0,0,36.00881,36.00881,1,1,1.009931,1.010849,300,0.4143868,0,0,127.8594,1,0,1,1,26.06958,1.964038,0,1,270,216,0,0,0,1,1.007665,0,1,1,2,40,16.12903,1,1000,6,25,14.96762,1.2,13.06188,-4.677412,-4.677412,1,0,16,0,19.64503,19.64503,1,1,150,0,0,0,127,30,0,0,30,1,-129.6904,
231.7355,1922.707,20.46632,0.05929728,0,93.2061,18.82046,14.40573,97.88129,350.0589,219.6632,0,2,2.243158,283.62,300,0.7,0,0,36.43942,36.43942,1,1,0.991599,1.01089,300,0.4227621,0,0,127.8594,1,0,1,1,25.90947,1.899045,0,1,270,204,0,0,0,1,1.007641,0,1,1,2,20,16.07143,1,1000,6,25,14.96135,1.2,13.06416,-4.511499,-4.511499,1,0,16,0,19.47285,19.47285,1,1,150,0,0,0,128,30,0,0,30,1,-129.5337,
231.8366,1919.386,20.74961,0,0,93.2061,18.78502,14.30684,97.99307,340.3949,221.952,0,2,2.271273,283.28,300,0.7,0,0,36.82903,36.82903,1,1,0.9985214,1.011013,300,0.4332667,0,0,127.8594,1,0,1,1,25.84544,1.923291,0,1,270,204,0,0,0,1,1.00757,0,1,1,2,20,15.98579,1,1000,6,25,14.95969,1.2,13.06416,-4.089341,-4.089341,1,0,16,0,19.04903,19.04903,1,1,150,0,0,0,127,30,0,0,30,1,-129.2504,
231.9372,1885.962,20.84002,0.02864648,0,93.11204,18.84261,14.46982,97.91177,339.6489,214.8375,0,2,2.247438,283.66,300,0.7,0,0,37.61456,37.61456,1,1,0.9871123,1.010813,300,0.4448962,0,0,127.8594,1,0,1,1,25.4518,1.888362,0,1,270,192,0,0,0,1,1.007685,0,1,1,2,40,15.87302,1,1000,6,25,14.94298,1.2,13.06523,-3.927255,-3.927255,1,0,16,0,18.87024,18.87024,1,1,150,0,0,0,127,30,0,0,30,1,-129.16,
232.0377,1890.717,21.15947,0.06165504,0,93.12249,18.8308,14.33614,98.00323,339.3776,220.9602,0,2,2.26886,283.78,300,0.7,0,0,37.88559,37.88559,1,1,0.9964703,1.010854,300,0.4549061,0,0,127.8594,1,0,1,1,25.47989,1.915965,0,1,270,192,0,0,0,1,1.007662,0,1,1,2,10,15.625,1,1000,6,25,14.94536,1.2,13.06569,-3.310669,-3.310669,1,0,16,0,18.25603,18.25603,1,1,150,0,0,0,127,30,0,0,30,1,-128.8405,
232.1407,1870.907,21.44879,0.02393097,0,93.14339,18.84704,14.16399,97.91177,342.4803,221.5133,0,2,2.291862,283.37,300,0.7,0,0,38.62961,38.62961,1,1,1.008521,1.010798,300,0.4704828,0,0,127.8594,1,0,1,1,25.22976,1.959002,0,1,270,192,0,0,0,1,1.007694,0,1,1,2,40,15.70681,1,1000,6,25,14.93545,1.2,13.06325,-2.668291,-2.668291,1,0,16,0,17.60374,17.60374,1,1,150,0,0,0,128,30,0,0,30,1,-128.5512,
232.2412,1846.495,21.17756,0.07580156,0,93.04933,18.78502,14.32927,97.85081,334.1726,216.1536,0,2,2.246569,283.84,300,0.7,0,0,38.78649,38.78649,1,1,0.9969511,1.011013,300,0.466843,0,0,127.8594,1,0,1,1,24.97151,1.917682,0,1,270,204,0,0,0,1,1.00757,0,1,1,2,30,15.30612,1,1000,6,25,14.92325,1.2,13.06355,-2.481832,-2.481832,1,0,16,0,17.40508,17.40508,1,1,150,0,0,0,127,30,0,0,30,1,-128.8224,
232.3437,1855.058,21.73811,0.03571974,0,93.13294,18.80865,14.5124,97.86097,332.6806,220.6931,0,2,2.256987,283.77,300,0.7,0,0,39.29672,39.29672,1,1,0.9841318,1.010931,300,0.4853477,0,0,127.8594,1,0,1,1,25.02701,1.881266,0,1,270,204,0,0,0,1,1.007617,0,1,1,2,40,15.51724,1,1000,6,25,14.92753,1.2,13.06416,-2.132356,-2.132356,1,0,16,0,17.05989,17.05989,1,1,150,0,0,0,127,30,0,0,30,1,-128.2619,
232.4439,1842.299,21.63564,0.05458177,0,93.12249,18.81307,14.30317,97.90162,331.2395,223.0964,0,2,2.287521,284.03,300,0.7,0,0,39.3717,39.3717,1,1,0.9987778,1.010916,300,0.4841855,0,0,127.8594,1,0,1,1,24.88982,1.924206,0,1,270,212,0,0,0,1,1.007626,0,1,1,2,30,15.41096,1,1000,6,25,14.92115,1.2,13.06538,-1.709496,-1.709496,1,0,16,0,16.63065,16.63065,1,1,150,0,0,0,127,30,0,0,30,1,-128.3644,
232.5492,1807.011,22.05153,0.0380775,0,93.2479,18.85737,14.1498,98.02355,325.1359,217.6223,0,2,2.243706,283.51,300,0.7,0,0,40.26078,40.26078,1,1,1.009514,1.010762,300,0.505202,0,0,127.8594,1,0,1,1,24.46145,1.96255,0,1,270,216,0,0,0,1,1.007715,0,1,1,2,20,15.07538,1,1000,6,25,14.90351,1.2,13.06355,-1.427077,-1.427077,1,0,16,0,16.33058,16.33058,1,1,150,0,0,0,127,30,0,0,30,1,-127.9485,
232.6497,1822.932,21.65975,0,0,93.32107,18.89134,14.32881,98.12517,324.0508,215.6577,0,2,2.292742,283.27,300,0.7,0,0,39.62489,39.62489,1,1,0.9969831,1.010645,300,0.4881041,0,0,127.8594,1,0,1,1,24.66807,1.917797,0,1,270,200,0,0,0,1,1.007783,0,1,1,2,40,15.17707,1,1000,6,25,14.91147,1.2,13.06432,-1.19917,-1.19917,1,0,16,0,16.11019,16.11019,1,1,150,0,0,0,127,30,0,0,30,1,-128.3403,
232.7499,1796.73,21.93701,0.007426695,0,93.2479,18.89281,14.29219,98.18613,324.4577,216.9356,0,2,2.290831,283.42,300,0.7,0,0,40.24698,40.24698,1,1,0.999547,1.010639,300,0.5025537,0,0,127.8594,1,0,1,1,24.35282,1.926953,0,1,270,216,0,0,0,1,1.007786,0,1,1,2,40,14.92537,1,1000,6,25,14.89837,1.2,13.06477,-0.898509,-0.898509,1,0,16,0,15.80114,15.80114,1,1,150,0,0,0,127,30,0,0,30,1,-128.063,
232.8514,1774.833,22.19619,0.06165504,0,93.08068,18.7481,14.42633,97.92194,330.663,219.4534,0,2,2.233331,283.83,300,0.7,0,0,40.79237,40.79237,1,1,0.9901569,1.01114,300,0.5158684,0,0,127.8594,1,0,1,1,24.09013,1.895612,0,1,270,216,0,0,0,1,1.007496,0,1,1,2,30,14.80263,1,1000,6,25,14.88742,1.2,13.06615,-0.5869846,-0.5869846,1,0,16,0,15.4744,15.4744,1,1,150,0,0,0,127,30,0,0,30,1,-127.8038,
232.9514,1793.615,22.38907,0,0,93.1852,18.84409,14.35445,98.04388,331.6803,217.9274,0,2,2.256965,283.62,300,0.7,0,0,40.79995,40.79995,1,1,0.9951884,1.010808,300,0.5200478,0,0,127.8594,1,0,1,1,24.28917,1.911387,0,1,270,200,0,0,0,1,1.007688,0,1,1,2,30,14.90066,1,1000,6,25,14.89681,1.2,13.066,-0.336463,-0.336463,1,0,16,0,15.23327,15.23327,1,1,150,0,0,0,127,30,0,0,30,1,-127.6109,
233.0534,1759.118,22.40112,0.04750851,0,93.01797,18.79683,14.40252,97.9321,324.0508,218.7095,0,2,2.228216,284.02,300,0.7,0,0,41.20155,41.20155,1,1,0.9918233,1.010972,300,0.5260943,0,0,127.8594,1,0,1,1,23.90206,1.899579,0,1,270,216,0,0,0,1,1.007594,0,1,1,2,40,14.80263,1,1000,6,25,14.87956,1.2,13.06355,-0.1570635,-0.1570635,1,0,16,0,15.03662,15.03662,1,1,150,0,0,0,127,30,0,0,30,1,-127.5989,
233.1555,1767.513,22.68441,0.04750851,0,93.12249,18.83375,14.39566,97.98291,330.0187,219.1482,0,2,2.23885,283.95,300,0.7,0,0,41.42755,41.42755,1,1,0.992304,1.010844,300,0.5354901,0,0,127.8594,1,0,1,1,23.97984,1.901086,0,1,270,212,0,0,0,1,1.007668,0,1,1,2,20,14.77833,1,1000,6,25,14.88376,1.2,13.06615,0.2912836,0.2912836,1,0,16,0,14.59247,14.59247,1,1,150,0,0,0,127,30,0,0,30,1,-127.3156,
233.2576,1733.603,22.75674,0.05929728,0,92.99707,18.78502,14.19009,97.90162,319.6935,218.2899,0,2,2.239237,283.94,300,0.7,0,0,41.88443,41.88443,1,1,1.006694,1.011013,300,0.5437796,0,0,127.8594,1,0,1,1,23.5985,1.952478,0,1,270,224,0,0,0,1,1.00757,0,1,1,2,30,14.56311,1,1000,6,25,14.8668,1.2,13.06554,0.6083832,0.6083832,1,0,16,0,14.25842,14.25842,1,1,150,0,0,0,127,30,0,0,30,1,-127.2433,
233.3595,1759.428,23.07016,0.03336199,0,92.97617,18.89134,14.2757,97.89146,320.1004,217.8512,0,2,2.287256,283.26,300,0.7,0,0,41.95194,41.95194,1,1,1.000701,1.010645,300,0.5458854,0,0,127.8594,1,0,1,1,23.86833,1.931074,0,1,270,204,0,0,0,1,1.007783,0,1,1,2,20,14.53958,1,1000,6,25,14.87971,1.187581,13.06538,0.8584194,0.8584194,1,0,16,0,14.01312,14.01312,1,1,150,0,0,0,128,30,0,0,30,1,-126.9298,
233.4616,1725.427,22.97372,0.04515076,0,93.17474,18.86623,14.23358,98.02355,315.031,217.0119,0,2,2.282773,283.55,300,0.7,0,0,42.21562,42.21562,1,1,1.003649,1.010731,300,0.5476656,0,0,127.8594,1,0,1,1,23.49707,1.941604,0,1,270,192,0,0,0,1,1.007733,0,1,1,2,20,14.4,1,1000,6,25,14.86271,1.187581,13.07271,1.044716,1.044716,1,0,16,0,13.82768,13.82768,1,1,150,0,0,0,127,30,0,0,30,1,-127.0263,
233.5636,1715.07,23.6066,0.03571974,0,93.02843,18.86623,14.20062,97.91177,323.6439,223.4207,0,2,2.258175,283.38,300,0.7,0,0,43.02791,43.02791,1,1,1.005957,1.010731,300,0.5737807,0,0,127.8594,1,0,1,1,23.35317,1.949845,0,1,270,192,0,0,0,1,1.007733,0,1,1,2,40,14.35407,1,1000,6,25,14.85754,1.187581,13.06538,1.242049,1.242049,1,0,16,0,13.61549,13.61549,1,1,150,0,0,0,128,30,0,0,30,1,-126.3934,
233.6682,1738.727,23.52824,0.03571974,0,93.28971,18.86328,14.18414,98.21662,324.0508,223.6687,0,2,2.245856,283.72,300,0.7,0,0,42.68896,42.68896,1,1,1.00711,1.010742,300,0.5540434,0,0,127.8594,1,0,1,1,23.61603,1.953966,0,1,270,200,0,0,0,1,1.007727,0,1,1,2,40,14.46945,1,1000,6,25,14.86936,1.160602,13.06477,1.433429,1.433429,1,0,16,0,13.43594,13.43594,1,1,150,0,0,0,127,30,0,0,30,1,-126.4718,
233.7696,1710.181,23.59455,0.01921546,0,93.08068,18.82046,14.04679,98.09468,320.9311,224.4698,0,2,2.251739,283.97,300,0.7,0,0,43.06659,43.06659,1,1,1.016725,1.01089,300,0.5610926,0,0,127.8594,1,0,1,1,23.30023,1.988303,0,1,270,212,0,0,0,1,1.007641,0,1,1,2,40,14.28571,1,1000,6,25,14.85509,1.160602,13.06249,1.607378,1.607378,1,0,16,0,13.24771,13.24771,1,1,150,0,0,0,127,30,0,0,30,1,-126.4055,
233.8713,1668.149,24.08277,0.04515076,0,92.99707,18.80126,14.44052,97.91177,317.6589,224.9275,0,2,2.154693,284.78,300,0.7,0,0,43.99057,43.99057,1,1,0.9891633,1.010956,300,0.5858349,0,0,127.8594,1,0,1,1,22.82264,1.893246,0,1,270,200,0,0,0,1,1.007603,0,1,1,2,30,14.33121,1,1000,5,27.1,14.83407,1.160602,13.06783,1.668385,1.668385,1,0,16,0,13.16569,13.16569,1,1,150,0,0,0,127,30,0,0,30,1,-125.9172,
233.9758,1596.764,24.52277,0.05222402,0,93.05978,18.85442,14.11226,97.95242,313.0982,222.0283,0,2,2.155631,284.77,300,0.7,0,0,44.9171,44.9171,1,1,1.012142,1.010772,300,0.6105249,0,0,127.8594,1,0,1,1,22.03974,1.971936,0,1,270,208,0,0,0,1,1.007709,0,1,1,2,30,14.12873,1,1000,5,27.1,14.79838,1.160602,13.06645,1.804614,1.804614,1,0,16,0,12.99377,12.99377,1,1,150,0,0,0,127,30,0,0,30,1,-125.4772,
234.0777,1548.707,24.28167,0.02628873,0,93.11204,18.79388,14.31828,98.05404,305.5534,225.309,0,2,2.052037,285.05,300,0.7,0,0,45.27549,45.27549,1,1,0.9977202,1.010982,300,0.591316,0,0,127.8594,1,0,1,1,21.52588,1.920429,0,1,270,204,0,0,0,1,1.007588,0,1,1,2,20,14.377,1,1000,5,27.1,14.77435,1.124334,13.06371,1.76729,1.76729,1,0,16,0,13.00706,13.00706,1,1,150,0,0,0,128,30,0,0,30,1,-125.7183,
234.1785,1518.065,25.19181,0.0003534328,0,93.15385,18.81455,14.2519,97.99307,300.2128,226.2627,0,2,2.011436,285.49,300,0.7,0,0,45.20722,45.20722,1,1,1.002367,1.01091,300,0.6131724,0,0,127.8594,1,0,1,1,21.19152,1.937026,0,1,270,212,0,0,0,1,1.007629,0,1,1,2,30,14.28571,1,1000,5,27.1,14.75903,1.124334,13.06538,1.740048,1.740048,1,0,16,0,13.01898,13.01898,1,1,150,0,0,0,127,30,0,0,30,1,-124.8082,
234.2791,1477.614,25.46907,0.0003534328,0,93.03888,18.89134,14.32149,97.94226,302.4508,225.5379,0,2,1.945525,286.19,300,0.7,0,0,44.76843,44.76843,1,1,0.9974959,1.010645,300,0.6146785,0,0,127.8594,1,0,1,1,20.82091,1.919628,0,1,270,216,0,0,0,1,1.007783,0,1,1,2,40,14.24051,1,1000,5,27.1,14.73881,1.124334,13.06188,1.69415,1.69415,1,0,16,0,13.04466,13.04466,1,1,150,0,0,0,128,30,0,0,30,1,-124.5309,
234.3797,1457.443,25.3666,0.04750851,0,93.04933,18.84409,14.28486,97.88129,293.1089,226.4534,0,2,1.918966,286.17,300,0.7,0,0,44.44544,44.44544,1,1,1.00006,1.010808,300,0.5894471,0,0,127.8594,1,0,1,1,20.65954,1.928785,0,1,270,216,0,0,0,1,1.007688,0,1,1,2,40,14.24051,1,1000,5,27.1,14.72872,1.089584,13.06661,1.65839,1.65839,1,0,16,0,13.07033,13.07033,1,1,150,0,0,0,127,30,0,0,30,1,-124.6334,
234.481,1430.07,26.19839,0.007426695,0,93.00752,18.78945,14.15621,98.01339,295.9911,220.655,0,2,1.930594,286.1,300,0.7,0,0,44.46568,44.46568,1,1,1.009065,1.010997,300,0.6096671,0,0,127.8594,1,0,1,1,20.44056,1.960948,0,1,270,212,0,0,0,1,1.007579,0,1,1,2,20,14.08451,1,1000,5,27.1,14.71504,1.089584,13.06355,1.650206,1.650206,1,0,16,0,13.06483,13.06483,1,1,150,0,0,0,127,30,0,0,30,1,-123.8016,
234.581,1401.476,26.96989,0.03100424,0,93.02843,18.80865,14.35079,97.9321,292.2442,223.2109,0,2,1.891993,286.32,300,0.7,0,0,44.47311,44.47311,1,1,0.9954448,1.010931,300,0.6283189,0,0,127.8594,1,0,1,1,20.21181,1.912303,0,1,270,212,0,0,0,1,1.007617,0,1,1,2,30,14.26307,1,1000,5,27.1,14.70074,1.089584,13.06416,1.602901,1.602901,1,0,16,0,13.09784,13.09784,1,1,150,0,0,0,128,30,0,0,30,1,-123.0301,
234.6824,1375.831,27.74743,0.07580156,0,92.94482,18.78354,14.45334,97.88129,297.2118,229.3145,0,2,1.845907,286.5,300,0.7,0,0,44.55072,44.55072,1,1,0.988266,1.011018,300,0.6476172,0,0,127.8594,1,0,1,1,20.00665,1.891109,0,1,270,212,0,0,0,1,1.007567,0,1,1,2,30,14.17323,1,1000,5,27.1,14.7,1.089584,13.06813,1.517806,1.517806,1,0,16,0,13.18219,13.18219,1,1,150,0,0,0,127,30,0,0,30,1,-122.2526,
234.7859,1351.473,27.62688,0.002711187,0,93.15385,18.80865,14.14202,98.02355,278.7654,226.4153,0,2,1.858276,286.41,300,0.7,0,0,44.19266,44.19266,1,1,1.010059,1.010931,300,0.639598,0,0,127.8594,1,0,1,1,19.81178,1.964496,0,1,270,220,0,0,0,1,1.007617,0,1,1,2,40,14.17323,1,1000,5,27.1,14.7,1.089584,13.06523,1.447186,1.447186,1,0,16,0,13.25281,13.25281,1,1,150,0,0,0,127,30,0,0,30,1,-122.3731,
234.8881,1341.742,28.90469,0.009784449,0,93.21655,18.84409,13.87556,98.0642,283.1057,225.4616,0,2,1.878438,286.36,300,0.7,0,0,44.76481,44.76481,1,1,1.032444,1.010808,300,0.6598971,0,0,127.8594,1,0,1,1,19.68977,2.031111,0,1,270,204,0,0,0,1,1.007688,0,1,1,2,70,14.17323,1,1000,5,27.1,14.7,1.060789,13.06325,1.325275,1.325275,1,0,16,0,13.37473,13.37473,1,1,150,0,0,0,127,30,0,0,30,1,-121.0953,
234.9892,1330.082,28.3562,0.01921546,0,93.17474,18.80865,14.35491,98.11501,276.2731,227.6932,0,2,1.828863,286.82,300,0.7,0,0,44.33292,44.33292,1,1,0.9951564,1.010931,300,0.6411618,0,0,127.8594,1,0,1,1,19.62386,1.911273,0,1,270,204,0,0,0,1,1.007617,0,1,1,2,50,14.04056,1,1000,5,27.1,14.7,1.060789,13.06477,1.204385,1.204385,1,0,16,0,13.49562,13.49562,1,1,150,0,0,0,127,30,0,0,30,1,-121.6438,
235.0898,1320.481,29.64003,0.02628873,0,93.12249,18.8367,14.2931,98.0642,285.6489,228.3799,0,2,1.826665,287.08,300,0.7,0,0,44.9344,44.9344,1,1,0.9994829,1.010834,300,0.679256,0,0,127.8594,1,0,1,1,19.48876,1.926725,0,1,270,216,0,0,0,1,1.007673,0,1,1,2,30,14.10658,1,1000,5,27.1,14.7,1.060789,13.06523,1.046258,1.046258,1,0,16,0,13.65374,13.65374,1,1,150,0,0,0,127,30,0,0,30,1,-120.36,
235.192,1318.044,29.24825,0,0,93.14339,18.84999,14.02847,97.94226,283.4109,225.0801,0,2,1.845262,286.75,300,0.7,0,0,44.69001,44.69001,1,1,1.018007,1.010788,300,0.6666192,0,0,127.8594,1,0,1,1,19.48764,1.992882,0,1,270,216,0,0,0,1,1.0077,0,1,1,2,30,13.95349,1,1000,5,27.1,14.7,1.060789,13.06188,0.9952488,0.9952488,1,0,16,0,13.70475,13.70475,1,1,150,0,0,0,127,30,0,0,30,1,-120.7517,
235.2941,1306.279,29.86908,0.01685771,0,93.10159,18.79683,14.09257,97.97275,289.2263,227.7504,0,2,1.817905,287.24,300,0.7,0,0,44.91185,44.91185,1,1,1.01352,1.010972,300,0.6721005,0,0,127.8594,1,0,1,1,19.36845,1.976858,0,1,270,204,0,0,0,1,1.007594,0,1,1,2,40,13.59517,1,1000,5,27.1,14.7,1.042029,13.06355,0.9376097,0.9376097,1,0,16,0,13.76239,13.76239,1,1,150,0,0,0,127,30,0,0,30,1,-120.1309,
235.3973,1301.462,29.61592,0.01921546,0,93.13294,18.82636,14.20611,98.05404,281.9698,227.0829,0,2,1.811201,287.04,300,0.7,0,0,44.71701,44.71701,1,1,1.005572,1.01087,300,0.6634851,0,0,127.8594,1,0,1,1,19.3421,1.948472,0,1,270,208,0,0,0,1,1.007653,0,1,1,2,30,13.45291,1,1000,5,27.1,14.7,1.042029,13.06706,0.9488316,0.9488316,1,0,16,0,13.75117,13.75117,1,1,150,0,0,0,127,30,0,0,30,1,-120.3841,
235.4985,1298.476,30.18853,0.05693953,0,92.86121,18.82341,14.3659,97.84064,288.0904,233.0148,0,2,1.785405,287.27,300,0.7,0,0,45.01203,45.01203,1,1,0.9943872,1.01088,300,0.6808074,0,0,127.8594,1,0,1,1,19.29449,1.908526,0,1,270,220,0,0,0,1,1.007647,0,1,1,2,50,13.0246,1,1000,5,27.1,14.69936,1.042029,13.06645,0.9110851,0.9110851,1,0,16,0,13.78892,13.78892,1,1,150,0,0,0,127,30,0,0,30,1,-119.8115,
235.6002,1304.461,30.32716,0.02393097,0,92.96572,18.81455,14.41305,97.89146,285.5472,227.0638,0,2,1.826246,286.78,300,0.7,0,0,45.15237,45.15237,1,1,0.9910862,1.01091,300,0.6860938,0,0,127.8594,1,0,1,1,19.33447,1.897824,0,1,270,208,0,0,0,1,1.007629,0,1,1,2,30,13.0246,1,1000,5,27.1,14.69896,1.042029,13.06569,0.8745699,0.8745699,1,0,16,0,13.8236,13.8236,1,1,150,0,0,0,127,30,0,0,30,1,-119.6728,
235.7002,1309.472,29.38688,0.04279301,0,93.04933,18.75549,14.3659,97.97275,270.7459,228.8949,0,2,1.822348,286.91,300,0.7,0,0,44.6739,44.6739,1,1,0.9943872,1.011115,300,0.6577863,0,0,127.8594,1,0,1,1,19.41446,1.908526,0,1,270,212,0,0,0,1,1.007511,0,1,1,2,50,13.10044,1,1000,5,27.1,14.7,1.042029,13.06584,0.7885494,0.7885494,1,0,16,0,13.91134,13.91134,1,1,150,0,0,0,127,30,0,0,30,1,-120.6131,
235.8013,1294.219,30.29099,0.03336199,0,92.97617,18.80865,14.16399,97.92194,288.1242,227.2164,0,2,1.811907,287.01,300,0.7,0,0,45.02694,45.02694,1,1,1.008521,1.010931,300,0.6735317,0,0,127.8594,1,0,1,1,19.25746,1.959002,0,1,270,208,0,0,0,1,1.007617,0,1,1,2,60,12.87554,1,1000,5,27.1,14.69897,1.027016,13.06554,0.6078825,0.6078825,1,0,16,0,14.09194,14.09194,1,1,150,0,0,0,127,30,0,0,30,1,-119.709,
235.9055,1297.241,29.9836,0.04515076,0,92.93436,18.8116,14.21527,97.96259,283.377,226.3199,0,2,1.805327,287.01,300,0.7,0,0,44.88206,44.88206,1,1,1.004931,1.010921,300,0.6645021,0,0,127.8594,1,0,1,1,19.2937,1.946183,0,1,270,216,0,0,0,1,1.007623,0,1,1,2,20,12.89398,1,1000,5,27.1,14.7,1.027016,13.06477,0.5168924,0.5168924,1,0,16,0,14.18195,14.18195,1,1,150,0,0,0,127,30,0,0,30,1,-120.0164,
236.0055,1303.215,29.89921,0.02628873,0,93.04933,18.82489,14.10905,97.87113,284.886,230.8022,0,2,1.79192,287.12,300,0.7,0,0,44.89665,44.89665,1,1,1.012366,1.010875,300,0.6628348,0,0,127.8594,1,0,1,1,19.34345,1.972737,0,1,270,228,0,0,0,1,1.00765,0,1,1,2,50,12.78409,1,1000,5,27.1,14.7,1.027016,13.06477,0.4149132,0.4149132,1,0,16,0,14.28509,14.28509,1,1,150,0,0,0,128,30,0,0,30,1,-120.1008,
236.1063,1298.364,30.48387,0.007426695,0,93.08068,18.81455,14.23267,97.9321,282.6479,228.4562,0,2,1.828529,286.75,300,0.7,0,0,45.17958,45.17958,1,1,1.003713,1.01091,300,0.6801407,0,0,127.8594,1,0,1,1,19.28104,1.941833,0,1,270,216,0,0,0,1,1.007629,0,1,1,2,50,12.78409,1,1000,5,27.1,14.69836,1.027016,13.06126,0.3362045,0.3362045,1,0,16,0,14.36195,14.36195,1,1,150,0,0,0,127,30,0,0,30,1,-119.5161,
236.2083,1282.928,29.82688,0.05693953,0,92.88211,18.74072,14.20062,97.92194,280.1217,227.5406,0,2,1.774718,287.24,300,0.7,0,0,44.64104,44.64104,1,1,1.005957,1.011166,300,0.6534967,0,0,127.8594,1,0,1,1,19.18959,1.949845,0,1,270,208,0,0,0,1,1.007481,0,1,1,2,20,12.65823,1,1000,5,27.1,14.7,1.020691,13.06569,0.2689409,0.2689409,1,0,16,0,14.43058,14.43058,1,1,150,0,0,0,127,30,0,0,30,1,-120.1731,
236.3088,1269.036,29.74853,0.007426695,0,92.97617,18.79683,14.25006,97.9321,279.9522,231.3554,0,2,1.734349,287.64,300,0.7,0,0,44.44771,44.44771,1,1,1.002495,1.010972,300,0.6489046,0,0,127.8594,1,0,1,1,19.08508,1.937484,0,1,270,224,0,0,0,1,1.007594,0,1,1,2,0,12.71186,1,1000,5,27.1,14.7,1.020691,13.06325,0.2632408,0.2632408,1,0,16,0,14.43676,14.43676,1,1,150,0,0,0,127,30,0,0,30,1,-120.2515,
236.4103,1261.777,30.69483,0.01685771,0,93.02843,18.82932,14.41351,97.94226,283.1057,228.6088,0,2,1.745458,287.58,300,0.7,0,0,44.93583,44.93583,1,1,0.9910542,1.010859,300,0.6770149,0,0,127.8594,1,0,1,1,18.99343,1.897748,0,1,270,224,0,0,0,1,1.007659,0,1,1,2,40,12.69393,1,1000,5,27.1,14.6968,1.020691,13.06188,0.1763191,0.1763191,1,0,16,0,14.52117,14.52117,1,1,150,0,0,0,127,30,0,0,30,1,-119.3052,
236.5115,1243.008,30.61045,0,0,93.15385,18.86623,14.17132,97.91177,275.3406,228.0556,0,2,1.740211,287.55,300,0.7,0,0,44.76261,44.76261,1,1,1.008008,1.010731,300,0.6725152,0,0,127.8594,1,0,1,1,18.85344,1.95717,0,1,270,228,0,0,0,1,1.007733,0,1,1,2,50,12.65823,1,1000,5,33.1,14.69681,1.020691,13.06325,0.1381598,0.1381598,1,0,16,0,14.55861,14.55861,1,1,150,0,0,0,127,30,0,0,30,1,-119.3896,
236.6148,1220.902,32.12333,0.02628873,0,93.08068,18.81307,14.12004,97.89146,273.8994,230.7259,0,2,1.760134,287.39,300,0.7,0,0,45.65981,45.65981,1,1,1.011597,1.010916,300,0.720419,0,0,127.8594,1,0,1,1,18.63709,1.96999,0,1,270,236,0,0,0,1,1.007626,0,1,1,2,30,12.48266,1,1000,5,33.1,14.68732,1.020691,13.06462,0.01524353,0.01524353,1,0,16,0,14.66902,14.66902,1,1,150,0,0,0,127,30,0,0,30,1,-117.8767,
236.7179,1213.494,31.30963,0.02157322,0,93.07023,18.76139,14.09028,98.07436,264.3371,232.6333,0,2,1.719117,287.48,300,0.7,0,0,45.16339,45.16339,1,1,1.01368,1.011095,300,0.6940972,0,0,127.8594,1,0,1,1,18.60701,1.97743,0,1,270,256,0,0,0,1,1.007523,0,1,1,2,10,12.46537,1,1000,5,27.1,14.69186,1.020284,13.0634,-0.05720329,-0.05720329,1,0,16,0,14.74621,14.74621,1,1,150,0,0,0,127,30,0,0,30,1,-118.6904,
236.8186,1223.691,31.00826,0.04043525,0,93.01797,18.80717,14.01749,97.9321,274.8658,233.6252,0,2,1.723364,287.68,300,0.7,0,0,44.98925,44.98925,1,1,1.018776,1.010936,300,0.6846171,0,0,127.8594,1,0,1,1,18.69339,1.995629,0,1,270,248,0,0,0,1,1.007614,0,1,1,2,50,12.71186,1,1000,5,27.1,14.69408,1.020284,13.0631,-0.1655788,-0.1655788,1,0,16,0,14.86096,14.86096,1,1,150,0,0,0,127,30,0,0,30,1,-118.9917,
236.9187,1246.468,31.72552,0,0,93.11204,18.7732,14.29768,98.09468,285.5472,229.7913,0,2,1.755443,287.02,300,0.7,0,0,45.44014,45.44014,1,1,0.9991624,1.011054,300,0.7076477,0,0,127.8594,1,0,1,1,18.84057,1.92558,0,1,270,224,0,0,0,1,1.007546,0,1,1,2,20,12.34568,1,1000,5,27.1,14.69117,1.020284,13.06416,-0.2551832,-0.2551832,1,0,16,0,14.94935,14.94935,1,1,150,0,0,0,127,30,0,0,30,1,-118.2745,
237.0206,1252.244,31.35784,0.02628873,0,93.14339,18.81307,14.07975,98.09468,281.0712,226.8158,0,2,1.784447,286.86,300,0.7,0,0,45.24149,45.24149,1,1,1.014417,1.010916,300,0.6962473,0,0,127.8594,1,0,1,1,18.89695,1.980062,0,1,270,236,0,0,0,1,1.007626,0,1,1,2,40,12.2449,1,1000,5,27.1,14.69331,1.020284,13.06661,-0.4261312,-0.4261312,1,0,16,0,15.11838,15.11838,1,1,150,0,0,0,127,30,0,0,30,1,-118.6422,
237.1249,1258.336,30.70086,0.01449996,0,92.97617,18.84409,14.34713,97.97275,276.1375,228.8949,0,2,1.761671,287.03,300,0.7,0,0,44.90519,44.90519,1,1,0.9957012,1.010808,300,0.6764073,0,0,127.8594,1,0,1,1,18.96702,1.913218,0,1,270,232,0,0,0,1,1.007688,0,1,1,2,30,12.09677,1,1000,5,27.1,14.69669,1.020284,13.06538,-0.6293011,-0.6293011,1,0,16,0,15.32497,15.32497,1,1,150,0,0,0,127,30,0,0,30,1,-119.2991,
237.227,1279.154,31.03839,0.03571974,0,92.99707,18.7732,14.36635,97.84064,276.9513,230.0774,0,2,1.769497,287.02,300,0.7,0,0,45.30981,45.30981,1,1,0.9943551,1.011054,300,0.6992041,0,0,127.8594,1,0,1,1,19.11206,1.908411,0,1,270,236,0,0,0,1,1.007546,0,1,1,2,40,11.90476,1,1000,5,27.1,14.69582,1.033718,13.06188,-0.7854843,-0.7854843,1,0,16,0,15.48502,15.48502,1,1,150,0,0,0,127,30,0,0,30,1,-118.9616,
237.3274,1296.12,30.76716,0.04515076,0,93.01797,18.79683,14.39108,97.9321,280.41,226.9112,0,2,1.83617,286.61,300,0.7,0,0,45.31919,45.31919,1,1,0.9926245,1.010972,300,0.6931418,0,0,127.8594,1,0,1,1,19.2519,1.90223,0,1,270,228,0,0,0,1,1.007594,0,1,1,2,50,12,1,1000,5,27.1,14.69734,1.033718,13.06676,-0.8146887,-0.8146887,1,0,16,0,15.51097,15.51097,1,1,150,0,0,0,127,30,0,0,30,1,-119.2328,
237.4296,1304.405,29.76661,0.04986627,0,92.94482,18.72595,14.27937,97.78984,273.0348,230.2682,0,2,1.815296,286.96,300,0.7,0,0,44.834,44.834,1,1,1.000444,1.011217,300,0.6633691,0,0,127.8594,1,0,1,1,19.35841,1.930158,0,1,270,216,0,0,0,1,1.007452,0,1,1,2,20,12.04819,1,1000,5,27.1,14.7,1.033718,13.06355,-0.846859,-0.846859,1,0,16,0,15.54636,15.54636,1,1,150,0,0,0,127,30,0,0,30,1,-120.2334,
237.5299,1297.241,30.48387,0.02628873,0,93.00752,18.84261,14.27021,97.94226,280.2574,228.8758,0,2,1.805327,286.87,300,0.7,0,0,45.16824,45.16824,1,1,1.001085,1.010813,300,0.6843805,0,0,127.8594,1,0,1,1,19.27246,1.932448,0,1,270,240,0,0,0,1,1.007685,0,1,1,2,40,11.92053,1,1000,5,27.1,14.69834,1.033718,13.06386,-0.657011,-0.657011,1,0,16,0,15.35701,15.35701,1,1,150,0,0,0,127,30,0,0,30,1,-119.5161,
237.6329,1306.336,29.98962,0.07108605,0,92.90301,18.79535,14.32103,97.89146,283.377,225.3662,0,2,1.82887,286.73,300,0.7,0,0,44.98063,44.98063,1,1,0.9975279,1.010977,300,0.6801342,0,0,127.8594,1,0,1,1,19.36362,1.919742,0,1,270,220,0,0,0,1,1.007591,0,1,1,2,30,12.21167,1,1000,5,27.1,14.7,1.048637,13.06676,-0.6668091,-0.6668091,1,0,16,0,15.36584,15.36584,1,1,150,0,0,0,127,30,0,0,30,1,-120.0104,
237.7348,1323.452,29.96552,0.002711187,0,93.22701,18.78502,14.05823,98.10484,290.0232,229.2,0,2,1.841803,286.67,300,0.7,0,0,45.14632,45.14632,1,1,1.015924,1.011013,300,0.6821009,0,0,127.8594,1,0,1,1,19.49679,1.985442,0,1,270,224,0,0,0,1,1.00757,0,1,1,2,30,12.26158,1,1000,5,27.1,14.7,1.048637,13.06279,-0.6338053,-0.6338053,1,0,16,0,15.33381,15.33381,1,1,150,0,0,0,127,30,0,0,30,1,-120.0345,
237.8383,1318.913,29.77867,0,0,93.16429,18.80865,14.16399,98.08452,284.3943,226.2245,0,2,1.846478,286.74,300,0.7,0,0,44.99477,44.99477,1,1,1.008521,1.010931,300,0.6755493,0,0,127.8594,1,0,1,1,19.47027,1.959002,0,1,270,220,0,0,0,1,1.007617,0,1,1,2,40,12.12938,1,1000,5,27.1,14.7,1.048637,13.06416,-0.5752516,-0.5752516,1,0,16,0,15.27525,15.27525,1,1,150,0,0,0,127,30,0,0,30,1,-120.2213,
237.9398,1320.946,29.92935,0.02864648,0,93.04933,18.77025,14.31279,97.95242,292.8206,229.5243,0,2,1.849324,286.58,300,0.7,0,0,45.09999,45.09999,1,1,0.9981049,1.011064,300,0.680593,0,0,127.8594,1,0,1,1,19.47911,1.921803,0,1,270,220,0,0,0,1,1.00754,0,1,1,2,60,12.19512,1,1000,5,27.1,14.7,1.048637,13.06538,-0.4404697,-0.4404697,1,0,16,0,15.14047,15.14047,1,1,150,0,0,0,127,30,0,0,30,1,-120.0706,
238.0446,1318.565,29.04332,0.08287482,0,92.99707,18.75549,14.29081,97.83048,274.1538,227.3499,0,2,1.824016,286.87,300,0.7,0,0,44.58163,44.58163,1,1,0.9996431,1.011115,300,0.6528679,0,0,127.8594,1,0,1,1,19.50104,1.927297,0,1,270,212,0,0,0,1,1.007511,0,1,1,2,40,12.27831,1,1000,5,27.1,14.7,1.048637,13.06615,-0.421689,-0.421689,1,0,16,0,15.12169,15.12169,1,1,150,0,0,0,127,30,0,0,30,1,-120.9567,
238.1466,1315.674,29.97154,0.01685771,0,93.13294,18.76139,14.27937,97.89146,289.2602,227.9221,0,2,1.841944,286.58,300,0.7,0,0,45.0682,45.0682,1,1,1.000444,1.011095,300,0.6867289,0,0,127.8594,1,0,1,1,19.43648,1.930158,0,1,270,220,0,0,0,1,1.007523,0,1,1,2,40,12.21167,1,1000,5,27.1,14.7,1.057333,13.06538,-0.3023729,-0.3023729,1,0,16,0,15.00237,15.00237,1,1,150,0,0,0,127,30,0,0,30,1,-120.0285,
238.2482,1317.465,29.5436,0.02628873,0,92.93436,18.73776,14.19696,97.92194,287.2426,225.6714,0,2,1.844451,286.68,300,0.7,0,0,44.84834,44.84834,1,1,1.006213,1.011176,300,0.673644,0,0,127.8594,1,0,1,1,19.46972,1.950761,0,1,270,204,0,0,0,1,1.007475,0,1,1,2,40,12.32877,1,1000,5,27.1,14.7,1.057333,13.06615,-0.1532307,-0.1532307,1,0,16,0,14.85323,14.85323,1,1,150,0,0,0,127,30,0,0,30,1,-120.4564,
238.349,1320.016,29.69428,0.01921546,0,93.22701,18.84556,14.02481,97.99307,288.955,229.0475,0,2,1.848022,286.5,300,0.7,0,0,44.95958,44.95958,1,1,1.018263,1.010803,300,0.6786538,0,0,127.8594,1,0,1,1,19.48267,1.993797,0,1,270,212,0,0,0,1,1.007691,0,1,1,2,40,12.27831,1,1000,5,27.1,14.7,1.057333,13.06477,0.004480362,0.004480362,1,0,16,0,14.69552,14.69552,1,1,150,0,0,0,128,30,0,0,30,1,-120.3057,
238.4535,1320.364,29.5436,0.02628873,0,93.12249,18.80717,14.21527,97.98291,283.9196,227.0829,0,2,1.84851,286.56,300,0.7,0,0,44.87959,44.87959,1,1,1.004931,1.010936,300,0.6740459,0,0,127.8594,1,0,1,1,19.49227,1.946183,0,1,270,212,0,0,0,1,1.007614,0,1,1,2,30,12.17862,1,1000,5,27.1,14.7,1.057333,13.0631,0.02803326,0.02803326,1,0,16,0,14.67197,14.67197,1,1,150,0,0,0,127,30,0,0,30,1,-120.4564,
238.5543,1320.771,30.08606,0,0,93.08068,18.79831,14.16949,97.95242,289.6841,228.2845,0,2,1.84908,286.82,300,0.7,0,0,45.18517,45.18517,1,1,1.008136,1.010967,300,0.6895143,0,0,127.8594,1,0,1,1,19.47058,1.957628,0,1,270,220,0,0,0,1,1.007597,0,1,1,2,30,12.39669,1,1000,5,27.1,14.69977,1.054884,13.06477,0.1222496,0.1222496,1,0,16,0,14.57775,14.57775,1,1,150,0,0,0,127,30,0,0,30,1,-119.9139,
238.6578,1320.946,29.59784,0.02864648,0,93.08068,18.75549,14.05777,98.05404,284.3434,226.3008,0,2,1.849324,286.73,300,0.7,0,0,44.91596,44.91596,1,1,1.015956,1.011115,300,0.6743153,0,0,127.8594,1,0,1,1,19.49431,1.985556,0,1,270,216,0,0,0,1,1.007511,0,1,1,2,30,12.32877,1,1000,5,27.1,14.7,1.054884,13.06371,0.1966705,0.1966705,1,0,16,0,14.50333,14.50333,1,1,150,0,0,0,128,30,0,0,30,1,-120.4022,
238.7587,1311.303,29.89318,0.02628873,0,92.98662,18.75549,14.36178,97.9321,289.6841,230.9739,0,2,1.803042,286.85,300,0.7,0,0,44.97839,44.97839,1,1,0.9946756,1.011115,300,0.6819906,0,0,127.8594,1,0,1,1,19.40623,1.909556,0,1,270,224,0,0,0,1,1.007511,0,1,1,2,10,12.43094,1,1000,5,27.1,14.7,1.054884,13.06661,0.2392206,0.2392206,1,0,16,0,14.46078,14.46078,1,1,150,0,0,0,127,30,0,0,30,1,-120.1068,
238.86,1299.376,29.70634,0.04515076,0,93.02843,18.78206,14.20428,97.9321,283.1057,225.309,0,2,1.819127,286.66,300,0.7,0,0,44.74622,44.74622,1,1,1.0057,1.011023,300,0.6742034,0,0,127.8594,1,0,1,1,19.32203,1.948929,0,1,270,228,0,0,0,1,1.007564,0,1,1,2,30,12.44813,1,1000,5,27.1,14.7,1.054884,13.06416,0.2817707,0.2817707,1,0,16,0,14.41823,14.41823,1,1,150,0,0,0,127,30,0,0,30,1,-120.2937,
238.9614,1286.339,28.97702,0.007426695,0,93.01797,18.75253,14.09806,98.03371,269.9321,228.7423,0,2,1.795467,287.14,300,0.7,0,0,44.18434,44.18434,1,1,1.013135,1.011125,300,0.6494206,0,0,127.8594,1,0,1,1,19.25075,1.975484,0,1,270,216,0,0,0,1,1.007505,0,1,1,2,30,12.5,1,1000,5,27.1,14.7,1.054884,13.06416,0.2968693,0.2968693,1,0,16,0,14.40313,14.40313,1,1,150,0,0,0,127,30,0,0,30,1,-121.023,
239.0637,1275.781,29.88113,0.04750851,0,92.92391,18.77173,14.24457,97.88129,285.8184,227.9984,0,2,1.786094,286.93,300,0.7,0,0,44.59732,44.59732,1,1,1.00288,1.011059,300,0.6723649,0,0,127.8594,1,0,1,1,19.13214,1.938857,0,1,270,212,0,0,0,1,1.007543,0,1,1,2,40,12.41379,1,1000,5,27.1,14.7,1.049329,13.06615,0.3215761,0.3215761,1,0,16,0,14.37842,14.37842,1,1,150,0,0,0,127,30,0,0,30,1,-120.1189,
239.1652,1281.504,29.57976,0.01921546,0,92.97617,18.81898,14.02115,97.9321,282.5293,227.0638,0,2,1.804784,286.94,300,0.7,0,0,44.48183,44.48183,1,1,1.01852,1.010895,300,0.663815,0,0,127.8594,1,0,1,1,19.1885,1.994713,0,1,270,216,0,0,0,1,1.007638,0,1,1,2,70,12.44813,1,1000,5,27.1,14.7,1.049329,13.06538,0.3284397,0.3284397,1,0,16,0,14.37156,14.37156,1,1,150,0,0,0,127,30,0,0,30,1,-120.4202,
239.2671,1277.738,28.85044,0.03571974,0,93.03888,18.77025,14.20428,97.94226,271.2206,229.9821,0,2,1.767537,287.39,300,0.7,0,0,44.01398,44.01398,1,1,1.0057,1.011064,300,0.6406832,0,0,127.8594,1,0,1,1,19.18816,1.948929,0,1,270,220,0,0,0,1,1.00754,0,1,1,2,40,12.27831,1,1000,5,27.1,14.7,1.049329,13.0631,0.2193174,0.2193174,1,0,16,0,14.48068,14.48068,1,1,150,0,0,0,127,30,0,0,30,1,-121.1496,
239.3689,1266.945,29.8088,0.01449996,0,93.2061,18.7924,14.16399,98.14549,283.6652,227.5216,0,2,1.763166,287.37,300,0.7,0,0,44.46128,44.46128,1,1,1.008521,1.010987,300,0.6686716,0,0,127.8594,1,0,1,1,19.06659,1.959002,0,1,270,232,0,0,0,1,1.007585,0,1,1,2,60,12.3119,1,1000,5,27.1,14.7,1.049329,13.06371,0.1891212,0.1891212,1,0,16,0,14.51088,14.51088,1,1,150,0,0,0,127,30,0,0,30,1,-120.1912,
239.4693,1253.604,30.2488,0.0121422,0,93.09113,18.81307,14.26655,97.94226,279.5453,227.4453,0,2,1.744599,287.48,300,0.7,0,0,44.58541,44.58541,1,1,1.001342,1.010916,300,0.6782054,0,0,127.8594,1,0,1,1,18.94736,1.933363,0,1,270,232,0,0,0,1,1.007626,0,1,1,2,30,12.27831,1,1000,5,27.1,14.69879,1.045834,13.06188,0.098423,0.098423,1,0,16,0,14.60131,14.60131,1,1,150,0,0,0,127,30,0,0,30,1,-119.7512,
239.5738,1251.408,29.55565,0.04515076,0,93.17474,18.77911,14.21527,97.95242,277.9516,227.9412,0,2,1.731114,287.25,300,0.7,0,0,44.14365,44.14365,1,1,1.004931,1.011033,300,0.6560763,0,0,127.8594,1,0,1,1,18.95539,1.946183,0,1,270,232,0,0,0,1,1.007558,0,1,1,2,40,12.11305,1,1000,5,27.1,14.7,1.045834,13.06386,0.1561785,0.1561785,1,0,16,0,14.54382,14.54382,1,1,150,0,0,0,127,30,0,0,30,1,-120.4444,
239.6748,1256.124,29.09154,0.009784449,0,93.16429,18.74958,13.99917,98.09468,272.3396,229.8676,0,2,1.72717,287.58,300,0.7,0,0,43.91532,43.91532,1,1,1.020083,1.011135,300,0.6424611,0,0,127.8594,1,0,1,1,19.00905,2.000207,0,1,270,248,0,0,0,1,1.007499,0,1,1,2,50,12.16216,1,1000,5,27.1,14.7,1.045834,13.06783,0.1726494,0.1726494,1,0,16,0,14.52735,14.52735,1,1,150,0,0,0,127,30,0,0,30,1,-120.9085,
239.7769,1262.679,30.2488,0.0003534328,0,93.2061,18.77911,14.29585,98.01339,283.75,228.0556,0,2,1.757229,287.33,300,0.7,0,0,44.67866,44.67866,1,1,0.9992906,1.011033,300,0.6796535,0,0,127.8594,1,0,1,1,19.01705,1.926038,0,1,270,224,0,0,0,1,1.007558,0,1,1,2,20,12.21167,1,1000,5,27.1,14.69886,1.045834,13.06523,0.1619616,0.1619616,1,0,16,0,14.53765,14.53765,1,1,150,0,0,0,127,30,0,0,30,1,-119.7512,
239.879,1269.143,29.99565,0.02628873,0,93.12249,18.76582,14.32515,98.04388,278.6298,227.0447,0,2,1.766224,287.32,300,0.7,0,0,44.59518,44.59518,1,1,0.9972395,1.011079,300,0.6726669,0,0,127.8594,1,0,1,1,19.07641,1.918712,0,1,270,248,0,0,0,1,1.007532,0,1,1,2,30,12.08054,1,1000,5,27.1,14.7,1.045834,13.06355,0.1126804,0.1126804,1,0,16,0,14.58732,14.58732,1,1,150,0,0,0,127,30,0,0,30,1,-120.0043,
239.9807,1282.709,29.1699,0.03571974,0,93.07023,18.7732,14.3398,97.94226,272.5262,230.1919,0,2,1.763725,287.29,300,0.7,0,0,44.25608,44.25608,1,1,0.996214,1.011054,300,0.6482254,0,0,127.8594,1,0,1,1,19.21442,1.91505,0,1,270,228,0,0,0,1,1.007546,0,1,1,2,50,12.08054,1,1000,5,27.1,14.7,1.044315,13.06615,0.04569912,0.04569912,1,0,16,0,14.6543,14.6543,1,1,150,0,0,0,127,30,0,0,30,1,-120.8301,
240.0824,1293.828,30.15236,0.03100424,0,93.08068,18.76139,14.14019,97.97275,287.5648,227.2164,0,2,1.81136,286.79,300,0.7,0,0,44.9433,44.9433,1,1,1.010187,1.011095,300,0.6804997,0,0,127.8594,1,0,1,1,19.26028,1.964954,0,1,270,244,0,0,0,1,1.007523,0,1,1,2,50,11.96809,1,1000,5,27.1,14.69946,1.044315,13.06249,-0.02496147,-0.02496147,1,0,16,0,14.72496,14.72496,1,1,150,0,0,0,127,30,0,0,30,1,-119.8476,
240.1845,1310.902,29.50743,0.03571974,0,93.15385,18.82046,14.03214,98.09468,284.3773,226.7777,0,2,1.835263,286.35,300,0.7,0,0,44.75727,44.75727,1,1,1.017751,1.01089,300,0.663107,0,0,127.8594,1,0,1,1,19.42027,1.991966,0,1,270,216,0,0,0,1,1.007641,0,1,1,2,30,11.87335,1,1000,5,27.1,14.7,1.044315,13.06477,-0.03011322,-0.03011322,1,0,16,0,14.73011,14.73011,1,1,150,0,0,0,127,30,0,0,30,1,-120.4926,
240.2852,1349.892,29.76058,0.07108605,0,92.97617,18.74958,14.30317,97.94226,293.8887,228.3417,0,2,1.867351,286.44,300,0.7,0,0,45.3138,45.3138,1,1,0.9987778,1.011135,300,0.6771814,0,0,127.8594,1,0,1,1,19.71113,1.924206,0,1,270,228,0,0,0,1,1.007499,0,1,1,2,20,11.79554,1,1000,5,27.1,14.7,1.044315,13.0631,-0.1499147,-0.1499147,1,0,16,0,14.84992,14.84992,1,1,150,0,0,0,127,30,0,0,30,1,-120.2394,
240.3858,1379.564,28.71181,0.1182411,0,93.13294,18.72595,14.36864,97.88129,282.3767,228.7614,0,2,1.908397,286.02,300,0.7,0,0,45.09073,45.09073,1,1,0.9941949,1.011217,300,0.652842,0,0,127.8594,1,0,1,1,19.99792,1.907839,0,1,270,208,0,0,0,1,1.007452,0,1,1,2,30,11.76471,1,1000,5,27.1,14.7,1.048682,13.06416,-0.2139921,-0.2139921,1,0,16,0,14.91399,14.91399,1,1,150,0,0,0,127,30,0,0,30,1,-121.2882,
240.4887,1410.902,29.13976,0.214909,0,93.04933,18.76139,14.34301,97.89146,295.5842,225.576,0,2,1.963505,285.55,300,0.7,0,0,45.65717,45.65717,1,1,0.9959896,1.011095,300,0.6706129,0,0,127.8594,1,0,1,1,20.22031,1.914249,0,1,270,232,0,0,0,1,1.007523,0,1,1,2,40,11.70351,1,1000,5,27.1,14.70545,1.048682,13.06523,-0.2019119,-0.2019119,1,0,16,0,14.90736,14.90736,1,1,150,0,0,0,127,30,0,0,30,1,-120.8602,
240.5899,1420.186,29.54962,0.4318224,0,93.21655,18.76435,14.23541,97.95242,295.4655,225.8049,0,2,2.000095,285.53,300,0.7,0,0,45.95839,45.95839,1,1,1.003521,1.011084,300,0.6843129,0,0,127.8594,1,0,1,1,20.26847,1.941146,0,1,270,220,0,0,0,1,1.007529,0,1,1,2,10,11.82654,1,1000,5,27.1,14.71009,1.048682,13.06432,-0.2746048,-0.2746048,1,0,16,0,14.9847,14.9847,1,1,150,0,0,0,128,30,0,0,30,1,-120.4504,
240.692,1418.172,30.04387,0.4271069,0,93.2479,18.78354,14.22992,97.99307,299.1107,228.5897,0,2,2.009076,285.39,300,0.7,0,0,46.17674,46.17674,1,1,1.003906,1.011018,300,0.6990929,0,0,127.8594,1,0,1,1,20.22327,1.94252,0,1,270,228,0,0,0,1,1.007567,0,1,1,2,30,11.8421,1,1000,5,27.1,14.70909,1.048682,13.06188,-0.2855549,-0.2855549,1,0,16,0,14.99464,14.99464,1,1,150,0,0,0,128,30,0,0,30,1,-119.9561,
240.7928,1409.178,29.78469,0.4035293,0,93.19565,18.8175,14.11271,98.09468,293.5666,232.9957,0,2,1.97285,285.75,300,0.7,0,0,45.95548,45.95548,1,1,1.01211,1.0109,300,0.6899184,0,0,127.8594,1,0,1,1,20.16911,1.971821,0,1,270,224,0,0,0,1,1.007635,0,1,1,2,40,11.71875,1,1000,5,27.1,14.70459,1.048682,13.06416,-0.2403364,-0.2403364,1,0,16,0,14.94493,14.94493,1,1,150,0,0,0,127,30,0,0,30,1,-120.2153,
240.8948,1409.576,29.21811,0.2620641,0,93.22701,18.76139,14.0944,98.00323,281.9019,227.4071,0,2,1.996899,285.33,300,0.7,0,0,45.68103,45.68103,1,1,1.013392,1.011095,300,0.6755678,0,0,127.8594,1,0,1,1,20.20533,1.9764,0,1,270,216,0,0,0,1,1.007523,0,1,1,2,30,11.68831,1,1000,5,27.1,14.70479,1.053,13.06538,-0.2357187,-0.2357187,1,0,16,0,14.94051,14.94051,1,1,150,0,0,0,128,30,0,0,30,1,-120.7819,
240.9955,1400.691,29.19401,0,0,93.34196,18.80274,14.21527,98.11501,285.2759,224.3935,0,2,1.97264,285.63,300,0.7,0,0,45.5712,45.5712,1,1,1.004931,1.010951,300,0.6735507,0,0,127.8594,1,0,1,1,20.13718,1.946183,0,1,270,224,0,0,0,1,1.007605,0,1,1,2,40,11.67315,1,1000,5,27.1,14.70035,1.053,13.06355,-0.2489996,-0.2489996,1,0,16,0,14.94935,14.94935,1,1,150,0,0,0,128,30,0,0,30,1,-120.806,
241.0976,1390.95,28.91072,0.02393097,0,93.38377,18.79683,14.12187,98.16581,295.0417,227.7504,0,2,1.924147,286.3,300,0.7,0,0,45.32067,45.32067,1,1,1.011469,1.010972,300,0.6633692,0,0,127.8594,1,0,1,1,20.07673,1.969532,0,1,270,224,0,0,0,1,1.007594,0,1,1,2,40,11.50895,1,1000,5,27.1,14.7,1.053,13.06355,-0.3112125,-0.3112125,1,0,16,0,15.01121,15.01121,1,1,150,0,0,0,127,30,0,0,30,1,-121.0893,
241.1991,1388.246,27.92825,0.02628873,0,93.27926,18.73186,14.10539,98.12517,287.7852,229.6197,0,2,1.885701,286.46,300,0.7,0,0,44.79214,44.79214,1,1,1.012623,1.011197,300,0.6334121,0,0,127.8594,1,0,1,1,20.10597,1.973652,0,1,270,228,0,0,0,1,1.007464,0,1,1,2,50,11.6129,1,1000,5,27.1,14.7,1.053,13.066,-0.2703342,-0.2703342,1,0,16,0,14.97034,14.97034,1,1,150,0,0,0,127,30,0,0,30,1,-122.0717,
241.3018,1388.31,28.28387,0.02864648,0,93.27926,18.79092,14.03809,98.15565,292.4646,223.1537,0,2,1.932065,285.8,300,0.7,0,0,44.97322,44.97322,1,1,1.017334,1.010992,300,0.6483416,0,0,127.8594,1,0,1,1,20.09074,1.990478,0,1,270,212,0,0,0,1,1.007582,0,1,1,2,70,11.74935,1,1000,5,27.1,14.7,1.060073,13.06508,-0.2626019,-0.2626019,1,0,16,0,14.9626,14.9626,1,1,150,0,0,0,127,30,0,0,30,1,-121.7161,
241.4027,1374.444,28.98907,0.02157322,0,93.2061,18.78059,14.14202,97.97275,286.0388,226.7205,0,2,1.912769,286.3,300,0.7,0,0,45.17583,45.17583,1,1,1.010059,1.011028,300,0.6675104,0,0,127.8594,1,0,1,1,19.94265,1.964496,0,1,270,204,0,0,0,1,1.007561,0,1,1,2,40,11.64295,1,1000,5,27.1,14.7,1.060073,13.06447,-0.2150965,-0.2150965,1,0,16,0,14.9151,14.9151,1,1,150,0,0,0,127,30,0,0,30,1,-121.0109,
241.5038,1365.685,28.03072,0.05693953,0,93.1852,18.77763,14.3105,98.03371,284.4621,230.745,0,2,1.855055,286.69,300,0.7,0,0,44.57656,44.57656,1,1,0.9982651,1.011038,300,0.6368839,0,0,127.8594,1,0,1,1,19.92388,1.922375,0,1,270,208,0,0,0,1,1.007555,0,1,1,2,50,11.62791,1,1000,5,27.1,14.7,1.060073,13.07286,-0.2206202,-0.2206202,1,0,16,0,14.92062,14.92062,1,1,150,0,0,0,127,30,0,0,30,1,-121.9693,
241.6087,1364.194,28.63346,0.05693953,0,93.13294,18.71414,14.24137,98.02355,284.9199,224.0692,0,2,1.887136,286.46,300,0.7,0,0,44.87487,44.87487,1,1,1.003104,1.011258,300,0.6549922,0,0,127.8594,1,0,1,1,19.8806,1.939658,0,1,270,204,0,0,0,1,1.007428,0,1,1,2,30,11.58301,1,1000,5,27.1,14.7,1.060073,13.06645,-0.1328783,-0.1328783,1,0,16,0,14.83288,14.83288,1,1,150,0,0,0,127,30,0,0,30,1,-121.3665,
241.7094,1347.104,29.09154,0.03571974,0,93.07023,18.74958,14.39108,97.95242,292.0407,228.9902,0,2,1.852268,286.48,300,0.7,0,0,44.92529,44.92529,1,1,0.9926245,1.011135,300,0.6668856,0,0,127.8594,1,0,1,1,19.72271,1.90223,0,1,270,216,0,0,0,1,1.007499,0,1,1,2,20,11.46497,1,1000,5,27.1,14.7,1.061188,13.06844,-0.02496147,-0.02496147,1,0,16,0,14.72496,14.72496,1,1,150,0,0,0,127,30,0,0,30,1,-120.9085,
241.8119,1341.022,28.20551,0.05222402,0,93.30016,18.71414,14.2519,98.0642,275.2388,225.6905,0,2,1.843905,286.53,300,0.7,0,0,44.37862,44.37862,1,1,1.002367,1.011258,300,0.6387394,0,0,127.8594,1,0,1,1,19.71816,1.937026,0,1,270,212,0,0,0,1,1.007428,0,1,1,2,30,11.45038,1,1000,5,27.1,14.7,1.061188,13.06569,0.03981018,0.03981018,1,0,16,0,14.66019,14.66019,1,1,150,0,0,0,128,30,0,0,30,1,-121.7945,
241.9126,1335.232,29.39894,0.03100424,0,93.31062,18.77025,14.41855,98.02355,290.7352,227.6932,0,2,1.835944,286.86,300,0.7,0,0,44.96101,44.96101,1,1,0.9907017,1.011064,300,0.674448,0,0,127.8594,1,0,1,1,19.61486,1.896909,0,1,270,212,0,0,0,1,1.00754,0,1,1,2,30,11.50895,1,1000,5,27.1,14.7,1.061188,13.06477,0.1458035,0.1458035,1,0,16,0,14.5542,14.5542,1,1,150,0,0,0,127,30,0,0,30,1,-120.6011,
242.0131,1330.259,28.50085,0.0380775,0,93.19565,18.73776,14.20291,98.11501,274.798,227.2736,0,2,1.862363,286.44,300,0.7,0,0,44.41432,44.41432,1,1,1.005796,1.011176,300,0.6459249,0,0,127.8594,1,0,1,1,19.61844,1.949273,0,1,270,212,0,0,0,1,1.007475,0,1,1,2,40,11.36364,1,1000,5,27.1,14.7,1.061188,13.06355,0.2213774,0.2213774,1,0,16,0,14.47862,14.47862,1,1,150,0,0,0,128,30,0,0,30,1,-121.4991,
242.1134,1318.855,29.49538,0.03571974,0,93.31062,18.81455,14.11317,98.05404,287.1917,229.2,0,2,1.824416,286.92,300,0.7,0,0,44.83648,44.83648,1,1,1.012078,1.01091,300,0.6747432,0,0,127.8594,1,0,1,1,19.48273,1.971707,0,1,270,208,0,0,0,1,1.007629,0,1,1,2,50,11.23596,1,1000,5,27.1,14.7,1.061188,13.06355,0.2721624,0.2721624,1,0,16,0,14.42784,14.42784,1,1,150,0,0,0,127,30,0,0,30,1,-120.5046,
242.218,1313.255,29.1699,0.007426695,0,93.28971,18.7732,14.3105,98.04388,285.2589,226.3008,0,2,1.81667,286.89,300,0.7,0,0,44.59346,44.59346,1,1,0.9982651,1.011054,300,0.659493,0,0,127.8594,1,0,1,1,19.45369,1.922375,0,1,270,204,0,0,0,1,1.007546,0,1,1,2,50,11.42132,1,1000,5,27.1,14.7,1.054429,13.06416,0.3435373,0.3435373,1,0,16,0,14.35646,14.35646,1,1,150,0,0,0,127,30,0,0,30,1,-120.8301,
242.3197,1306.279,29.31455,0.01685771,0,93.2479,18.7732,14.40207,97.99307,286.5136,230.4398,0,2,1.785248,286.97,300,0.7,0,0,44.59822,44.59822,1,1,0.9918554,1.011054,300,0.6628343,0,0,127.8594,1,0,1,1,19.39271,1.899656,0,1,270,212,0,0,0,1,1.007546,0,1,1,2,40,11.30653,1,1000,5,27.1,14.7,1.054429,13.066,0.3490276,0.3490276,1,0,16,0,14.35097,14.35097,1,1,150,0,0,0,127,30,0,0,30,1,-120.6854,
242.421,1304.575,29.41702,0.07580156,0,93.27926,18.75401,14.23541,98.05404,275.1711,226.7968,0,2,1.815533,286.87,300,0.7,0,0,44.63766,44.63766,1,1,1.003521,1.01112,300,0.6657577,0,0,127.8594,1,0,1,1,19.37494,1.941146,0,1,270,212,0,0,0,1,1.007508,0,1,1,2,20,11.25,1,1000,5,27.1,14.7,1.054429,13.06416,0.3600082,0.3600082,1,0,16,0,14.33999,14.33999,1,1,150,0,0,0,127,30,0,0,30,1,-120.583,
242.5223,1298.476,28.69976,0.04043525,0,93.25835,18.75549,14.31645,98.04388,273.7129,229.715,0,2,1.774585,287.07,300,0.7,0,0,44.16171,44.16171,1,1,0.9978485,1.011115,300,0.642598,0,0,127.8594,1,0,1,1,19.35798,1.920887,0,1,270,212,0,0,0,1,1.007511,0,1,1,2,40,11.378,1,1000,5,27.1,14.7,1.054429,13.06676,0.3998137,0.3998137,1,0,16,0,14.30019,14.30019,1,1,150,0,0,0,127,30,0,0,30,1,-121.3002,
242.6237,1294.387,30.09812,0.02628873,0,93.1852,18.70232,14.14843,97.99307,284.9199,227.5216,0,2,1.812142,286.96,300,0.7,0,0,44.91793,44.91793,1,1,1.00961,1.011299,300,0.6807851,0,0,127.8594,1,0,1,1,19.26686,1.962893,0,1,270,212,0,0,0,1,1.007405,0,1,1,2,60,11.26408,1,1000,5,27.1,14.69966,1.047152,13.06661,0.3256941,0.3256941,1,0,16,0,14.37431,14.37431,1,1,150,0,0,0,127,30,0,0,30,1,-119.9019,
242.7276,1290.323,29.29647,0.007426695,0,93.12249,18.76582,14.39474,98.09468,279.1723,227.2736,0,2,1.784946,287.01,300,0.7,0,0,44.4132,44.4132,1,1,0.9923682,1.011079,300,0.6551316,0,0,127.8594,1,0,1,1,19.26881,1.901315,0,1,270,212,0,0,0,1,1.007532,0,1,1,2,60,11.26408,1,1000,5,27.1,14.7,1.047152,13.06416,0.2447109,0.2447109,1,0,16,0,14.45529,14.45529,1,1,150,0,0,0,127,30,0,0,30,1,-120.7035,
242.8294,1287.719,29.90524,0.0640128,0,93.16429,18.72595,14.44739,97.86097,287.8191,231.9085,0,2,1.759883,287.3,300,0.7,0,0,44.73707,44.73707,1,1,0.9886826,1.011217,300,0.6736601,0,0,127.8594,1,0,1,1,19.22344,1.892101,0,1,270,212,0,0,0,1,1.007452,0,1,1,2,30,11.2782,1,1000,5,27.1,14.7,1.047152,13.06416,0.181572,0.181572,1,0,16,0,14.51843,14.51843,1,1,150,0,0,0,127,30,0,0,30,1,-120.0948,
242.9311,1278.554,29.73647,0.04515076,0,93.2061,18.78354,14.24457,98.02355,282.8005,226.9112,0,2,1.779321,287.29,300,0.7,0,0,44.54186,44.54186,1,1,1.00288,1.011018,300,0.6668802,0,0,127.8594,1,0,1,1,19.15933,1.938857,0,1,270,220,0,0,0,1,1.007567,0,1,1,2,0,11.2782,1,1000,5,27.1,14.7,1.047152,13.06416,0.1690645,0.1690645,1,0,16,0,14.53078,14.53078,1,1,150,0,0,0,127,30,0,0,30,1,-120.2635,
243.0341,1273.182,29.05538,0.02864648,0,93.31062,18.74958,14.21161,98.01339,268.2705,227.9793,0,2,1.750626,287.24,300,0.7,0,0,44.08338,44.08338,1,1,1.005188,1.011135,300,0.64493,0,0,127.8594,1,0,1,1,19.14427,1.947098,0,1,270,248,0,0,0,1,1.007499,0,1,1,2,30,11.15242,1,1000,5,27.1,14.7,1.047152,13.06523,0.1369705,0.1369705,1,0,16,0,14.56303,14.56303,1,1,150,0,0,0,127,30,0,0,30,1,-120.9446,
243.1361,1271.186,29.70031,0,0,93.44648,18.81307,14.06876,98.17597,284.5977,228.1319,0,2,1.758475,287.46,300,0.7,0,0,44.4421,44.4421,1,1,1.015187,1.010916,300,0.6628894,0,0,127.8594,1,0,1,1,19.10362,1.982809,0,1,270,216,0,0,0,1,1.007626,0,1,1,2,40,11.2782,1,1000,5,27.1,14.7,1.044537,13.06203,0.1589241,0.1589241,1,0,16,0,14.54108,14.54108,1,1,150,0,0,0,127,30,0,0,30,1,-120.2997,
243.2361,1256.387,30.00168,0.02864648,0,93.42558,18.75844,14.05274,98.11501,280.4778,227.5025,0,2,1.758941,287.39,300,0.7,0,0,44.46543,44.46543,1,1,1.016308,1.011105,300,0.6700203,0,0,127.8594,1,0,1,1,18.97778,1.986815,0,1,270,240,0,0,0,1,1.007517,0,1,1,2,60,11.04294,1,1000,5,27.1,14.69999,1.044537,13.06371,0.129818,0.129818,1,0,16,0,14.56966,14.56966,1,1,150,0,0,0,127,30,0,0,30,1,-119.9983,
243.3399,1251.826,30.12223,0.03100424,0,93.44648,18.78502,14.24549,98.17597,278.1381,227.5216,0,2,1.752556,287.41,300,0.7,0,0,44.49063,44.49063,1,1,1.002816,1.011013,300,0.6730955,0,0,127.8594,1,0,1,1,18.93826,1.938628,0,1,270,228,0,0,0,1,1.00757,0,1,1,2,40,11.19403,1,1000,5,27.1,14.6994,1.044537,13.06477,0.06391907,0.06391907,1,0,16,0,14.63369,14.63369,1,1,150,0,0,0,127,30,0,0,30,1,-119.8778,
243.4424,1237.93,29.95949,0.05929728,0,93.17474,18.7481,14.03214,97.98291,268.0332,231.5461,0,2,1.743418,287.55,300,0.7,0,0,44.36544,44.36544,1,1,1.017751,1.01114,300,0.6675833,0,0,127.8594,1,0,1,1,18.83684,1.991966,0,1,270,232,0,0,0,1,1.007496,0,1,1,2,50,11.09741,1,1000,5,27.1,14.7,1.044537,13.06432,0.03890991,0.03890991,1,0,16,0,14.65945,14.65945,1,1,150,0,0,0,127,30,0,0,30,1,-120.0405,
243.5425,1232.894,30.28497,0.02864648,0,93.25835,18.7732,14.2638,98.03371,275.3067,230.4398,0,2,1.715777,287.48,300,0.7,0,0,44.55891,44.55891,1,1,1.001534,1.011054,300,0.6777484,0,0,127.8594,1,0,1,1,18.78713,1.93405,0,1,270,240,0,0,0,1,1.007546,0,1,1,2,40,10.68884,1,1000,5,27.1,14.69841,1.044416,13.06477,-0.01833725,-0.01833725,1,0,16,0,14.71834,14.71834,1,1,150,0,0,0,127,30,0,0,30,1,-119.715,
243.6442,1227.747,31.02031,0.04043525,0,93.2061,18.73776,14.14385,98.02355,278.9688,228.8949,0,2,1.729077,287.39,300,0.7,0,0,44.99949,44.99949,1,1,1.009931,1.011176,300,0.7013083,0,0,127.8594,1,0,1,1,18.72371,1.964038,0,1,270,252,0,0,0,1,1.007475,0,1,1,2,40,10.34483,1,1000,5,27.1,14.69414,1.044416,13.06538,-0.05179691,-0.05179691,1,0,16,0,14.74833,14.74833,1,1,150,0,0,0,127,30,0,0,30,1,-118.9797,
243.7463,1238.288,30.90579,0.02157322,0,93.30016,18.74958,14.38375,98.03371,271.1189,227.369,0,2,1.743922,287.1,300,0.7,0,0,44.93793,44.93793,1,1,0.9931373,1.011135,300,0.6977052,0,0,127.8594,1,0,1,1,18.80739,1.904062,0,1,270,228,0,0,0,1,1.007499,0,1,1,2,30,10.18099,1,1000,5,27.1,14.69512,1.044416,13.06416,-0.08031273,-0.08031273,1,0,16,0,14.77475,14.77475,1,1,150,0,0,0,127,30,0,0,30,1,-119.0942,
243.8468,1244.762,30.3814,0.05929728,0,93.22701,18.69051,14.41901,98.05404,272.4244,228.8186,0,2,1.732293,287.36,300,0.7,0,0,44.62518,44.62518,1,1,0.9906695,1.01134,300,0.6810169,0,0,127.8594,1,0,1,1,18.87482,1.896832,0,1,270,228,0,0,0,1,1.007381,0,1,1,2,20,9.846827,1,1000,5,27.1,14.69803,1.044416,13.06615,-0.1532297,-0.1532297,1,0,16,0,14.84992,14.84992,1,1,150,0,0,0,127,30,0,0,30,1,-119.6186,
243.9475,1250.99,29.91729,0.0121422,0,93.34196,18.7924,14.08891,98.13533,270.9494,228.3227,0,2,1.761811,287.19,300,0.7,0,0,44.35798,44.35798,1,1,1.013776,1.010987,300,0.6664107,0,0,127.8594,1,0,1,1,18.93918,1.977773,0,1,270,236,0,0,0,1,1.007585,0,1,1,2,60,9.326425,1,1000,5,27.1,14.7,1.044416,13.06416,-0.2469397,-0.2469397,1,0,16,0,14.94493,14.94493,1,1,150,0,0,0,127,30,0,0,30,1,-120.0827,
244.0496,1233.401,29.77867,0.02628873,0,93.17474,18.65359,14.18276,97.92194,269.576,231.9657,0,2,1.716482,287.77,300,0.7,0,0,44.25329,44.25329,1,1,1.007207,1.011468,300,0.6671012,0,0,127.8594,1,0,1,1,18.8079,1.954309,0,1,270,216,0,0,0,1,1.007307,0,1,1,2,30,9.090909,1,1000,5,27.1,14.7,1.052639,13.06416,-0.4261084,-0.4261084,1,0,16,0,15.12611,15.12611,1,1,150,0,0,0,127,30,0,0,30,1,-120.2213,
244.1517,1230.164,30.7973,0.04515076,0,93.2061,18.74958,14.42038,97.91177,280.4778,229.0475,0,2,1.711978,287.71,300,0.7,0,0,44.86655,44.86655,1,1,0.9905734,1.011135,300,0.6995995,0,0,127.8594,1,0,1,1,18.74933,1.896603,0,1,270,228,0,0,0,1,1.007499,0,1,1,2,40,8.806263,1,1000,5,27.1,14.69549,1.052639,13.06355,-0.4104671,-0.4104671,1,0,16,0,15.10954,15.10954,1,1,150,0,0,0,127,30,0,0,30,1,-119.2027,
244.2534,1223.142,31.25538,0.04515076,0,93.31062,18.76877,14.28486,97.95242,277.2734,228.2082,0,2,1.742977,287.58,300,0.7,0,0,45.13796,45.13796,1,1,1.00006,1.011069,300,0.714421,0,0,127.8594,1,0,1,1,18.68136,1.928785,0,1,270,244,0,0,0,1,1.007537,0,1,1,2,40,8.563273,1,1000,5,27.1,14.6926,1.052639,13.06386,-0.5027218,-0.5027218,1,0,16,0,15.19681,15.19681,1,1,150,0,0,0,127,30,0,0,30,1,-118.7446,
244.3556,1219.81,30.80333,0.04043525,0,93.38377,18.73776,14.22076,98.10484,276.1883,226.4534,0,2,1.728064,287.21,300,0.7,0,0,44.86283,44.86283,1,1,1.004547,1.011176,300,0.6997052,0,0,127.8594,1,0,1,1,18.67045,1.944809,0,1,270,240,0,0,0,1,1.007475,0,1,1,2,20,8.137432,1,1000,5,27.1,14.69518,1.052639,13.06432,-0.5112543,-0.5112543,1,0,16,0,15.20455,15.20455,1,1,150,0,0,0,127,30,0,0,30,1,-119.1967,
244.4608,1234.314,30.06195,0.05929728,0,93.27926,18.69051,14.11409,98.05404,264.744,228.666,0,2,1.738326,287.28,300,0.7,0,0,44.42507,44.42507,1,1,1.012014,1.01134,300,0.6760412,0,0,127.8594,1,0,1,1,18.80549,1.971478,0,1,270,232,0,0,0,1,1.007381,0,1,1,2,40,7.880911,1,1000,5,27.1,14.69966,1.052639,13.06661,-0.5316172,-0.5316172,1,0,16,0,15.22775,15.22775,1,1,150,0,0,0,127,30,0,0,30,1,-119.938,
244.5618,1237.266,29.73044,0.03571974,0,93.25835,18.76877,14.0532,98.03371,268.5757,232.3663,0,2,1.742483,287.6,300,0.7,0,0,44.22653,44.22653,1,1,1.016276,1.011069,300,0.6711932,0,0,127.8594,1,0,1,1,18.83948,1.986701,0,1,270,236,0,0,0,1,1.007537,0,1,1,2,50,7.731959,1,1000,5,27.1,14.7,1.061632,13.06416,-0.375288,-0.375288,1,0,16,0,15.07529,15.07529,1,1,150,0,0,0,127,30,0,0,30,1,-120.2696,
244.6625,1241.26,30.80935,0.007426695,0,93.37332,18.76139,14.1585,98.09468,282.258,232.1183,0,2,1.748107,287.36,300,0.7,0,0,44.88173,44.88173,1,1,1.008905,1.011095,300,0.7060684,0,0,127.8594,1,0,1,1,18.83325,1.960375,0,1,270,228,0,0,0,1,1.007523,0,1,1,2,40,7.456504,1,1000,5,27.1,14.69572,1.061632,13.06416,-0.4351778,-0.4351778,1,0,16,0,15.13495,15.13495,1,1,150,0,0,0,127,30,0,0,30,1,-119.1906,
244.7641,1240.951,31.10469,0.03571974,0,93.33152,18.74958,14.17864,97.99307,281.2068,226.606,0,2,1.778697,287.38,300,0.7,0,0,45.06019,45.06019,1,1,1.007495,1.011135,300,0.7157598,0,0,127.8594,1,0,1,1,18.82074,1.955339,0,1,270,232,0,0,0,1,1.007499,0,1,1,2,60,7.456504,1,1000,5,27.1,14.69414,1.061632,13.06371,-0.3767939,-0.3767939,1,0,16,0,15.07308,15.07308,1,1,150,0,0,0,127,30,0,0,30,1,-118.8953,
244.8664,1239.209,30.66469,0.02864648,0,93.2061,18.72595,14.38375,98.04388,279.1045,227.4453,0,2,1.745219,287.16,300,0.7,0,0,44.79278,44.79278,1,1,0.9931373,1.011217,300,0.7013617,0,0,127.8594,1,0,1,1,18.82261,1.904062,0,1,270,244,0,0,0,1,1.007452,0,1,1,2,20,7.228916,1,1000,5,27.1,14.69644,1.061632,13.06538,-0.4182291,-0.4182291,1,0,16,0,15.11396,15.11396,1,1,150,0,0,0,127,30,0,0,30,1,-119.3353,
244.9681,1236.094,30.4236,0.007426695,0,93.39423,18.7865,14.04496,98.12517,276.8156,228.1319,0,2,1.761434,287.24,300,0.7,0,0,44.64485,44.64485,1,1,1.016853,1.011008,300,0.6934299,0,0,127.8594,1,0,1,1,18.80701,1.988761,0,1,270,236,0,0,0,1,1.007573,0,1,1,2,30,6.807867,1,1000,5,27.1,14.69769,1.061632,13.0663,-0.376545,-0.376545,1,0,16,0,15.07308,15.07308,1,1,150,0,0,0,127,30,0,0,30,1,-119.5764,
245.0697,1238.953,29.71236,0.07344381,0,93.38377,18.70823,14.31462,97.96259,266.8803,230.4398,0,2,1.723,287.48,300,0.7,0,0,44.21664,44.21664,1,1,0.9979766,1.011279,300,0.6756176,0,0,127.8594,1,0,1,1,18.85317,1.921345,0,1,270,228,0,0,0,1,1.007416,0,1,1,2,50,6.632277,1,1000,5,27.1,14.7,1.069426,13.06477,-0.408432,-0.408432,1,0,16,0,15.10843,15.10843,1,1,150,0,0,0,127,30,0,0,30,1,-120.2876,
245.1704,1249.948,30.4236,0.05458177,0,93.30016,18.74958,13.93233,97.92194,280.0539,232.1374,0,2,1.770759,287.08,300,0.7,0,0,44.65424,44.65424,1,1,1.026767,1.011135,300,0.6986956,0,0,127.8594,1,0,1,1,18.91304,2.016918,0,1,270,224,0,0,0,1,1.007499,0,1,1,2,60,6.632277,1,1000,5,27.1,14.69788,1.069426,13.06538,-0.355402,-0.355402,1,0,16,0,15.0554,15.0554,1,1,150,0,0,0,127,30,0,0,30,1,-119.5764,
245.2723,1252.714,30.71291,0.0640128,0,93.2479,18.70232,14.35811,97.94226,279.2062,228.1129,0,2,1.774678,287.36,300,0.7,0,0,44.85652,44.85652,1,1,0.9949321,1.011299,300,0.70865,0,0,127.8594,1,0,1,1,18.92377,1.910472,0,1,270,232,0,0,0,1,1.007405,0,1,1,2,40,6.355932,1,1000,5,27.1,14.6965,1.069426,13.066,-0.3539228,-0.3539228,1,0,16,0,15.05099,15.05099,1,1,150,0,0,0,127,30,0,0,30,1,-119.2871,
245.3742,1240.336,30.24277,0.01921546,0,93.38377,18.76139,14.31416,98.01339,277.9007,227.9793,0,2,1.746806,287.57,300,0.7,0,0,44.53834,44.53834,1,1,0.9980087,1.011095,300,0.6926897,0,0,127.8594,1,0,1,1,18.84568,1.921459,0,1,270,232,0,0,0,1,1.007523,0,1,1,2,30,5.936675,1,1000,5,27.1,14.69871,1.069426,13.06416,-0.3348417,-0.3348417,1,0,16,0,15.0322,15.0322,1,1,150,0,0,0,127,30,0,0,30,1,-119.7572,
245.4772,1226.141,29.94141,0.05222402,0,93.17474,18.70232,14.2052,97.92194,276.0357,228.666,0,2,1.726816,287.43,300,0.7,0,0,44.34703,44.34703,1,1,1.005636,1.011299,300,0.6828391,0,0,127.8594,1,0,1,1,18.74641,1.948701,0,1,270,212,0,0,0,1,1.007405,0,1,1,2,30,5.936675,1,1000,5,27.1,14.7,1.069426,13.07042,-0.3223648,-0.3223648,1,0,16,0,15.02005,15.02005,1,1,150,0,0,0,127,30,0,0,30,1,-120.0586,
245.5776,1215.51,29.89318,0.01685771,0,93.37332,18.78206,14.09669,98.01339,263.0147,228.666,0,2,1.711843,287.33,300,0.7,0,0,44.31121,44.31121,1,1,1.013232,1.011023,300,0.6843373,0,0,127.8594,1,0,1,1,18.66579,1.975827,0,1,270,220,0,0,0,1,1.007564,0,1,1,2,40,5.597015,1,1000,5,27.1,14.7,1.074492,13.06432,-0.2851973,-0.2851973,1,0,16,0,14.98359,14.98359,1,1,150,0,0,0,127,30,0,0,30,1,-120.1068,
245.6779,1222.843,29.95949,0.04515076,0,93.38377,18.7422,14.38375,98.04388,266.4056,229.6769,0,2,1.71198,287.7,300,0.7,0,0,44.35584,44.35584,1,1,0.9931373,1.011161,300,0.6865854,0,0,127.8594,1,0,1,1,18.72036,1.904062,0,1,270,236,0,0,0,1,1.007484,0,1,1,2,50,5.284791,1,1000,5,27.1,14.7,1.074492,13.06294,-0.3108635,-0.3108635,1,0,16,0,15.01011,15.01011,1,1,150,0,0,0,127,30,0,0,30,1,-120.0405,
245.7783,1229.105,30.44168,0.01685771,0,93.38377,18.74662,13.99551,98.02355,274.4929,231.0502,0,2,1.741232,287.2,300,0.7,0,0,44.65103,44.65103,1,1,1.020449,1.011146,300,0.7023944,0,0,127.8594,1,0,1,1,18.75293,2.001123,0,1,270,236,0,0,0,1,1.007493,0,1,1,2,40,5.284791,1,1000,5,27.1,14.69748,1.074492,13.06538,-0.2740374,-0.2740374,1,0,16,0,14.97365,14.97365,1,1,150,0,0,0,127,30,0,0,30,1,-119.5583,
245.88,1228.753,30.96004,0.03571974,0,93.38377,18.75991,14.03946,98.08452,280.6643,228.418,0,2,1.761212,286.89,300,0.7,0,0,44.96383,44.96383,1,1,1.017238,1.0111,300,0.7194901,0,0,127.8594,1,0,1,1,18.73329,1.990135,0,1,270,232,0,0,0,1,1.00752,0,1,1,2,50,5.151689,1,1000,5,27.1,14.69452,1.074492,13.06416,-0.200592,-0.200592,1,0,16,0,14.89632,14.89632,1,1,150,0,0,0,127,30,0,0,30,1,-119.04,
245.9804,1218.67,31.24332,0.04279301,0,93.38377,18.76139,14.35628,98.02355,277.409,227.8267,0,2,1.736605,287.39,300,0.7,0,0,45.12733,45.12733,1,1,0.9950603,1.011095,300,0.7314918,0,0,127.8594,1,0,1,1,18.64804,1.910929,0,1,270,224,0,0,0,1,1.007523,0,1,1,2,40,5.151689,1,1000,5,27.1,14.69249,1.078441,13.06538,-0.2287788,-0.2287788,1,0,16,0,14.92283,14.92283,1,1,150,0,0,0,127,30,0,0,30,1,-118.7567,
246.0805,1207.389,31.95456,0.007426695,0,93.25835,18.72595,14.28761,97.9321,275.6118,229.6578,0,2,1.750715,287.25,300,0.7,0,0,45.54702,45.54702,1,1,0.9998675,1.011217,300,0.7553989,0,0,127.8594,1,0,1,1,18.54195,1.928098,0,1,270,216,0,0,0,1,1.007452,0,1,1,2,20,5.13992,1,1000,5,33.1,14.68745,1.078441,13.06416,-0.2543964,-0.2543964,1,0,16,0,14.94382,14.94382,1,1,150,0,0,0,127,30,0,0,30,1,-118.0454,
246.1809,1195.076,34.13045,0.04043525,0,93.28971,18.73629,14.22992,97.97275,267.2702,232.042,0,2,1.802573,286.96,300,0.7,0,0,46.28308,46.28308,1,1,1.003906,1.011181,300,0.8207385,0,0,127.8594,1,0,1,1,18.38977,1.94252,0,1,270,232,0,0,0,1,1.007473,0,1,1,2,30,5.13992,1,1000,5,33.1,14.67179,1.078441,13.06493,-0.2505846,-0.2505846,1,0,16,0,14.92394,14.92394,1,1,150,0,0,0,127,30,0,0,30,1,-115.8696,
246.282,1190.854,35.51073,0.04043525,0,93.22701,18.70232,14.3691,97.95242,267.0329,234.2164,0,2,1.825976,286.65,300,0.7,0,0,46.42489,46.42489,1,1,0.9941629,1.011299,300,0.8571846,0,0,127.8594,1,0,1,1,18.32206,1.907724,0,1,270,260,0,0,0,1,1.007405,0,1,1,2,20,5.01952,1,1000,5,33.1,14.66158,1.078441,13.06538,-0.2901659,-0.2901659,1,0,16,0,14.95376,14.95376,1,1,150,0,0,0,127,30,0,0,30,1,-114.4893,
246.3831,1204.819,35.90854,0.02628873,0,93.25835,18.72005,14.27662,97.96259,272.7465,235.6279,0,2,1.87751,286.34,300,0.7,0,0,46.47274,46.47274,1,1,1.000637,1.011238,300,0.86766,0,0,127.8594,1,0,1,1,18.40715,1.930845,0,1,270,264,0,0,0,1,1.00744,0,1,1,2,40,5.01952,1,1000,5,33.1,14.66156,1.078441,13.06355,-0.2084379,-0.2084379,1,0,16,0,14.8698,14.8698,1,1,150,0,0,0,127,30,0,0,30,1,-114.0915,
246.485,1228.854,35.58306,0.03336199,0,93.42558,18.70085,14.20016,98.04388,277.782,233.1102,0,2,1.904723,285.94,300,0.7,0,0,46.45107,46.45107,1,1,1.005989,1.011304,300,0.8617387,0,0,127.8594,1,0,1,1,18.58291,1.94996,0,1,270,236,0,0,0,1,1.007402,0,1,1,2,30,4.864865,1,1000,5,33.1,14.66815,1.081839,13.06355,-0.2188721,-0.2188721,1,0,16,0,14.88527,14.88527,1,1,150,0,0,0,127,30,0,0,30,1,-114.4169,
246.5858,1256.966,34.93812,0.07815931,0,93.36287,18.723,14.11684,98.10484,279.1045,232.7668,0,2,1.948297,285.52,300,0.7,0,0,46.4633,46.4633,1,1,1.011822,1.011227,300,0.8458365,0,0,127.8594,1,0,1,1,18.80103,1.970791,0,1,270,244,0,0,0,1,1.007446,0,1,1,2,40,4.764426,1,1000,5,33.1,14.67646,1.081839,13.06416,-0.2747278,-0.2747278,1,0,16,0,14.94935,14.94935,1,1,150,0,0,0,127,30,0,0,30,1,-115.0619,
246.6867,1302.309,35.33593,0.01685771,0,93.38377,18.72447,14.29493,98.09468,288.5312,235.3799,0,2,1.986022,285.69,300,0.7,0,0,46.92247,46.92247,1,1,0.9993547,1.011222,300,0.8635567,0,0,127.8594,1,0,1,1,19.10166,1.926267,0,1,270,224,0,0,0,1,1.007449,0,1,1,2,40,4.764426,1,1000,5,33.1,14.68262,1.081839,13.06355,-0.5349159,-0.5349159,1,0,16,0,15.22001,15.22001,1,1,150,0,0,0,127,30,0,0,30,1,-114.6641,
246.7901,1340.303,34.93209,0,0,93.42558,18.71414,14.44236,98.02355,288.5142,228.7423,0,2,2.055131,285.19,300,0.7,0,0,47.22104,47.22104,1,1,0.9890351,1.011258,300,0.85869,0,0,127.8594,1,0,1,1,19.38542,1.892941,0,1,270,220,0,0,0,1,1.007428,0,1,1,2,40,4.712042,1,1000,5,27.1,14.69019,1.081839,13.06416,-0.651701,-0.651701,1,0,16,0,15.34154,15.34154,1,1,150,0,0,0,127,30,0,0,30,1,-115.0679,
246.8902,1384.914,32.68387,0.005068941,0,93.5719,18.69642,14.30317,98.10484,298.28,230.9357,0,2,2.06583,284.88,300,0.7,0,0,47.17509,47.17509,1,1,0.9987778,1.01132,300,0.8022013,0,0,127.8594,1,0,1,1,19.82175,1.924206,0,1,270,244,0,0,0,1,1.007393,0,1,1,2,30,4.712042,1,1000,5,27.1,14.69865,1.081839,13.06416,-0.6892433,-0.6892433,1,0,16,0,15.38794,15.38794,1,1,150,0,0,0,128,30,0,0,30,1,-117.3161,
246.9912,1453.559,30.43565,0.005068941,0,93.50919,18.72595,14.2931,98.1963,302.6373,233.2246,0,2,2.095547,284.98,300,0.7,0,0,46.72589,46.72589,1,1,0.9994829,1.011217,300,0.7469104,0,0,127.8594,1,0,1,1,20.47066,1.926725,0,1,270,232,0,0,0,1,1.007452,0,1,1,2,20,4.72441,1,1000,5,27.1,14.72678,1.094215,13.06432,-0.6202831,-0.6202831,1,0,16,0,15.34706,15.34706,1,1,150,0,0,0,127,30,0,0,30,1,-119.5643,
247.0914,1475.434,28.81428,0.02864648,0,93.48829,18.72595,14.20291,98.10484,303.3833,230.1919,0,2,2.065608,284.82,300,0.7,0,0,46.22654,46.22654,1,1,1.005796,1.011217,300,0.6990449,0,0,127.8594,1,0,1,1,20.74817,1.949273,0,1,270,220,0,0,0,1,1.007452,0,1,1,2,30,4.72441,1,1000,5,27.1,14.73772,1.094215,13.06493,-0.6016121,-0.6016121,1,0,16,0,15.33933,15.33933,1,1,150,0,0,0,127,30,0,0,30,1,-121.1857,
247.1914,1474.636,27.58469,0.0003534328,0,93.44648,18.7481,14.19558,98.07436,297.3305,227.8267,0,2,2.027625,285.36,300,0.7,0,0,45.66991,45.66991,1,1,1.006309,1.01114,300,0.661153,0,0,127.8594,1,0,1,1,20.79709,1.951104,0,1,270,208,0,0,0,1,1.007496,0,1,1,2,50,4.692388,1,1000,5,27.1,14.73732,1.094215,13.06416,-0.5213633,-0.5213633,1,0,16,0,15.25868,15.25868,1,1,150,0,0,0,127,30,0,0,30,1,-122.4153,
247.292,1474.781,26.96387,0.0380775,0,93.39423,18.70232,14.27113,97.99307,294.8552,227.7504,0,2,2.015534,285.42,300,0.7,0,0,45.39524,45.39524,1,1,1.001021,1.011299,300,0.6424255,0,0,127.8594,1,0,1,1,20.79825,1.932218,0,1,270,208,0,0,0,1,1.007405,0,1,1,2,20,4.692388,1,1000,5,27.1,14.73739,1.094215,13.06416,-0.4019747,-0.4019747,1,0,16,0,15.13937,15.13937,1,1,150,0,0,0,127,30,0,0,30,1,-123.0361,
247.3932,1457.443,26.49373,0.04986627,0,93.41513,18.73776,14.25831,98.12517,286.2253,225.9384,0,2,1.991838,285.46,300,0.7,0,0,44.96126,44.96126,1,1,1.001919,1.011176,300,0.6283132,0,0,127.8594,1,0,1,1,20.65954,1.935423,0,1,270,204,0,0,0,1,1.007475,0,1,1,2,40,4.746835,1,1000,5,27.1,14.72872,1.099091,13.06432,-0.1196671,-0.1196671,1,0,16,0,14.85213,14.85213,1,1,150,0,0,0,128,30,0,0,30,1,-123.5063,
247.4934,1444.391,27.09647,0.04750851,0,93.30016,18.70232,14.2519,97.99307,297.517,222.0283,0,2,1.986038,285.89,300,0.7,0,0,45.07363,45.07363,1,1,1.002367,1.011299,300,0.6445319,0,0,127.8594,1,0,1,1,20.55513,1.937026,0,1,270,208,0,0,0,1,1.007405,0,1,1,2,30,4.746835,1,1000,5,27.1,14.7222,1.099091,13.0663,0.0804081,0.0804081,1,0,16,0,14.64179,14.64179,1,1,150,0,0,0,127,30,0,0,30,1,-122.9035,
247.5978,1436.094,27.22305,0.04986627,0,93.46738,18.72595,14.26929,98.07436,291.8033,222.6387,0,2,1.974629,285.72,300,0.7,0,0,45.02956,45.02956,1,1,1.001149,1.011217,300,0.64707,0,0,127.8594,1,0,1,1,20.48875,1.932676,0,1,270,204,0,0,0,1,1.007452,0,1,1,2,30,4.72441,1,1000,5,27.1,14.71805,1.099091,13.06477,0.134408,0.134408,1,0,16,0,14.58364,14.58364,1,1,150,0,0,0,127,30,0,0,30,1,-122.777,
247.6978,1419.715,28.82633,1.481023,0,93.63461,18.74958,14.2519,98.28775,294.0922,225.5951,0,2,2.650135,280.89,300,0.7,0,0,45.60282,81.77245,1,1,1.002367,1.011135,300,1.244916,36.16962,0.8031236,348.632,1,0,1,1,20.30817,1.937026,0,1,270,200,0,0,0,1,1.007499,0,1,1,2,30,4.72441,1,1000,5,27.1,14.70986,1.099091,13.06416,0.2127037,0.2127037,1,0,16,0,14.49715,14.49715,1,1,150,0,0,0,127,30,0,0,30,1,-121.1737,
247.7988,1418.842,33.28059,1.82997,0,93.55099,18.70232,13.99185,98.17597,302.739,233.5298,0,2,2.743095,280.15,300,0.7,0,0,47.66421,83.83383,1,1,1.020815,1.011299,300,1.340797,36.16962,0.8031236,348.632,1,0,1,1,20.03478,2.002038,0,1,270,216,0,0,0,1,1.007405,0,1,1,2,40,4.749341,1,1000,5,27.1,14.70942,1,13.06538,0.2431517,0.2431517,1,0,8,0,14.46627,14.46627,1,1,150,0,0,0,127,30,0,0,30,1,-116.7194,
247.8998,1448.925,35.10086,2.10347,0,93.47784,18.69642,14.13973,98.13533,297.4153,238.8132,0,2,2.173388,284.2,300,0.7,0,0,48.23928,48.23928,1,1,1.010219,1.01132,300,0.8128889,0,0,348.632,1,0,1,1,20.13601,1.965068,0,1,270,200,0,0,0,1,1.007393,0,1,1,2,10,4.749341,1,1000,6,25,14.72446,1,13.06416,0.3329992,0.3329992,1,0,8,0,14.39146,14.39146,1,1,150,0,0,0,128,30,0,0,30,1,-114.8991,
248.002,1504.589,37.85539,3.423812,0,93.47784,18.72595,14.04312,98.10484,305.6043,240.4536,0,2,2.796028,279.26,300,0.7,0,0,49.299,68.94427,1,1,1.016981,1.011217,300,1.250546,19.64527,0.4046763,134.8921,1,0,1,1,20.34193,1.989219,0,1,270,208,0,0,0,1,1.007452,0,1,1,2,20,4.756871,1,1000,6,25,14.7523,1,13.066,0.3752441,0.3752441,1,0,8,0,14.37705,14.37705,1,1,150,0,0,0,127,30,0,0,30,1,-112.1446,
248.1042,1593.372,41.47786,3.572351,0,93.60326,18.67427,14.11867,98.10484,317.6081,242.6089,0,2,2.695453,280.32,300,0.7,0,0,51.58212,51.58212,1,1,1.011693,1.011396,300,1.021464,0,0,134.8921,1,0,1,1,20.97101,1.970333,0,1,270,220,0,0,0,1,1.007349,0,1,1,2,30,4.797441,1,1000,6,25,14.8067,1,13.06508,0.8370676,0.8370676,1,0,8,0,13.96841,13.96841,1,1,150,0,0,0,127,30,0,0,30,1,-108.5221,
248.2045,1702.611,41.14032,3.742109,0,93.38377,18.69051,14.40207,98.05404,319.1001,240.7969,0,2,2.851873,279.38,300,0.7,0,0,53.92158,53.92158,1,1,0.9918554,1.01134,300,1.025511,0,0,134.8921,1,0,1,1,22.08751,1.899656,0,1,270,212,0,0,0,1,1.007381,0,1,1,2,20,4.797441,1,1000,6,25,14.85696,0.9715921,13.06538,2.088779,2.088779,1,0,16,0,12.76821,12.76821,1,1,150,0,0,0,127,30,0,0,30,1,-108.8597,
248.3054,1799.532,44.79293,5.364244,0,93.45693,18.72595,14.4277,98.07436,324.1864,242.3228,0,2,4.243896,268.56,300,0.7,0,0,58.92344,89.80008,1,1,0.9900607,1.011217,300,1.852071,30.87665,0.5641686,214.2198,1,0,1,1,22.8884,1.895382,0,1,270,208,0,0,0,1,1.007452,0,1,1,2,30,4.756871,1,1000,6,25,14.91578,0.9715921,13.06447,1.717302,1.717302,1,0,16,0,13.18403,13.18403,1,1,150,0,0,0,127,30,0,0,30,1,-105.2071,
248.4104,1992.164,50.69376,7.403705,0,93.38377,18.69051,14.09257,98.10484,357.2137,252.8897,0,2,4.963809,263.15,300,0.7,0,0,60.00697,85.01977,1,1,1.01352,1.01134,300,1.974692,25.0128,0.4116238,137.2079,1,0,1,1,23.94472,1.976858,0,1,270,200,0,0,0,1,1.007381,0,1,1,2,40,4.756871,1,1000,6,25,14.99045,0.9715921,13.06569,1.047995,1.047995,1,0,16,0,13.94143,13.94143,1,1,150,0,0,0,127,30,0,0,30,1,-99.30624,
248.5112,2291.651,51.26637,7.732229,0,93.28971,18.72595,14.41855,97.97275,373.7104,247.9686,0,2,4.583301,266.8,300,0.7,0,0,57.11045,57.11045,1,1,0.9907017,1.011217,300,1.380884,0,0,137.2079,1,0,1,1,28.61891,1.896909,0,1,270,240,0,0,0,1,1.007452,0,1,1,2,20,4.754358,1,1000,6,25,14.98734,1,13.06477,0.1203442,0.1203442,1,0,8,0,14.86096,14.86096,1,1,150,0,0,0,127,30,0,0,30,1,-98.73363,
248.6168,2496.463,51.97157,7.901253,0,93.48829,18.69051,14.25556,98.09468,384.8665,250.124,0,2,5.076142,263.4,300,0.7,0,0,60.10456,60.10456,1,1,1.002111,1.01134,300,1.474039,0,0,137.2079,1,0,1,1,31.77592,1.93611,0,1,270,244,0,0,0,1,1.007381,0,1,1,2,40,4.754358,1,1000,6,25,14.98028,1,13.06523,1.641171,1.641171,1,0,8,0,13.34514,13.34514,1,1,150,0,0,0,127,30,0,0,30,1,-98.02843,
248.7187,2693.966,50.50089,8.289292,0,93.63461,18.76139,14.14934,98.13533,386.5619,253.4238,0,2,5.410381,260.48,300,0.7,0,0,60.73158,60.73158,1,1,1.009546,1.011095,300,1.432275,0,0,137.2079,1,0,1,1,34.60691,1.962664,0,1,270,244,0,0,0,1,1.007523,0,1,1,2,50,4.709576,1,1000,6,25,14.99499,0.9907127,13.06554,0.1563654,0.1563654,1,0,16,0,14.84345,14.84345,1,1,150,0,0,0,127,30,0,0,30,1,-99.49911,
248.8233,2910.926,48.7891,9.196306,0,93.43603,18.63883,14.44281,98.01339,402.7195,249.8188,0,2,5.676305,257.98,300,0.7,0,0,59.32911,59.32911,1,1,0.9890031,1.011519,300,1.351559,0,0,137.2079,1,0,1,1,37.7773,1.892864,0,1,270,232,0,0,0,1,1.007278,0,1,1,2,30,4.709576,1,1000,6,25,15,0.9907127,13.066,-0.5463552,-0.5463552,1,0,16,0,15.54636,15.54636,1,1,150,0,0,0,127,30,0,0,30,1,-101.2109,
248.9236,3024.499,49.62088,10.01524,0,93.46738,18.69051,14.13194,98.10484,400.3967,249.1894,0,2,5.948181,255.92,300,0.7,0,0,59.29417,59.29417,1,1,1.010764,1.01134,300,1.387598,0,0,137.2079,1,0,1,1,38.84777,1.967014,0,1,270.49,256,0,0,0,1,1.007381,0,1,1,2,40,4.756871,1,1000,6,25,15,1.000743,13.06737,-0.492095,-0.492095,1,0,16,0,15.49209,15.49209,1,1,150,0,0,0,127,30,0,0,30,1,-100.3791,
249.0247,3068.426,50.1754,10.34376,0,93.32107,18.66688,14.39108,97.9321,393.8015,250.8678,0,2,6.111281,255.84,300,0.7,0,0,59.46808,59.46808,1,1,0.9926245,1.011422,300,1.407432,0,0,137.2079,1,0,1,1,38.92235,1.90223,0,1,271.3685,248,0,0,0,1,1.007334,0,1,1,2,10,4.756871,1,1000,6,25,14.99825,1.000743,13.06661,-1.345839,-1.345839,1,0,16,0,16.34584,16.34584,1,1,150,0,0,0,127,30,0,0,30,1,-99.8246,
249.1261,2974.125,50.63349,10.31043,0,93.34196,18.73038,14.3398,97.92194,399.6677,248.7316,0,2,6.220878,255.34,300,0.7,0,0,60.6416,60.6416,1,1,0.996214,1.011202,300,1.496108,0,0,137.2079,1,0,1,1,38.17553,1.91505,0,1,270,240,0,0,0,1,1.007461,0,1,1,2,30,4.972376,1,1000,6,25,14.99366,1.03355,13.06767,-1.641507,-1.641507,1,0,16,0,16.63192,16.63192,1,1,150,0,0,0,127,30,0,0,30,1,-99.36652,
249.227,2786.809,54.32829,10.21997,0,93.42558,18.71709,14.38741,98.03371,393.5302,254.9878,0,2,6.177427,257,300,0.7,0,0,65.08062,65.08062,1,1,0.9928809,1.011248,300,1.727078,0,0,137.2079,1,0,1,1,34.97911,1.903146,0,1,270,208,0,0,0,1,1.007434,0,1,1,2,20,5.562423,1,1000,6,25,14.95672,1.03355,13.06355,-1.790884,-1.790884,1,0,16,0,16.75941,16.75941,1,1,150,0,0,0,127,30,0,0,30,1,-95.67171,
249.331,2547.122,58.2461,9.862877,0,93.38377,18.72595,14.45334,97.95242,384.9682,257.2766,0,2,5.85838,257.54,300,0.7,0,0,64.60284,64.60284,1,1,0.988266,1.011217,300,1.842834,0,0,137.2079,1,0,1,1,31.43113,1.891109,0,1,270,244,0,0,0,1,1.007452,0,1,1,2,30,5.562423,1,1000,6,25,14.91754,1.03355,13.06538,-1.788213,-1.788213,1,0,16,0,16.72034,16.72034,1,1,150,0,0,0,127,30,0,0,30,1,-91.7539,
249.4319,2382.087,59.57816,9.539114,0,93.53009,18.66098,14.17635,98.12517,366.3691,261.244,0,2,5.796411,258.78,300,0.7,0,0,63.52903,63.52903,1,1,1.007655,1.011442,300,1.917419,0,0,137.2079,1,0,1,1,29.29814,1.955912,0,1,270,220,0,0,0,1,1.007322,0,1,1,2,20,6.060606,1,1000,6,25,14.90422,1.068053,13.06523,-1.007884,-1.007884,1,0,16,0,15.90849,15.90849,1,1,150,0,0,0,127,30,0,0,30,1,-90.42184,
249.5361,2243.83,61.96501,9.403419,0,93.69731,18.74958,14.27021,98.16581,373.8799,262.0069,0,2,5.53478,260.98,300,0.7,0,0,63.44056,63.44056,1,1,1.001085,1.011135,300,1.998604,0,0,137.2079,1,0,1,1,27.74384,1.932448,0,1,270,200,0,0,0,1,1.007499,0,1,1,2,20,6.666667,1,1000,6,25,14.84904,1.068053,13.06569,-0.5065117,-0.5065117,1,0,16,0,15.36805,15.36805,1,1,150,0,0,0,127,30,0,0,30,1,-88.03499,
249.6372,2131.59,61.98309,9.422464,0,93.30016,18.69937,14.37231,97.90162,359.9773,259.7944,0,2,5.435555,261.74,300,0.7,0,0,64.36936,64.36936,1,1,0.9939385,1.011309,300,2.042725,0,0,137.2079,1,0,1,1,26.53718,1.906923,0,1,270,224,0,0,0,1,1.007399,0,1,1,2,30,7.26979,1,1000,6,25,14.84486,1.075185,13.06416,-0.255455,-0.255455,1,0,16,0,15.08744,15.08744,1,1,150,0,0,0,127,30,0,0,30,1,-88.01691,
249.7381,2073.398,62.80282,9.260582,0,93.33152,18.70232,14.29951,98.04388,358.4683,262.1404,0,2,5.390835,261.18,300,0.7,0,0,65.24358,65.24358,1,1,0.9990342,1.011299,300,2.101452,0,0,137.2079,1,0,1,1,26.06041,1.925122,0,1,270,220,0,0,0,1,1.007405,0,1,1,2,20,7.778738,1,1000,6,25,14.81934,1.075185,13.06371,-0.5417681,-0.5417681,1,0,16,0,15.34706,15.34706,1,1,150,0,0,0,127,30,0,0,30,1,-87.19717,
249.8391,2027.712,64.08063,9.179642,0,93.40468,18.66393,14.42038,98.07436,344.1248,261.1677,0,2,5.462812,261,300,0.7,0,0,66.19607,66.19607,1,1,0.9905734,1.011432,300,2.181503,0,0,137.2079,1,0,1,1,25.86678,1.896603,0,1,270,236,0,0,0,1,1.007328,0,1,1,2,40,8.256881,1,1000,6,25,14.77947,1.075185,13.06615,-0.8434763,-0.8434763,1,0,16,0,15.59,15.59,1,1,150,0,0,0,127,30,0,0,30,1,-85.91937,
249.9425,2014.369,60.56665,6.552552,0,93.39423,18.6787,14.05228,98.13533,356.6203,265.4402,0,2,5.170214,262.68,300,0.7,0,0,64.6703,64.6703,1,1,1.01634,1.011381,300,2.034587,0,0,137.2079,1,0,1,1,24.9607,1.98693,0,1,270,240,0,0,0,1,1.007357,0,1,1,2,30,8.67052,1,1000,6,25,14.88314,1.093627,13.06477,-0.7590075,-0.7590075,1,0,16,0,15.62421,15.62421,1,1,150,0,0,0,127,30,0,0,30,1,-89.43335,
250.0477,1972.387,53.39404,5.038874,0,93.31062,18.63144,14.54811,97.99307,349.8046,257.4292,0,2,4.43787,268.32,300,0.7,0,0,61.80079,61.80079,1,1,0.981632,1.011545,300,1.705723,0,0,137.2079,1,0,1,1,23.53018,1.875314,0,1,270,224,0,0,0,1,1.007263,0,1,1,2,50,9.183674,1,1000,6,25,14.95685,1.093627,13.06477,-0.3247061,-0.3247061,1,0,16,0,15.27746,15.27746,1,1,150,0,0,0,127,30,0,0,30,1,-96.60596,
250.149,1833.629,47.31842,3.666661,0,93.44648,18.74367,14.09074,98.21662,329.4931,246.5762,0,2,3.80478,272.72,300,0.7,0,0,60.73265,60.73265,1,1,1.013648,1.011156,300,1.487228,0,0,137.2079,1,0,1,1,23.06294,1.977315,0,1,270,200,0,0,0,1,1.007487,0,1,1,2,30,9.375,1,1000,6,25,14.93711,1.093627,13.06523,0.3017426,0.3017426,1,0,16,0,14.6359,14.6359,1,1,150,0,0,0,127,30,0,0,30,1,-102.6816,
250.2503,1854.599,44.20827,3.419097,0,93.44648,18.66098,14.1205,98.10484,342.4972,244.6307,0,2,3.616469,272.91,300,0.7,0,0,59.79882,59.79882,1,1,1.011565,1.011442,300,1.353893,0,0,137.2079,1,0,1,1,23.41469,1.969875,0,1,270,200,0,0,0,1,1.007322,0,1,1,2,20,9.202453,1,1000,6,25,14.9375,1.082161,13.06554,0.833868,0.833868,1,0,16,0,14.10312,14.10312,1,1,150,0,0,0,127,30,0,0,30,1,-105.7917,
250.3509,1992.297,40.4532,3.371942,0,93.27926,18.69642,14.25922,98.04388,357.1459,242.3419,0,2,3.486519,274.52,300,0.7,0,0,51.98524,51.98524,1,1,1.001854,1.01132,300,1.072743,0,0,137.2079,1,0,1,1,25.03345,1.935194,0,1,270,236,0,0,0,1,1.007393,0,1,1,2,20,9.750813,1,1000,6,25,14.99621,1.082161,13.06538,1.421584,1.421584,1,0,16,0,13.57468,13.57468,1,1,150,0,0,0,127,30,0,0,30,1,-109.5468,
250.4532,2045.687,37.40333,3.324786,0,93.38377,18.69642,14.16765,98.08452,351.517,238.3745,0,2,3.221957,277.1,300,0.7,0,0,46.16695,46.16695,1,1,1.008264,1.01132,300,0.8806315,0,0,137.2079,1,0,1,1,26.11286,1.958086,0,1,270,220,0,0,0,1,1.007393,0,1,1,2,50,10.16949,1,1000,6,25,15,1.082161,13.06676,1.710969,1.710969,1,0,16,0,13.28903,13.28903,1,1,150,0,0,0,127,30,0,0,30,1,-112.5967,
250.5544,1909.247,36.09538,2.902749,0,93.53009,18.71414,14.13835,98.15565,344.4979,237.0012,0,2,2.959333,279.26,300,0.7,0,0,49.08035,49.08035,1,1,1.010315,1.011258,300,0.8759029,0,0,137.2079,1,0,1,1,24.51423,1.965412,0,1,270,228,0,0,0,1,1.007428,0,1,1,2,50,10.02227,1,1000,6,25,14.95462,1.045999,13.06325,1.718642,1.718642,1,0,16,0,13.23598,13.23598,1,1,150,0,0,0,128,30,0,0,30,1,-113.9046,
250.6583,1875.234,36.27621,2.874456,0,93.19565,18.68165,14.38009,98.15565,341.5478,238.6797,0,2,2.969121,278.35,300,0.7,0,0,50.47416,50.47416,1,1,0.9933937,1.011371,300,0.9063628,0,0,137.2079,1,0,1,1,24.16119,1.904977,0,1,270,216,0,0,0,1,1.007363,0,1,1,2,50,9.615385,1,1000,6,25,14.93762,1.045999,13.06416,1.409866,1.409866,1,0,16,0,13.52775,13.52775,1,1,150,0,0,0,127,30,0,0,30,1,-113.7238,
250.7603,1929.26,35.23949,2.912179,0,93.22701,18.68756,14.33934,98.01339,348.1939,234.5407,0,2,2.893891,279.26,300,0.7,0,0,47.30069,47.30069,1,1,0.996246,1.01135,300,0.8236067,0,0,137.2079,1,0,1,1,24.7755,1.915164,0,1,270,232,0,0,0,1,1.007375,0,1,1,2,40,9.615385,1,1000,6,25,14.96463,1.045999,13.06416,0.6843462,0.6843462,1,0,16,0,14.28028,14.28028,1,1,150,0,0,0,128,30,0,0,30,1,-114.7605,
250.8617,1972.387,33.62415,2.893317,0,93.15385,18.596,14.4973,97.92194,341.8699,229.2763,0,2,2.859961,279.06,300,0.7,0,0,43.67599,43.67599,1,1,0.9851893,1.011668,300,0.7225768,0,0,137.2079,1,0,1,1,25.32214,1.883784,0,1,270,240,0,0,0,1,1.007192,0,1,1,2,40,9.719223,1,1000,6,25,14.98619,1.042957,13.06538,-0.2771997,-0.2771997,1,0,16,0,15.25868,15.25868,1,1,150,0,0,0,127,30,0,0,30,1,-116.3759,
250.9629,1931.621,33.87127,2.909822,0,93.19565,18.61963,14.44968,97.94226,346.3968,236.8296,0,2,2.833044,280.19,300,0.7,0,0,45.47181,45.47181,1,1,0.9885224,1.011586,300,0.758822,0,0,137.2079,1,0,1,1,24.89683,1.89172,0,1,270,196,0,0,0,1,1.007239,0,1,1,2,30,9.750813,1,1000,6,25,14.96581,1.042957,13.06798,-0.6524992,-0.6524992,1,0,16,0,15.61831,15.61831,1,1,150,0,0,0,127,30,0,0,30,1,-116.1287,
251.0646,1862.776,34.20278,2.945188,0,93.19565,18.65507,14.18597,97.99307,328.0181,231.4889,0,2,2.856256,279.09,300,0.7,0,0,48.36452,48.36452,1,1,1.006982,1.011463,300,0.8168314,0,0,137.2079,1,0,1,1,24.1847,1.953508,0,1,270,212,0,0,0,1,1.00731,0,1,1,2,40,9.523809,1,1000,6,25,14.93139,1.042957,13.06508,-0.9169388,-0.9169388,1,0,16,0,15.84833,15.84833,1,1,150,0,0,0,127,30,0,0,30,1,-115.7972,
251.1655,1844.792,34.79949,2.895675,0,93.13294,18.63144,14.25602,97.97275,337.1057,231.2409,0,2,2.8748,279.01,300,0.7,0,0,49.53929,49.53929,1,1,1.002079,1.011545,300,0.8717441,0,0,137.2079,1,0,1,1,23.96224,1.935996,0,1,270,212,0,0,0,1,1.007263,0,1,1,2,20,9.3361,1,1000,6,25,14.9224,1.067363,13.06661,-1.483202,-1.483202,1,0,16,0,16.4056,16.4056,1,1,150,0,0,0,127,30,0,0,30,1,-115.2005,
251.2666,1884.185,35.43237,2.905106,0,93.27926,18.63144,14.29219,98.02355,343.4128,236.0666,0,2,2.936189,278.76,300,0.7,0,0,49.12103,49.12103,1,1,0.999547,1.011545,300,0.8789438,0,0,137.2079,1,0,1,1,24.31097,1.926953,0,1,270,220,0,0,0,1,1.007263,0,1,1,2,50,9.326425,1,1000,6,25,14.94209,1.067363,13.06569,-2.150131,-2.150131,1,0,16,0,17.09222,17.09222,1,1,150,0,0,0,127,30,0,0,30,1,-114.5676,
251.3684,1891.79,35.02853,1.959647,0,93.21655,18.70232,14.19421,98.10484,342.0395,236.3718,0,2,2.916509,279.12,300,0.7,0,0,48.35234,48.35234,1,1,1.006405,1.011299,300,0.8550235,0,0,137.2079,1,0,1,1,24.41586,1.951448,0,1,270,204,0,0,0,1,1.007405,0,1,1,2,30,9.544008,1,1000,6,25,14.9459,1.067363,13.06661,-2.581695,-2.581695,1,0,16,0,17.52759,17.52759,1,1,150,0,0,0,127,30,0,0,30,1,-114.9715,
251.4692,1802.993,31.79182,1.572975,0,93.09113,18.65507,14.3105,98.01339,321.5754,226.9875,0,2,2.719514,280.2,300,0.7,0,0,46.89871,46.89871,1,1,0.9982651,1.011463,300,0.7898819,0,0,137.2079,1,0,1,1,23.75908,1.922375,0,1,270,212,0,0,0,1,1.00731,0,1,1,2,40,9.3361,1,1000,6,25,14.9015,1.116704,13.0692,-2.314277,-2.314277,1,0,16,0,17.22696,17.22696,1,1,150,0,0,0,127,30,0,0,30,1,-118.2082,
251.5699,1778.621,30.83949,1.511674,0,93.21655,18.65507,14.34758,97.99307,318.761,226.4916,0,2,2.657679,280.66,300,0.7,0,0,46.51069,46.51069,1,1,0.9956691,1.011463,300,0.7605034,0,0,137.2079,1,0,1,1,23.58339,1.913104,0,1,270,216,0,0,0,1,1.00731,0,1,1,2,30,9.036144,1,1000,6,25,14.88931,1.116704,13.06538,-1.747431,-1.747431,1,0,16,0,16.63827,16.63827,1,1,150,0,0,0,127,30,0,0,30,1,-119.1605,
251.6707,1786.246,30.45373,1.54704,0,93.04933,18.60191,14.39108,97.98291,320.3208,226.339,0,2,2.604942,281.25,300,0.7,0,0,46.25436,46.25436,1,1,0.9926245,1.011647,300,0.7467178,0,0,137.2079,1,0,1,1,23.68719,1.90223,0,1,270,236,0,0,0,1,1.007204,0,1,1,2,30,8.902078,1,1000,6,25,14.89312,1.116704,13.0663,-1.442545,-1.442545,1,0,16,0,16.33567,16.33567,1,1,150,0,0,0,127,30,0,0,30,1,-119.5463,
251.7713,1794.473,30.08003,1.497527,0,93.07023,18.63144,14.26655,97.95242,320.7277,223.3444,0,2,2.61694,280.94,300,0.7,0,0,45.99694,45.99694,1,1,1.001342,1.011545,300,0.7332163,0,0,137.2079,1,0,1,1,23.79616,1.933363,0,1,270,228,0,0,0,1,1.007263,0,1,1,2,20,9.009008,1,1000,6,25,14.89724,1.116704,13.06645,-1.363416,-1.363416,1,0,16,0,16.26065,16.26065,1,1,150,0,0,0,127,30,0,0,30,1,-119.92,
251.8718,1753.668,30.74305,1.469234,0,93.21655,18.61372,14.17773,98.08452,326.8991,230.0774,0,2,2.58666,281.21,300,0.7,0,0,46.60744,46.60744,1,1,1.007559,1.011606,300,0.7775961,0,0,137.2079,1,0,1,1,23.34075,1.955568,0,1,270,228,0,0,0,1,1.007227,0,1,1,2,30,8.928571,1,1000,6,25,14.87683,1.14198,13.06661,-1.110682,-1.110682,1,0,16,0,15.98752,15.98752,1,1,150,0,0,0,127,30,0,0,30,1,-119.257,
251.977,1712.427,31.26743,1.478665,0,93.01797,18.66688,14.2519,98.11501,322.83,232.3472,0,2,2.56864,281.68,300,0.7,0,0,47.11545,47.11545,1,1,1.002367,1.011422,300,0.8005281,0,0,137.2079,1,0,1,1,22.89088,1.937026,0,1,270,216,0,0,0,1,1.007334,0,1,1,2,50,8.67052,1,1000,6,25,14.85621,1.14198,13.066,-0.6618328,-0.6618328,1,0,16,0,15.51805,15.51805,1,1,150,0,0,0,127,30,0,0,30,1,-118.7326,
252.0791,1690.427,31.43017,1.47395,0,93.25835,18.6787,14.07471,98.1963,324.2033,231.7178,0,2,2.563813,281.63,300,0.7,0,0,47.31809,47.31809,1,1,1.01477,1.011381,300,0.8087406,0,0,137.2079,1,0,1,1,22.65925,1.981321,0,1,270,224,0,0,0,1,1.007357,0,1,1,2,40,8.482565,1,1000,5,27.1,14.84521,1.14198,13.06538,-0.2864189,-0.2864189,1,0,16,0,15.13163,15.13163,1,1,150,0,0,0,127,30,0,0,30,1,-118.5698,
252.1796,1690.236,31.31565,1.459803,0,93.19565,18.67722,14.15529,98.13533,319.5578,230.4398,0,2,2.535354,281.98,300,0.7,0,0,47.26369,47.26369,1,1,1.009129,1.011386,300,0.80774,0,0,137.2079,1,0,1,1,22.66553,1.961177,0,1,270,224,0,0,0,1,1.007354,0,1,1,2,40,8.563273,1,1000,5,27.1,14.84512,1.146047,13.06416,-0.1086464,-0.1086464,1,0,16,0,14.95376,14.95376,1,1,150,0,0,0,127,30,0,0,30,1,-118.6843,
252.282,1684.163,31.77976,1.499885,0,93.22701,18.63144,14.229,98.15565,310.165,225.9957,0,2,2.596418,281.81,300,0.7,0,0,47.52054,47.52054,1,1,1.00397,1.011545,300,0.8243889,0,0,137.2079,1,0,1,1,22.57165,1.942749,0,1,270,220,0,0,0,1,1.007263,0,1,1,2,20,8.490566,1,1000,5,27.1,14.84208,1.146047,13.06569,0.09164047,0.09164047,1,0,16,0,14.75044,14.75044,1,1,150,0,0,0,127,30,0,0,30,1,-118.2202,
252.3823,1651.8,32.70195,1.450372,0,93.22701,18.69642,14.11638,98.22678,320.6768,234.8077,0,2,2.546526,281.42,300,0.7,0,0,48.11485,48.11485,1,1,1.011854,1.01132,300,0.8597773,0,0,137.2079,1,0,1,1,22.18215,1.970906,0,1,270,232,0,0,0,1,1.007393,0,1,1,2,40,8.372093,1,1000,5,27.1,14.8259,1.146047,13.06355,0.2039862,0.2039862,1,0,16,0,14.62191,14.62191,1,1,150,0,0,0,127,30,0,0,30,1,-117.298,
252.4828,1627.604,32.20771,1.469234,0,93.14339,18.6787,14.23358,98.13533,302.3829,227.369,0,2,2.549913,281.71,300,0.7,0,0,48.00922,48.00922,1,1,1.003649,1.011381,300,0.8456357,0,0,137.2079,1,0,1,1,21.97549,1.941604,0,1,270,216,0,0,0,1,1.007357,0,1,1,2,40,8.159565,1,1000,5,27.1,14.8138,1.146047,13.06386,0.2926283,0.2926283,1,0,16,0,14.52117,14.52117,1,1,150,0,0,0,127,30,0,0,30,1,-117.7923,
252.5844,1603.506,33.11182,1.490454,0,93.16429,18.66098,14.4277,98.11501,315.9635,234.5979,0,2,2.45871,282.14,300,0.7,0,0,48.51235,48.51235,1,1,0.9900607,1.011442,300,0.8745233,0,0,137.2079,1,0,1,1,21.66993,1.895382,0,1,270,224,0,0,0,1,1.007322,0,1,1,2,40,8.159565,1,1000,5,27.1,14.80175,1.139922,13.06538,0.3368559,0.3368559,1,0,16,0,14.4649,14.4649,1,1,150,0,0,0,128,30,0,0,30,1,-116.8882,
252.6866,1602.564,33.39511,1.492812,0,93.02843,18.66245,14.27021,98.11501,313.7255,231.3363,0,2,2.510684,281.8,300,0.7,0,0,48.6274,48.6274,1,1,1.001085,1.011437,300,0.8841233,0,0,137.2079,1,0,1,1,21.64028,1.932448,0,1,270,224,0,0,0,1,1.007325,0,1,1,2,30,8.086253,1,1000,5,27.1,14.80128,1.139922,13.06386,0.3789349,0.3789349,1,0,16,0,14.42235,14.42235,1,1,150,0,0,0,127,30,0,0,30,1,-116.6049,
252.7884,1592.949,34.40771,1.47395,0,93.09113,18.66098,14.09898,98.07436,313.6237,235.7042,0,2,2.522168,281.92,300,0.7,0,0,49.02299,49.02299,1,1,1.013071,1.011442,300,0.9186426,0,0,137.2079,1,0,1,1,21.47179,1.975255,0,1,270,220,0,0,0,1,1.007322,0,1,1,2,50,8.115419,1,1000,5,33.1,14.79647,1.139922,13.06905,0.4455013,0.4455013,1,0,16,0,14.35097,14.35097,1,1,150,0,0,0,128,30,0,0,30,1,-115.5923,
252.8904,1580.944,36.43895,1.52582,0,92.99707,18.62554,14.05961,98.09468,310.8941,237.0775,0,2,2.621733,281.11,300,0.7,0,0,49.67215,49.67215,1,1,1.015828,1.011565,300,0.9781576,0,0,137.2079,1,0,1,1,21.20666,1.985099,0,1,270,220,0,0,0,1,1.007251,0,1,1,2,30,8,1,1000,5,33.1,14.79047,1.130617,13.06645,0.4751873,0.4751873,1,0,16,0,14.31529,14.31529,1,1,150,0,0,0,127,30,0,0,30,1,-113.5611,
252.9907,1553.438,37.30689,1.497527,0,93.14339,18.70232,14.2226,98.17597,308.5544,236.3718,0,2,2.602009,281.35,300,0.7,0,0,49.68064,49.68064,1,1,1.004418,1.011299,300,1.002449,0,0,137.2079,1,0,1,1,20.8696,1.944351,0,1,270,220,0,0,0,1,1.007405,0,1,1,2,30,7.867133,1,1000,5,33.1,14.77672,1.130617,13.06523,0.4607487,0.4607487,1,0,16,0,14.31597,14.31597,1,1,150,0,0,0,127,30,0,0,30,1,-112.6931,
253.0908,1536.098,37.67457,1.537609,0,93.02843,18.61963,14.01016,97.98291,306.6216,233.1674,0,2,2.585765,281.22,300,0.7,0,0,49.58497,49.58497,1,1,1.019289,1.011586,300,1.011093,0,0,137.2079,1,0,1,1,20.66994,1.99746,0,1,270,216,0,0,0,1,1.007239,0,1,1,2,30,7.8125,1,1000,5,27.1,14.76805,1.130617,13.06355,0.3470755,0.3470755,1,0,16,0,14.42097,14.42097,1,1,150,0,0,0,127,30,0,0,30,1,-112.3254,
253.1926,1531.628,35.6373,1.497527,0,92.98662,18.55909,14.08753,98.07436,299.5346,235.3036,0,2,2.488896,282.2,300,0.7,0,0,49.11046,49.11046,1,1,1.013873,1.011796,300,0.947491,0,0,137.2079,1,0,1,1,20.77076,1.978117,0,1,270,216,0,0,0,1,1.007118,0,1,1,2,50,7.758621,1,1000,5,27.1,14.76581,1.130617,13.06661,0.2226791,0.2226791,1,0,16,0,14.54314,14.54314,1,1,150,0,0,0,127,30,0,0,30,1,-114.3627,
253.2941,1505.268,36.68005,1.570618,0,92.88211,18.61372,14.33156,98.01339,307.9271,238.4508,0,2,2.446061,282.47,300,0.7,0,0,49.07126,49.07126,1,1,0.9967909,1.011606,300,0.9745762,0,0,137.2079,1,0,1,1,20.43268,1.91711,0,1,270,220,0,0,0,1,1.007227,0,1,1,2,20,7.620661,1,1000,5,33.1,14.75264,1.12986,13.06676,0.03356075,0.03356075,1,0,16,0,14.71907,14.71907,1,1,150,0,0,0,128,30,0,0,30,1,-113.32,
253.3959,1504.061,38.72334,1.634277,0,92.80894,18.60782,14.40573,97.95242,312.0809,240.3391,0,2,2.519302,281.64,300,0.7,0,0,49.46648,49.46648,1,1,0.991599,1.011627,300,1.037204,0,0,137.2079,1,0,1,1,20.27466,1.899045,0,1,270,224,0,0,0,1,1.007216,0,1,1,2,20,7.525084,1,1000,5,33.1,14.75203,1.12986,13.06416,-0.2856951,-0.2856951,1,0,16,0,15.03773,15.03773,1,1,150,0,0,0,127,30,0,0,30,1,-111.2767,
253.4969,1484.928,39.98909,1.806393,0,92.80894,18.60782,14.11729,97.9321,306.7911,242.0176,0,2,2.561501,281.58,300,0.7,0,0,49.50501,49.50501,1,1,1.011789,1.011627,300,1.072637,0,0,137.2079,1,0,1,1,20.04887,1.970677,0,1,270,228,0,0,0,1,1.007216,0,1,1,2,50,7.525084,1,1000,5,33.1,14.74247,1.12986,13.06676,-0.3306141,-0.3306141,1,0,16,0,15.07308,15.07308,1,1,150,0,0,0,128,30,0,0,30,1,-110.0109,
253.5977,1471.165,41.14635,1.926638,0,92.78805,18.64178,14.21527,97.96259,305.2822,243.0858,0,2,2.562279,281.5,300,0.7,0,0,49.56633,49.56633,1,1,1.004931,1.011509,300,1.10475,0,0,137.2079,1,0,1,1,19.88445,1.946183,0,1,270,212,0,0,0,1,1.007284,0,1,1,2,50,7.506255,1,1000,5,33.1,14.74569,1.12986,13.06676,-0.2791443,-0.2791443,1,0,16,0,15.02005,15.02005,1,1,150,0,0,0,128,30,0,0,30,1,-108.8537,
253.6993,1456.523,42.29156,1.969078,0,92.80894,18.51184,14.23725,97.89146,303.0442,244.0967,0,2,2.57319,281.29,300,0.7,0,0,49.60182,49.60182,1,1,1.003393,1.01196,300,1.143789,0,0,137.2079,1,0,1,1,19.75961,1.940688,0,1,270,212,0,0,0,1,1.007024,0,1,1,2,50,7.407407,1,1000,5,33.1,14.74902,1.137339,13.06752,-0.4234972,-0.4234972,1,0,16,0,15.16367,15.16367,1,1,150,0,0,0,127,30,0,0,30,1,-107.7084,
253.8009,1458.576,40.95348,1.98794,0,92.63127,18.56056,14.40573,97.9321,301.7048,243.7152,0,2,2.528199,281.36,300,0.7,0,0,49.38497,49.38497,1,1,0.991599,1.011791,300,1.103512,0,0,137.2079,1,0,1,1,19.82002,1.899045,0,1,270,216,0,0,0,1,1.007121,0,1,1,2,50,7.32899,1,1000,5,27.1,14.73789,1.137339,13.06416,-0.6392746,-0.6392746,1,0,16,0,15.37358,15.37358,1,1,150,0,0,0,128,30,0,0,30,1,-109.0465,
253.9024,1468.141,39.48882,1.940785,0,92.67308,18.6403,14.36635,97.99307,294.8721,241.8841,0,2,2.508075,282.12,300,0.7,0,0,49.22525,49.22525,1,1,0.9943551,1.011514,300,1.060758,0,0,137.2079,1,0,1,1,19.97679,1.908411,0,1,270,220,0,0,0,1,1.007281,0,1,1,2,30,7.340946,1,1000,5,27.1,14.73407,1.137339,13.06661,-0.7485867,-0.7485867,1,0,16,0,15.48266,15.48266,1,1,150,0,0,0,127,30,0,0,30,1,-110.5112,
254.0034,1443.418,38.88607,1.969078,0,92.76714,18.61963,14.39154,97.87113,287.1917,238.9658,0,2,2.477868,282.57,300,0.7,0,0,48.84909,48.84909,1,1,0.9925925,1.011586,300,1.037486,0,0,137.2079,1,0,1,1,19.85776,1.902116,0,1,270,228,0,0,0,1,1.007239,0,1,1,2,40,7.340946,1,1000,5,27.1,14.72171,1.137339,13.0663,-0.8411608,-0.8411608,1,0,16,0,15.56287,15.56287,1,1,150,0,0,0,127,30,0,0,30,1,-111.1139,
254.1044,1439.954,39.5069,1.931354,0,92.75669,18.63735,14.33064,97.97275,300.3315,235.0557,0,2,2.483921,282.23,300,0.7,0,0,48.91939,48.91939,1,1,0.996855,1.011524,300,1.070962,0,0,137.2079,1,0,1,1,19.79642,1.917339,0,1,270,208,0,0,0,1,1.007275,0,1,1,2,30,7.340946,1,1000,5,27.1,14.71998,1.153821,13.06783,-0.7438078,-0.7438078,1,0,16,0,15.46379,15.46379,1,1,150,0,0,0,128,30,0,0,30,1,-110.4931,
254.2052,1485.737,38.95238,1.950216,0,92.62082,18.63587,14.20062,98.02355,302.8068,236.2383,0,2,2.575277,281.32,300,0.7,0,0,49.31527,49.31527,1,1,1.005957,1.011529,300,1.062824,0,0,137.2079,1,0,1,1,20.1259,1.949845,0,1,270,216,0,0,0,1,1.007272,0,1,1,2,30,7.358953,1,1000,5,27.1,14.74287,1.153821,13.06538,-0.6406517,-0.6406517,1,0,16,0,15.38352,15.38352,1,1,150,0,0,0,127,30,0,0,30,1,-111.0476,
254.3085,1474.926,38.10251,1.719156,0,92.59992,18.64326,14.24457,97.92194,298.2291,233.5489,0,2,2.507375,282.2,300,0.7,0,0,49.03994,49.03994,1,1,1.00288,1.011504,300,1.0342,0,0,137.2079,1,0,1,1,20.11399,1.938857,0,1,270,216,0,0,0,1,1.007287,0,1,1,2,30,7.431874,1,1000,5,27.1,14.73746,1.153821,13.06737,-0.5422077,-0.5422077,1,0,16,0,15.27967,15.27967,1,1,150,0,0,0,128,30,0,0,30,1,-111.8975,
254.4092,1396.323,39.67567,1.558829,0,92.74624,18.64326,14.229,97.97275,295.8385,237.1347,0,2,2.408657,283.02,300,0.7,0,0,48.46699,48.46699,1,1,1.00397,1.011504,300,1.067116,0,0,137.2079,1,0,1,1,19.50953,1.942749,0,1,270,236,0,0,0,1,1.007287,0,1,1,2,20,7.131537,1,1000,5,33.1,14.69881,1.153821,13.06508,-0.4936123,-0.4936123,1,0,16,0,15.1924,15.1924,1,1,150,0,0,0,127,30,0,0,30,1,-110.3243,
254.5108,1407.526,41.35128,1.587122,0,92.79849,18.67575,14.23725,98.02355,302.2473,241.331,0,2,2.474899,281.86,300,0.7,0,0,48.85837,48.85837,1,1,1.003393,1.011391,300,1.126967,0,0,137.2079,1,0,1,1,19.48292,1.940688,0,1,270,228,0,0,0,1,1.007352,0,1,1,2,30,7.125891,1,1000,5,33.1,14.71711,1.16129,13.06554,-0.3364897,-0.3364897,1,0,16,0,15.04878,15.04878,1,1,150,0,0,0,128,30,0,0,30,1,-108.6487,
254.612,1471.309,40.29649,1.58948,0,92.74624,18.61963,14.29402,98.03371,305.7739,242.7806,0,2,2.538009,281.79,300,0.7,0,0,49.41007,49.41007,1,1,0.9994188,1.011586,300,1.109116,0,0,137.2079,1,0,1,1,19.94255,1.926496,0,1,270,216,0,0,0,1,1.007239,0,1,1,2,40,7.125891,1,1000,5,27.1,14.73827,1.16129,13.066,-0.2932339,-0.2932339,1,0,16,0,15.02889,15.02889,1,1,150,0,0,0,128,30,0,0,30,1,-109.7035,
254.7128,1455.957,37.59018,1.582406,0,92.78805,18.66836,14.26197,97.88129,295.1773,240.3391,0,2,2.450861,282.38,300,0.7,0,0,48.75076,48.75076,1,1,1.001662,1.011417,300,1.021464,0,0,137.2079,1,0,1,1,20.02299,1.934508,0,1,270,212,0,0,0,1,1.007337,0,1,1,2,20,7.323027,1,1000,5,27.1,14.72798,1.16129,13.0663,-0.1694412,-0.1694412,1,0,16,0,14.89742,14.89742,1,1,150,0,0,0,128,30,0,0,30,1,-112.4098,
254.8128,1366.867,39.10306,1.591837,0,92.68353,18.596,14.31782,98.00323,288.5142,235.0748,0,2,2.335065,283.62,300,0.7,0,0,48.05988,48.05988,1,1,0.9977523,1.011668,300,1.050337,0,0,137.2079,1,0,1,1,19.35303,1.920544,0,1,270,220,0,0,0,1,1.007192,0,1,1,2,40,7.2,1,1000,5,27.1,14.68995,1.16129,13.06416,-0.2596512,-0.2596512,1,0,16,0,14.94935,14.94935,1,1,150,0,0,0,127,30,0,0,30,1,-110.8969,
254.9133,1348.982,39.01265,1.598911,0,92.62082,18.60634,14.3105,97.96259,289.345,242.3228,0,2,2.270786,283.52,300,0.7,0,0,47.85435,47.85435,1,1,0.9982651,1.011632,300,1.043787,0,0,137.2079,1,0,1,1,19.24282,1.922375,0,1,270,204,0,0,0,1,1.007213,0,1,1,2,40,6.746627,1,1000,5,27.1,14.68467,1.16129,13.066,-0.2962389,-0.2962389,1,0,16,0,14.98138,14.98138,1,1,150,0,0,0,127,30,0,0,30,1,-110.9874,
255.0145,1416.564,40.7184,1.610699,0,92.48495,18.596,14.22122,97.87113,298.8395,236.9249,0,2,2.514402,281.48,300,0.7,0,0,48.86087,48.86087,1,1,1.004514,1.011668,300,1.116239,0,0,137.2079,1,0,1,1,19.57565,1.944694,0,1,270,216,0,0,0,1,1.007192,0,1,1,2,20,7.086614,1,1000,5,33.1,14.71527,1.167773,13.06676,-0.2807751,-0.2807751,1,0,16,0,15.00237,15.00237,1,1,150,0,0,0,127,30,0,0,30,1,-109.2816,
255.1161,1461.988,41.29704,1.634277,0,92.54766,18.63144,14.24961,97.86097,297.5848,238.0884,0,2,2.631579,281,300,0.7,0,0,49.48695,49.48695,1,1,1.002527,1.011545,300,1.144421,0,0,137.2079,1,0,1,1,19.81832,1.937598,0,1,270,228,0,0,0,1,1.007263,0,1,1,2,40,7.086614,1,1000,5,33.1,14.74263,1.167773,13.06416,-0.02143002,-0.02143002,1,0,16,0,14.76735,14.76735,1,1,150,0,0,0,128,30,0,0,30,1,-108.703,
255.2167,1388.696,42.62909,1.617773,0,92.63127,18.59305,14.28486,97.94226,283.4957,241.0449,0,2,2.511225,282.48,300,0.7,0,0,48.83196,48.83196,1,1,1.00006,1.011678,300,1.167513,0,0,137.2079,1,0,1,1,19.36979,1.928785,0,1,270,212,0,0,0,1,1.007186,0,1,1,2,40,7.263922,1,1000,5,33.1,14.72054,1.167773,13.06676,0.002471924,0.002471924,1,0,16,0,14.71907,14.71907,1,1,150,0,0,0,128,30,0,0,30,1,-107.3709,
255.3174,1326.905,42.77375,1.629561,0,92.54766,18.596,14.29081,97.8,276.0696,243.162,0,2,2.454775,281.93,300,0.7,0,0,48.09367,48.09367,1,1,0.9996431,1.011668,300,1.156168,0,0,137.2079,1,0,1,1,19.00035,1.927297,0,1,270,220,0,0,0,1,1.007192,0,1,1,2,30,6.93909,1,1000,5,33.1,14.68986,1.167773,13.06722,0.03982544,0.03982544,1,0,16,0,14.65504,14.65504,1,1,150,0,0,0,127,30,0,0,30,1,-107.2262,
255.4177,1376.526,44.49759,1.667285,0,92.55811,18.58419,14.30684,97.77968,297.6357,241.8841,0,2,2.638341,280.41,300,0.7,0,0,51.05835,51.05835,1,1,0.9985214,1.011709,300,1.272538,0,0,137.2079,1,0,1,1,19.40383,1.923291,0,1,270,212,0,0,0,1,1.007168,0,1,1,2,20,6.844107,1,1000,5,33.1,14.73011,1.166948,13.06645,-0.06633186,-0.06633186,1,0,16,0,14.80117,14.80117,1,1,150,0,0,0,128,30,0,0,30,1,-105.5024,
255.5178,1463.557,42.11676,1.66257,0,92.39089,18.62406,14.32378,97.76952,304.6718,242.0176,0,2,2.634403,280.83,300,0.7,0,0,49.65506,49.65506,1,1,0.9973357,1.01157,300,1.169646,0,0,137.2079,1,0,1,1,19.78967,1.919056,0,1,270,220,0,0,0,1,1.007248,0,1,1,2,30,7.217322,1,1000,5,27.1,14.7507,1.166948,13.0663,-0.2273655,-0.2273655,1,0,16,0,14.97586,14.97586,1,1,150,0,0,0,127,30,0,0,30,1,-107.8832,
255.6194,1426.262,40.23621,1.638992,0,92.48495,18.65359,14.16033,97.74919,297.8392,241.4073,0,2,2.495959,282.41,300,0.7,0,0,48.89132,48.89132,1,1,1.008777,1.011468,300,1.102827,0,0,137.2079,1,0,1,1,19.66498,1.959917,0,1,270,228,0,0,0,1,1.007307,0,1,1,2,50,7.217322,1,1000,5,27.1,14.71539,1.166948,13.06661,-0.4394913,-0.4394913,1,0,16,0,15.15262,15.15262,1,1,150,0,0,0,128,30,0,0,30,1,-109.7638,
255.7199,1382.425,40.04936,1.629561,0,92.42225,18.64326,14.14019,97.87113,290.1588,236.0666,0,2,2.419243,282.68,300,0.7,0,0,48.36945,48.36945,1,1,1.010187,1.011504,300,1.087543,0,0,137.2079,1,0,1,1,19.40112,1.964954,0,1,270,216,0,0,0,1,1.007287,0,1,1,2,30,7.171315,1,1000,5,27.1,14.69458,1.166948,13.06905,-0.27841,-0.27841,1,0,16,0,14.97586,14.97586,1,1,150,0,0,0,128,30,0,0,30,1,-109.9506,
255.8209,1424.501,39.45265,1.686148,0,92.44315,18.58419,14.30729,97.69839,301.0096,235.7996,0,2,2.481007,281.6,300,0.7,0,0,48.74085,48.74085,1,1,0.9984894,1.011709,300,1.081588,0,0,137.2079,1,0,1,1,19.70149,1.923176,0,1,270,224,0,0,0,1,1.007168,0,1,1,2,20,7.009346,1,1000,5,27.1,14.71225,1.170442,13.06416,-0.1008997,-0.1008997,1,0,16,0,14.81386,14.81386,1,1,150,0,0,0,127,30,0,0,30,1,-110.5473,
255.9224,1472.031,38.30141,1.66257,0,92.4327,18.62997,14.31599,97.87113,303.6545,235.2464,0,2,2.539254,281.41,300,0.7,0,0,49.04687,49.04687,1,1,0.9978805,1.01155,300,1.054847,0,0,137.2079,1,0,1,1,20.0816,1.921002,0,1,270,216,0,0,0,1,1.00726,0,1,1,2,20,7.228916,1,1000,5,27.1,14.73602,1.170442,13.06477,0.08760357,0.08760357,1,0,16,0,14.64841,14.64841,1,1,150,0,0,0,128,30,0,0,30,1,-111.6986,
256.0235,1464.987,37.98196,1.669643,0,92.40134,18.55909,14.24686,97.78984,302.4508,235.2655,0,2,2.502686,282.38,300,0.7,0,0,48.91452,48.91452,1,1,1.00272,1.011796,300,1.043582,0,0,137.2079,1,0,1,1,20.05683,1.938285,0,1,270,228,0,0,0,1,1.007118,0,1,1,2,40,7.438016,1,1000,5,27.1,14.73249,1.170442,13.06538,0.1635761,0.1635761,1,0,16,0,14.56892,14.56892,1,1,150,0,0,0,128,30,0,0,30,1,-112.018,
256.1257,1435.475,37.37922,0.3940983,0,92.55811,18.596,14.25235,97.92194,295.7368,236.944,0,2,2.416384,282.63,300,0.7,0,0,48.50601,48.50601,1,1,1.002335,1.011668,300,1.019411,0,0,137.2079,1,0,1,1,19.90031,1.936911,0,1,270,212,0,0,0,1,1.007192,0,1,1,2,30,7.438016,1,1000,5,27.1,14.71774,1.170442,13.06416,0.2308779,0.2308779,1,0,16,0,14.48686,14.48686,1,1,150,0,0,0,127,30,0,0,30,1,-112.6208,
256.2267,1467.064,32.74415,0.002711187,0,92.4536,18.61225,14.25373,97.86097,308.317,232.3281,0,2,2.298401,283.44,300,0.7,0,0,47.90347,47.90347,1,1,1.002239,1.011611,300,0.8773095,0,0,137.2079,1,0,1,1,20.41997,1.936568,0,1,270,208,0,0,0,1,1.007224,0,1,1,2,30,7.293355,1,1000,5,27.1,14.73353,1.165613,13.06661,0.2549095,0.2549095,1,0,16,0,14.47862,14.47862,1,1,150,0,0,0,128,30,0,0,30,1,-117.2559,
256.3271,1488.612,30.07401,0.07344381,0,92.25502,18.59896,14.32881,97.68822,310.4194,230.3254,0,2,2.208108,284.11,300,0.7,0,0,46.92391,46.92391,1,1,0.9969831,1.011657,300,0.7887303,0,0,137.2079,1,0,1,1,20.76413,1.917797,0,1,270,232,0,0,0,1,1.007198,0,1,1,2,40,7.389163,1,1000,5,27.1,14.74431,1.165613,13.066,0.2629375,0.2629375,1,0,16,0,14.48137,14.48137,1,1,150,0,0,0,127,30,0,0,30,1,-119.926,
256.4274,1483.973,28.40442,0.02628873,0,92.34908,18.5901,14.2226,97.63742,304.8244,229.2,0,2,2.139395,284.61,300,0.7,0,0,46.14322,46.14322,1,1,1.004418,1.011688,300,0.7326739,0,0,137.2079,1,0,1,1,20.84382,1.944351,0,1,270,208,0,0,0,1,1.00718,0,1,1,2,30,7.431874,1,1000,5,27.1,14.74199,1.165613,13.06538,0.2832661,0.2832661,1,0,16,0,14.45872,14.45872,1,1,150,0,0,0,128,30,0,0,30,1,-121.5956,
256.5282,1473.477,27.65099,0.04750851,0,92.35954,18.57238,14.30272,97.64758,300.0093,228.7423,0,2,2.087426,284.69,300,0.7,0,0,45.68538,45.68538,1,1,0.9988099,1.01175,300,0.7064323,0,0,137.2079,1,0,1,1,20.78782,1.924321,0,1,270,212,0,0,0,1,1.007145,0,1,1,2,30,7.444169,1,1000,5,27.1,14.73674,1.165613,13.06996,0.2690954,0.2690954,1,0,16,0,14.46764,14.46764,1,1,150,0,0,0,127,30,0,0,30,1,-122.349,
256.6305,1470.084,27.47017,0.04515076,0,92.29683,18.61225,14.33248,97.69839,306.825,229.3526,0,2,2.045867,285.36,300,0.7,0,0,45.56309,45.56309,1,1,0.9967267,1.011611,300,0.696167,0,0,137.2079,1,0,1,1,20.76067,1.916881,0,1,270,224,0,0,0,1,1.007224,0,1,1,2,40,7.211538,1,1000,5,27.1,14.73504,1.159273,13.06432,0.3168125,0.3168125,1,0,16,0,14.41823,14.41823,1,1,150,0,0,0,127,30,0,0,30,1,-122.5298,
256.7307,1463.772,26.68058,0.02157322,0,92.23412,18.60782,14.37276,97.64758,304.6718,229.8485,0,2,2.012686,285.61,300,0.7,0,0,45.12793,45.12793,1,1,0.9939065,1.011627,300,0.6698465,0,0,137.2079,1,0,1,1,20.71017,1.906809,0,1,270,216,0,0,0,1,1.007216,0,1,1,2,40,7.211538,1,1000,5,27.1,14.73189,1.159273,13.06767,0.5634708,0.5634708,1,0,16,0,14.16842,14.16842,1,1,150,0,0,0,128,30,0,0,30,1,-123.3194,
256.8308,1451.8,26.3551,0.06637054,0,92.046,18.56056,14.38284,97.59677,289.2094,227.7886,0,2,1.996226,285.5,300,0.7,0,0,44.82416,44.82416,1,1,0.9932014,1.011791,300,0.6575329,0,0,137.2079,1,0,1,1,20.6144,1.904291,0,1,270,216,0,0,0,1,1.007121,0,1,1,2,10,7.46888,1,1000,5,27.1,14.7259,1.159273,13.06661,0.7729321,0.7729321,1,0,16,0,13.95469,13.95469,1,1,150,0,0,0,127,30,0,0,30,1,-123.6449,
256.9312,1441.338,26.85537,0.01685771,0,92.29683,18.62997,14.1031,97.78984,300.7214,221.952,0,2,2.017873,285.56,300,0.7,0,0,44.92227,44.92227,1,1,1.012783,1.01155,300,0.6716523,0,0,137.2079,1,0,1,1,20.5307,1.974225,0,1,270,204,0,0,0,1,1.00726,0,1,1,2,20,7.287449,1,1000,5,27.1,14.72067,1.159273,13.066,0.9700108,0.9700108,1,0,16,0,13.75066,13.75066,1,1,150,0,0,0,128,30,0,0,30,1,-123.1446,
257.0362,1429.865,26.994,0.07580156,0,92.16096,18.54284,14.33248,97.60693,295.5842,222.0283,0,2,1.97798,285.67,300,0.7,0,0,44.84277,44.84277,1,1,0.9967267,1.011852,300,0.6615675,0,0,137.2079,1,0,1,1,20.43892,1.916881,0,1,270,220,0,0,0,1,1.007086,0,1,1,2,40,7.311129,1,1000,5,27.1,14.71493,1.13743,13.06752,1.11169,1.11169,1,0,16,0,13.60324,13.60324,1,1,150,0,0,0,127,30,0,0,30,1,-123.006,
257.1416,1409.311,27.21099,0.0003534328,0,92.38044,18.64178,14.16079,97.82033,295.3129,222.9248,0,2,1.961291,286.03,300,0.7,0,0,44.69057,44.69057,1,1,1.008745,1.011509,300,0.6649916,0,0,137.2079,1,0,1,1,20.27449,1.959803,0,1,270,228,0,0,0,1,1.007284,0,1,1,2,30,7.217322,1,1000,5,27.1,14.70466,1.13743,13.06676,1.1463,1.1463,1,0,16,0,13.55836,13.55836,1,1,150,0,0,0,127,30,0,0,30,1,-122.789,
257.2424,1391.595,27.98853,0.0380775,0,92.29683,18.56056,14.27754,97.67806,295.0247,225.4616,0,2,1.948233,286,300,0.7,0,0,44.86252,44.86252,1,1,1.000573,1.011791,300,0.6869227,0,0,137.2079,1,0,1,1,20.13276,1.930616,0,1,270,208,0,0,0,1,1.007121,0,1,1,2,50,7.217322,1,1000,5,27.1,14.7,1.13743,13.06691,1.1799,1.1799,1,0,16,0,13.5201,13.5201,1,1,150,0,0,0,127,30,0,0,30,1,-122.0115,
257.3438,1373.249,27.52441,0.04515076,0,92.11916,18.58419,14.07609,97.72887,289.7519,230.8785,0,2,1.922549,286.24,300,0.7,0,0,44.40411,44.40411,1,1,1.014674,1.011709,300,0.6686067,0,0,137.2079,1,0,1,1,19.98599,1.980978,0,1,270,236,0,0,0,1,1.007168,0,1,1,2,50,7.131537,1,1000,5,27.1,14.7,1.13743,13.06783,1.153887,1.153887,1,0,16,0,13.54611,13.54611,1,1,150,0,0,0,127,30,0,0,30,1,-122.4756,
257.4461,1366.618,28.32606,0.01921546,0,92.23412,18.54875,14.03946,97.71871,290.9726,224.6414,0,2,1.947431,285.73,300,0.7,0,0,44.74194,44.74194,1,1,1.017238,1.011832,300,0.6933502,0,0,137.2079,1,0,1,1,19.91587,1.990135,0,1,270,224,0,0,0,1,1.007097,0,1,1,2,30,6.97134,1,1000,5,27.1,14.7,1.13743,13.06661,1.191123,1.191123,1,0,16,0,13.50888,13.50888,1,1,150,0,0,0,127,30,0,0,30,1,-121.6739,
257.5469,1355.32,29.14579,0.05222402,0,92.00419,18.5901,14.43549,97.59677,289.0228,226.9112,0,2,1.886153,286.33,300,0.7,0,0,45.04527,45.04527,1,1,0.9895158,1.011688,300,0.7037075,0,0,137.2079,1,0,1,1,19.7844,1.894085,0,1,270,224,0,0,0,1,1.00718,0,1,1,2,30,7.003891,1,1000,5,27.1,14.7,1.114464,13.06783,1.144705,1.144705,1,0,16,0,13.5553,13.5553,1,1,150,0,0,0,127,30,0,0,30,1,-120.8542,
257.6492,1353.729,28.45263,0.05929728,0,92.0878,18.51331,14.18231,97.60693,275.9679,226.6442,0,2,1.929065,285.94,300,0.7,0,0,44.65913,44.65913,1,1,1.007239,1.011955,300,0.6811582,0,0,137.2079,1,0,1,1,19.80696,1.954424,0,1,270,220,0,0,0,1,1.007027,0,1,1,2,30,6.923077,1,1000,5,27.1,14.7,1.114464,13.06477,1.149806,1.149806,1,0,16,0,13.55019,13.55019,1,1,150,0,0,0,127,30,0,0,30,1,-121.5474,
257.7512,1349.406,29.27839,0.03100424,0,92.17141,18.57829,14.29997,97.70855,289.0398,227.0638,0,2,1.922904,286.03,300,0.7,0,0,45.05077,45.05077,1,1,0.9990022,1.011729,300,0.7070076,0,0,137.2079,1,0,1,1,19.73144,1.925008,0,1,270,236,0,0,0,1,1.007157,0,1,1,2,20,6.923077,1,1000,5,27.1,14.7,1.114464,13.066,1.140625,1.140625,1,0,16,0,13.55938,13.55938,1,1,150,0,0,0,127,30,0,0,30,1,-120.7216,
257.8518,1355.197,28.43455,0.07815931,0,91.99374,18.54284,14.24274,97.56629,286.7679,231.3363,0,2,1.885983,286.36,300,0.7,0,0,44.66649,44.66649,1,1,1.003008,1.011852,300,0.6808086,0,0,137.2079,1,0,1,1,19.81953,1.939315,0,1,270,220,0,0,0,1,1.007086,0,1,1,2,0,6.782216,1,1000,5,27.1,14.7,1.114464,13.06661,1.133483,1.133483,1,0,16,0,13.56652,13.56652,1,1,150,0,0,0,127,30,0,0,30,1,-121.5654,
257.9564,1357.773,29.07346,0.002711187,0,92.1087,18.60191,14.25922,97.65774,282.9192,225.0801,0,2,1.912197,286,300,0.7,0,0,45.03416,45.03416,1,1,1.001854,1.011647,300,0.6869475,0,0,137.2079,1,0,1,1,19.80732,1.935194,0,1,270,240,0,0,0,1,1.007204,0,1,1,2,20,6.661732,1,1000,5,27.1,14.7,1.090915,13.06722,1.111549,1.111549,1,0,16,0,13.58845,13.58845,1,1,150,0,0,0,127,30,0,0,30,1,-120.9265,
258.0564,1363.079,29.15784,0.03571974,0,92.19231,18.56352,14.20932,97.81017,295.5842,227.1592,0,2,1.90831,286.09,300,0.7,0,0,45.13743,45.13743,1,1,1.005348,1.01178,300,0.6905596,0,0,137.2079,1,0,1,1,19.84457,1.94767,0,1,270,220,0,0,0,1,1.007127,0,1,1,2,30,6.671609,1,1000,5,27.1,14.7,1.090915,13.06584,1.093696,1.093696,1,0,16,0,13.60631,13.60631,1,1,150,0,0,0,127,30,0,0,30,1,-120.8422,
258.1565,1359.989,28.4225,0.007426695,0,92.22367,18.59305,14.22305,97.65774,280.8677,225.557,0,2,1.926651,286.09,300,0.7,0,0,44.71558,44.71558,1,1,1.004386,1.011678,300,0.6668243,0,0,137.2079,1,0,1,1,19.85818,1.944237,0,1,270,212,0,0,0,1,1.007186,0,1,1,2,30,6.671609,1,1000,5,27.1,14.7,1.090915,13.0634,1.11512,1.11512,1,0,16,0,13.58488,13.58488,1,1,150,0,0,0,127,30,0,0,30,1,-121.5775,
258.2577,1353.668,29.41702,0.01685771,0,92.16096,18.58567,14.27021,97.70855,284.7673,226.0719,0,2,1.895136,286.43,300,0.7,0,0,45.17123,45.17123,1,1,1.001085,1.011703,300,0.697197,0,0,137.2079,1,0,1,1,19.75775,1.932448,0,1,270,228,0,0,0,1,1.007171,0,1,1,2,20,6.535948,1,1000,5,27.1,14.7,1.090915,13.06416,1.065641,1.065641,1,0,16,0,13.63436,13.63436,1,1,150,0,0,0,127,30,0,0,30,1,-120.583,
258.3592,1353.913,28.45263,0.02157322,0,92.17141,18.61963,14.39108,97.73903,280.1387,228.666,0,2,1.86163,286.66,300,0.7,0,0,44.66124,44.66124,1,1,0.9926245,1.011586,300,0.6532829,0,0,137.2079,1,0,1,1,19.80842,1.90223,0,1,270,224,0,0,0,1,1.007239,0,1,1,2,40,6.456241,1,1000,5,27.1,14.7,1.06897,13.06615,1.072272,1.072272,1,0,16,0,13.62773,13.62773,1,1,150,0,0,0,127,30,0,0,30,1,-121.5474,
258.4597,1355.871,29.22414,0.04986627,0,92.25502,18.56056,14.08158,97.73903,288.8702,226.9112,0,2,1.909518,286.31,300,0.7,0,0,45.09291,45.09291,1,1,1.014289,1.011791,300,0.6775402,0,0,137.2079,1,0,1,1,19.78473,1.979604,0,1,270,220,0,0,0,1,1.007121,0,1,1,2,10,6.396589,1,1000,5,27.1,14.7,1.06897,13.0663,1.048299,1.048299,1,0,16,0,13.6517,13.6517,1,1,150,0,0,0,127,30,0,0,30,1,-120.7759,
258.5602,1354.585,28.42853,0.03336199,0,92.0878,18.58419,14.29264,97.67806,285.0724,231.5652,0,2,1.862555,286.66,300,0.7,0,0,44.65621,44.65621,1,1,0.9995149,1.011709,300,0.6526893,0,0,137.2079,1,0,1,1,19.81498,1.926839,0,1,270,216,0,0,0,1,1.007168,0,1,1,2,30,6.396589,1,1000,5,27.1,14.7,1.06897,13.06569,1.005961,1.005961,1,0,16,0,13.69404,13.69404,1,1,150,0,0,0,127,30,0,0,30,1,-121.5715,
258.6609,1341.502,29.33264,0,0,92.00419,18.596,14.22488,97.62726,290.2944,223.764,0,2,1.900461,286.45,300,0.7,0,0,44.99339,44.99339,1,1,1.004258,1.011668,300,0.6785201,0,0,137.2079,1,0,1,1,19.667,1.943779,0,1,270,220,0,0,0,1,1.007192,0,1,1,2,30,6.25,1,1000,5,27.1,14.7,1.06897,13.06569,0.9717855,0.9717855,1,0,16,0,13.72822,13.72822,1,1,150,0,0,0,127,30,0,0,30,1,-120.6674,
258.7623,1343.905,28.51894,0.007426695,0,92.07735,18.56647,14.21161,97.68822,283.394,229.2763,0,2,1.84787,286.66,300,0.7,0,0,44.58131,44.58131,1,1,1.005188,1.01177,300,0.6536833,0,0,137.2079,1,0,1,1,19.72575,1.947098,0,1,270,212,0,0,0,1,1.007133,0,1,1,2,30,6.232687,1,1000,5,27.1,14.7,1.06897,13.06416,0.9049644,0.9049644,1,0,16,0,13.79504,13.79504,1,1,150,0,0,0,127,30,0,0,30,1,-121.4811,
258.8626,1340.483,29.38688,0.04043525,0,91.97284,18.53989,14.40619,97.60693,290.5657,224.7749,0,2,1.854334,286.72,300,0.7,0,0,45.01161,45.01161,1,1,0.991567,1.011862,300,0.668494,0,0,137.2079,1,0,1,1,19.6564,1.898969,0,1,270,204,0,0,0,1,1.00708,0,1,1,2,70,6.232687,1,1000,5,27.1,14.7,1.050719,13.06645,0.8478346,0.8478346,1,0,16,0,13.85217,13.85217,1,1,150,0,0,0,127,30,0,0,30,1,-120.6131,
258.9647,1335.411,29.00113,0.007426695,0,92.046,18.57829,14.20062,97.76952,287.8021,231.3935,0,2,1.825061,286.92,300,0.7,0,0,44.74622,44.74622,1,1,1.005957,1.011729,300,0.655793,0,0,137.2079,1,0,1,1,19.63531,1.949845,0,1,270,200,0,0,0,1,1.007157,0,1,1,2,40,6.076975,1,1000,5,27.1,14.7,1.050719,13.06538,0.8274307,0.8274307,1,0,16,0,13.87257,13.87257,1,1,150,0,0,0,127,30,0,0,30,1,-120.9989,
259.0653,1314.233,29.7425,0,0,92.046,18.5901,14.23038,97.73903,280.0031,227.2164,0,2,1.828974,286.58,300,0.7,0,0,44.92487,44.92487,1,1,1.003873,1.011688,300,0.6752309,0,0,137.2079,1,0,1,1,19.43564,1.942405,0,1,270,212,0,0,0,1,1.00718,0,1,1,2,20,5.95632,1,1000,5,27.1,14.7,1.050719,13.06416,0.7595892,0.7595892,1,0,16,0,13.94041,13.94041,1,1,150,0,0,0,127,30,0,0,30,1,-120.2575,
259.1663,1302.309,28.74195,0.04279301,0,91.88923,18.61668,14.17452,97.6171,272.2718,227.8267,0,2,1.801528,286.8,300,0.7,0,0,44.22931,44.22931,1,1,1.007783,1.011596,300,0.6423887,0,0,137.2079,1,0,1,1,19.38643,1.956369,0,1,270,220,0,0,0,1,1.007233,0,1,1,2,40,5.95632,1,1000,5,27.1,14.7,1.050719,13.06676,0.7417364,0.7417364,1,0,16,0,13.95826,13.95826,1,1,150,0,0,0,127,30,0,0,30,1,-121.258,
